timestamp,device_id,device_name,rssi,tx_power,internal_timestamp,time
2020-05-05 16:11:15.748,F395EC26-DDAA-40BE-2E55-A09A0F83E9FC,TestPhone2,-57.0,8.0,610402275.746639,0.0
2020-05-05 16:11:15.748,F395EC26-DDAA-40BE-2E55-A09A0F83E9FC,TestPhone2,-57.0,8.0,610402275.746665,2.5987625122070312e-05
2020-05-05 16:11:15.785,F395EC26-DDAA-40BE-2E55-A09A0F83E9FC,TestPhone2,-63.0,8.0,610402275.782694,0.03605496883392334
2020-05-05 16:11:15.786,F395EC26-DDAA-40BE-2E55-A09A0F83E9FC,TestPhone2,-63.0,8.0,610402275.782709,0.03606998920440674
2020-05-05 16:11:15.816,F395EC26-DDAA-40BE-2E55-A09A0F83E9FC,TestPhone2,-76.0,8.0,610402275.814731,0.0680919885635376
2020-05-05 16:11:15.817,F395EC26-DDAA-40BE-2E55-A09A0F83E9FC,TestPhone2,-77.0,8.0,610402275.814791,0.06815195083618164
2020-05-05 16:11:15.886,F395EC26-DDAA-40BE-2E55-A09A0F83E9FC,TestPhone2,-65.0,8.0,610402275.884502,0.13786303997039795
2020-05-05 16:11:15.887,F395EC26-DDAA-40BE-2E55-A09A0F83E9FC,TestPhone2,-65.0,8.0,610402275.884548,0.137908935546875
2020-05-05 16:11:15.925,F395EC26-DDAA-40BE-2E55-A09A0F83E9FC,TestPhone2,-65.0,8.0,610402275.924057,0.17741799354553223
2020-05-05 16:11:15.926,F395EC26-DDAA-40BE-2E55-A09A0F83E9FC,TestPhone2,-65.0,8.0,610402275.9241,0.17746102809906006
2020-05-05 16:11:15.964,F395EC26-DDAA-40BE-2E55-A09A0F83E9FC,TestPhone2,-67.0,8.0,610402275.96195,0.2153109312057495
2020-05-05 16:11:15.965,F395EC26-DDAA-40BE-2E55-A09A0F83E9FC,TestPhone2,-67.0,8.0,610402275.963723,0.21708393096923828
2020-05-05 16:11:15.997,F395EC26-DDAA-40BE-2E55-A09A0F83E9FC,TestPhone2,-63.0,8.0,610402275.994628,0.24798893928527832
2020-05-05 16:11:15.997,F395EC26-DDAA-40BE-2E55-A09A0F83E9FC,TestPhone2,-63.0,8.0,610402275.9961,0.24946093559265137
2020-05-05 16:11:16.032,F395EC26-DDAA-40BE-2E55-A09A0F83E9FC,TestPhone2,-70.0,8.0,610402276.031511,0.2848719358444214
2020-05-05 16:11:16.071,F395EC26-DDAA-40BE-2E55-A09A0F83E9FC,TestPhone2,-63.0,8.0,610402276.06976,0.32312095165252686
2020-05-05 16:11:16.072,F395EC26-DDAA-40BE-2E55-A09A0F83E9FC,TestPhone2,-64.0,8.0,610402276.069803,0.3231639862060547
2020-05-05 16:11:16.110,F395EC26-DDAA-40BE-2E55-A09A0F83E9FC,TestPhone2,-59.0,8.0,610402276.108362,0.3617229461669922
2020-05-05 16:11:16.110,F395EC26-DDAA-40BE-2E55-A09A0F83E9FC,TestPhone2,-59.0,8.0,610402276.108405,0.36176598072052
2020-05-05 16:11:16.143,F395EC26-DDAA-40BE-2E55-A09A0F83E9FC,TestPhone2,-63.0,8.0,610402276.14187,0.3952310085296631
2020-05-05 16:11:16.144,F395EC26-DDAA-40BE-2E55-A09A0F83E9FC,TestPhone2,-64.0,8.0,610402276.141908,0.3952690362930298
2020-05-05 16:11:16.183,F395EC26-DDAA-40BE-2E55-A09A0F83E9FC,TestPhone2,-62.0,8.0,610402276.181468,0.4348289966583252
2020-05-05 16:11:16.183,F395EC26-DDAA-40BE-2E55-A09A0F83E9FC,TestPhone2,-62.0,8.0,610402276.181504,0.43486499786376953
2020-05-05 16:11:16.248,F395EC26-DDAA-40BE-2E55-A09A0F83E9FC,TestPhone2,-62.0,8.0,610402276.246912,0.5002729892730713
2020-05-05 16:11:16.249,F395EC26-DDAA-40BE-2E55-A09A0F83E9FC,TestPhone2,-62.0,8.0,610402276.246947,0.5003080368041992
2020-05-05 16:11:16.287,F395EC26-DDAA-40BE-2E55-A09A0F83E9FC,TestPhone2,-56.0,8.0,610402276.285839,0.539199948310852
2020-05-05 16:11:16.288,F395EC26-DDAA-40BE-2E55-A09A0F83E9FC,TestPhone2,-56.0,8.0,610402276.285872,0.5392329692840576
2020-05-05 16:11:16.327,F395EC26-DDAA-40BE-2E55-A09A0F83E9FC,TestPhone2,-72.0,8.0,610402276.325912,0.579272985458374
2020-05-05 16:11:16.328,F395EC26-DDAA-40BE-2E55-A09A0F83E9FC,TestPhone2,-72.0,8.0,610402276.325949,0.5793099403381348
2020-05-05 16:11:16.421,F395EC26-DDAA-40BE-2E55-A09A0F83E9FC,TestPhone2,-83.0,8.0,610402276.420133,0.6734939813613892
2020-05-05 16:11:16.422,F395EC26-DDAA-40BE-2E55-A09A0F83E9FC,TestPhone2,-86.0,8.0,610402276.420167,0.6735279560089111
2020-05-05 16:11:16.483,F395EC26-DDAA-40BE-2E55-A09A0F83E9FC,TestPhone2,-55.0,8.0,610402276.481992,0.7353529930114746
2020-05-05 16:11:16.484,F395EC26-DDAA-40BE-2E55-A09A0F83E9FC,TestPhone2,-55.0,8.0,610402276.482025,0.7353860139846802
2020-05-05 16:11:16.521,F395EC26-DDAA-40BE-2E55-A09A0F83E9FC,TestPhone2,-59.0,8.0,610402276.520188,0.77354896068573
2020-05-05 16:11:16.522,F395EC26-DDAA-40BE-2E55-A09A0F83E9FC,TestPhone2,-59.0,8.0,610402276.520222,0.773582935333252
2020-05-05 16:11:16.555,F395EC26-DDAA-40BE-2E55-A09A0F83E9FC,TestPhone2,-72.0,8.0,610402276.553793,0.8071539402008057
2020-05-05 16:11:16.556,F395EC26-DDAA-40BE-2E55-A09A0F83E9FC,TestPhone2,-72.0,8.0,610402276.55383,0.807191014289856
2020-05-05 16:11:16.590,F395EC26-DDAA-40BE-2E55-A09A0F83E9FC,TestPhone2,-57.0,8.0,610402276.588913,0.8422739505767822
2020-05-05 16:11:16.592,F395EC26-DDAA-40BE-2E55-A09A0F83E9FC,TestPhone2,-57.0,8.0,610402276.59082,0.8441809415817261
2020-05-05 16:11:16.623,F395EC26-DDAA-40BE-2E55-A09A0F83E9FC,TestPhone2,-62.0,8.0,610402276.621585,0.8749459981918335
2020-05-05 16:11:16.624,F395EC26-DDAA-40BE-2E55-A09A0F83E9FC,TestPhone2,-62.0,8.0,610402276.621621,0.8749819993972778
2020-05-05 16:11:16.724,F395EC26-DDAA-40BE-2E55-A09A0F83E9FC,TestPhone2,-56.0,8.0,610402276.722531,0.9758919477462769
2020-05-05 16:11:16.725,F395EC26-DDAA-40BE-2E55-A09A0F83E9FC,TestPhone2,-56.0,8.0,610402276.722543,0.9759039878845215
2020-05-05 16:11:16.756,F395EC26-DDAA-40BE-2E55-A09A0F83E9FC,TestPhone2,-61.0,8.0,610402276.754847,1.0082080364227295
2020-05-05 16:11:16.757,F395EC26-DDAA-40BE-2E55-A09A0F83E9FC,TestPhone2,-62.0,8.0,610402276.754887,1.008247971534729
2020-05-05 16:11:16.791,F395EC26-DDAA-40BE-2E55-A09A0F83E9FC,TestPhone2,-87.0,8.0,610402276.790204,1.043565034866333
2020-05-05 16:11:16.792,F395EC26-DDAA-40BE-2E55-A09A0F83E9FC,TestPhone2,-84.0,8.0,610402276.790238,1.043599009513855
2020-05-05 16:11:16.861,F395EC26-DDAA-40BE-2E55-A09A0F83E9FC,TestPhone2,-62.0,8.0,610402276.860237,1.1135979890823364
2020-05-05 16:11:16.862,F395EC26-DDAA-40BE-2E55-A09A0F83E9FC,TestPhone2,-63.0,8.0,610402276.860273,1.1136339902877808
2020-05-05 16:11:16.901,F395EC26-DDAA-40BE-2E55-A09A0F83E9FC,TestPhone2,-72.0,8.0,610402276.899834,1.1531950235366821
2020-05-05 16:11:16.902,F395EC26-DDAA-40BE-2E55-A09A0F83E9FC,TestPhone2,-72.0,8.0,610402276.899868,1.153228998184204
2020-05-05 16:11:16.964,F395EC26-DDAA-40BE-2E55-A09A0F83E9FC,TestPhone2,-55.0,8.0,610402276.963034,1.2163950204849243
2020-05-05 16:11:16.965,F395EC26-DDAA-40BE-2E55-A09A0F83E9FC,TestPhone2,-55.0,8.0,610402276.963069,1.2164299488067627
2020-05-05 16:11:17.025,F395EC26-DDAA-40BE-2E55-A09A0F83E9FC,TestPhone2,-69.0,8.0,610402277.024219,1.2775800228118896
2020-05-05 16:11:17.027,F395EC26-DDAA-40BE-2E55-A09A0F83E9FC,TestPhone2,-69.0,8.0,610402277.025948,1.2793090343475342
2020-05-05 16:11:17.058,F395EC26-DDAA-40BE-2E55-A09A0F83E9FC,TestPhone2,-54.0,8.0,610402277.057034,1.3103950023651123
2020-05-05 16:11:17.059,F395EC26-DDAA-40BE-2E55-A09A0F83E9FC,TestPhone2,-55.0,8.0,610402277.057068,1.3104289770126343
2020-05-05 16:11:17.099,F395EC26-DDAA-40BE-2E55-A09A0F83E9FC,TestPhone2,-60.0,8.0,610402277.098084,1.351444959640503
2020-05-05 16:11:17.100,F395EC26-DDAA-40BE-2E55-A09A0F83E9FC,TestPhone2,-60.0,8.0,610402277.098122,1.3514829874038696
2020-05-05 16:11:17.135,F395EC26-DDAA-40BE-2E55-A09A0F83E9FC,TestPhone2,-62.0,8.0,610402277.134354,1.3877149820327759
2020-05-05 16:11:17.136,F395EC26-DDAA-40BE-2E55-A09A0F83E9FC,TestPhone2,-62.0,8.0,610402277.134391,1.3877519369125366
2020-05-05 16:11:17.207,F395EC26-DDAA-40BE-2E55-A09A0F83E9FC,TestPhone2,-56.0,8.0,610402277.205736,1.4590970277786255
2020-05-05 16:11:17.208,F395EC26-DDAA-40BE-2E55-A09A0F83E9FC,TestPhone2,-57.0,8.0,610402277.205772,1.4591330289840698
2020-05-05 16:11:17.241,F395EC26-DDAA-40BE-2E55-A09A0F83E9FC,TestPhone2,-59.0,8.0,610402277.239511,1.4928719997406006
2020-05-05 16:11:17.322,F395EC26-DDAA-40BE-2E55-A09A0F83E9FC,TestPhone2,-59.0,8.0,610402277.32077,1.5741310119628906
2020-05-05 16:11:17.323,F395EC26-DDAA-40BE-2E55-A09A0F83E9FC,TestPhone2,-58.0,8.0,610402277.320807,1.5741679668426514
2020-05-05 16:11:17.403,F395EC26-DDAA-40BE-2E55-A09A0F83E9FC,TestPhone2,-60.0,8.0,610402277.402061,1.6554219722747803
2020-05-05 16:11:17.432,F395EC26-DDAA-40BE-2E55-A09A0F83E9FC,TestPhone2,-57.0,8.0,610402277.430682,1.6840429306030273
2020-05-05 16:11:17.432,F395EC26-DDAA-40BE-2E55-A09A0F83E9FC,TestPhone2,-57.0,8.0,610402277.430722,1.6840829849243164
2020-05-05 16:11:17.463,F395EC26-DDAA-40BE-2E55-A09A0F83E9FC,TestPhone2,-56.0,8.0,610402277.462446,1.7158069610595703
2020-05-05 16:11:17.505,F395EC26-DDAA-40BE-2E55-A09A0F83E9FC,TestPhone2,-63.0,8.0,610402277.503813,1.757174015045166
2020-05-05 16:11:17.506,F395EC26-DDAA-40BE-2E55-A09A0F83E9FC,TestPhone2,-61.0,8.0,610402277.503849,1.7572100162506104
2020-05-05 16:11:17.644,F395EC26-DDAA-40BE-2E55-A09A0F83E9FC,TestPhone2,-60.0,8.0,610402277.642553,1.8959139585494995
2020-05-05 16:11:17.644,F395EC26-DDAA-40BE-2E55-A09A0F83E9FC,TestPhone2,-60.0,8.0,610402277.642589,1.8959499597549438
2020-05-05 16:11:17.681,F395EC26-DDAA-40BE-2E55-A09A0F83E9FC,TestPhone2,-55.0,8.0,610402277.679648,1.9330090284347534
2020-05-05 16:11:17.681,F395EC26-DDAA-40BE-2E55-A09A0F83E9FC,TestPhone2,-55.0,8.0,610402277.679686,1.9330469369888306
2020-05-05 16:11:17.716,F395EC26-DDAA-40BE-2E55-A09A0F83E9FC,TestPhone2,-55.0,8.0,610402277.715285,1.9686459302902222
2020-05-05 16:11:17.717,F395EC26-DDAA-40BE-2E55-A09A0F83E9FC,TestPhone2,-55.0,8.0,610402277.715323,1.9686839580535889
2020-05-05 16:11:17.752,F395EC26-DDAA-40BE-2E55-A09A0F83E9FC,TestPhone2,-62.0,8.0,610402277.751153,2.00451397895813
2020-05-05 16:11:17.753,F395EC26-DDAA-40BE-2E55-A09A0F83E9FC,TestPhone2,-62.0,8.0,610402277.751187,2.004547953605652
2020-05-05 16:11:17.785,F395EC26-DDAA-40BE-2E55-A09A0F83E9FC,TestPhone2,-54.0,8.0,610402277.783886,2.0372469425201416
2020-05-05 16:11:17.786,F395EC26-DDAA-40BE-2E55-A09A0F83E9FC,TestPhone2,-54.0,8.0,610402277.784064,2.0374250411987305
2020-05-05 16:11:17.935,F395EC26-DDAA-40BE-2E55-A09A0F83E9FC,TestPhone2,-54.0,8.0,610402277.934087,2.187448024749756
2020-05-05 16:11:17.936,F395EC26-DDAA-40BE-2E55-A09A0F83E9FC,TestPhone2,-54.0,8.0,610402277.934122,2.1874829530715942
2020-05-05 16:11:17.969,F395EC26-DDAA-40BE-2E55-A09A0F83E9FC,TestPhone2,-54.0,8.0,610402277.968062,2.221423029899597
2020-05-05 16:11:17.970,F395EC26-DDAA-40BE-2E55-A09A0F83E9FC,TestPhone2,-54.0,8.0,610402277.968094,2.2214549779891968
2020-05-05 16:11:18.005,F395EC26-DDAA-40BE-2E55-A09A0F83E9FC,TestPhone2,-60.0,8.0,610402278.003897,2.2572579383850098
2020-05-05 16:11:18.006,F395EC26-DDAA-40BE-2E55-A09A0F83E9FC,TestPhone2,-60.0,8.0,610402278.003933,2.257293939590454
2020-05-05 16:11:18.037,F395EC26-DDAA-40BE-2E55-A09A0F83E9FC,TestPhone2,-53.0,8.0,610402278.035803,2.2891639471054077
2020-05-05 16:11:18.038,F395EC26-DDAA-40BE-2E55-A09A0F83E9FC,TestPhone2,-54.0,8.0,610402278.035838,2.2891989946365356
2020-05-05 16:11:18.072,F395EC26-DDAA-40BE-2E55-A09A0F83E9FC,TestPhone2,-54.0,8.0,610402278.071297,2.3246580362319946
2020-05-05 16:11:18.073,F395EC26-DDAA-40BE-2E55-A09A0F83E9FC,TestPhone2,-54.0,8.0,610402278.071329,2.3246899843215942
2020-05-05 16:11:18.150,F395EC26-DDAA-40BE-2E55-A09A0F83E9FC,TestPhone2,-51.0,8.0,610402278.149505,2.402866005897522
2020-05-05 16:11:18.151,F395EC26-DDAA-40BE-2E55-A09A0F83E9FC,TestPhone2,-52.0,8.0,610402278.149538,2.4028990268707275
2020-05-05 16:11:18.267,F395EC26-DDAA-40BE-2E55-A09A0F83E9FC,TestPhone2,-51.0,8.0,610402278.265764,2.519124984741211
2020-05-05 16:11:18.268,F395EC26-DDAA-40BE-2E55-A09A0F83E9FC,TestPhone2,-52.0,8.0,610402278.265801,2.5191619396209717
2020-05-05 16:11:18.300,F395EC26-DDAA-40BE-2E55-A09A0F83E9FC,TestPhone2,-55.0,8.0,610402278.298962,2.5523229837417603
2020-05-05 16:11:18.301,F395EC26-DDAA-40BE-2E55-A09A0F83E9FC,TestPhone2,-55.0,8.0,610402278.298996,2.5523569583892822
2020-05-05 16:11:18.401,F395EC26-DDAA-40BE-2E55-A09A0F83E9FC,TestPhone2,-51.0,8.0,610402278.400017,2.6533780097961426
2020-05-05 16:11:18.402,F395EC26-DDAA-40BE-2E55-A09A0F83E9FC,TestPhone2,-51.0,8.0,610402278.40005,2.653411030769348
2020-05-05 16:11:18.432,F395EC26-DDAA-40BE-2E55-A09A0F83E9FC,TestPhone2,-55.0,8.0,610402278.431481,2.6848419904708862
2020-05-05 16:11:18.433,F395EC26-DDAA-40BE-2E55-A09A0F83E9FC,TestPhone2,-54.0,8.0,610402278.431528,2.6848889589309692
2020-05-05 16:11:18.465,F395EC26-DDAA-40BE-2E55-A09A0F83E9FC,TestPhone2,-62.0,8.0,610402278.463841,2.7172019481658936
2020-05-05 16:11:18.466,F395EC26-DDAA-40BE-2E55-A09A0F83E9FC,TestPhone2,-62.0,8.0,610402278.463877,2.717237949371338
2020-05-05 16:11:18.536,F395EC26-DDAA-40BE-2E55-A09A0F83E9FC,TestPhone2,-55.0,8.0,610402278.535366,2.788727045059204
2020-05-05 16:11:18.537,F395EC26-DDAA-40BE-2E55-A09A0F83E9FC,TestPhone2,-55.0,8.0,610402278.535405,2.788766026496887
2020-05-05 16:11:18.600,F395EC26-DDAA-40BE-2E55-A09A0F83E9FC,TestPhone2,-61.0,8.0,610402278.599314,2.852674961090088
2020-05-05 16:11:18.601,F395EC26-DDAA-40BE-2E55-A09A0F83E9FC,TestPhone2,-61.0,8.0,610402278.599347,2.8527079820632935
2020-05-05 16:11:18.639,F395EC26-DDAA-40BE-2E55-A09A0F83E9FC,TestPhone2,-51.0,8.0,610402278.637807,2.891167998313904
2020-05-05 16:11:18.640,F395EC26-DDAA-40BE-2E55-A09A0F83E9FC,TestPhone2,-51.0,8.0,610402278.637843,2.891203999519348
2020-05-05 16:11:18.674,F395EC26-DDAA-40BE-2E55-A09A0F83E9FC,TestPhone2,-56.0,8.0,610402278.672663,2.9260239601135254
2020-05-05 16:11:18.674,F395EC26-DDAA-40BE-2E55-A09A0F83E9FC,TestPhone2,-56.0,8.0,610402278.672696,2.926056981086731
2020-05-05 16:11:18.710,F395EC26-DDAA-40BE-2E55-A09A0F83E9FC,TestPhone2,-61.0,8.0,610402278.708605,2.961966037750244
2020-05-05 16:11:18.710,F395EC26-DDAA-40BE-2E55-A09A0F83E9FC,TestPhone2,-61.0,8.0,610402278.708644,2.9620050191879272
2020-05-05 16:11:18.821,F395EC26-DDAA-40BE-2E55-A09A0F83E9FC,TestPhone2,-65.0,8.0,610402278.820223,3.073583960533142
2020-05-05 16:11:18.823,F395EC26-DDAA-40BE-2E55-A09A0F83E9FC,TestPhone2,-65.0,8.0,610402278.822463,3.075824022293091
2020-05-05 16:11:18.859,F395EC26-DDAA-40BE-2E55-A09A0F83E9FC,TestPhone2,-52.0,8.0,610402278.857593,3.1109540462493896
2020-05-05 16:11:18.860,F395EC26-DDAA-40BE-2E55-A09A0F83E9FC,TestPhone2,-52.0,8.0,610402278.859363,3.11272394657135
2020-05-05 16:11:18.964,F395EC26-DDAA-40BE-2E55-A09A0F83E9FC,TestPhone2,-63.0,8.0,610402278.962598,3.2159589529037476
2020-05-05 16:11:18.965,F395EC26-DDAA-40BE-2E55-A09A0F83E9FC,TestPhone2,-63.0,8.0,610402278.962636,3.2159969806671143
2020-05-05 16:11:18.994,F395EC26-DDAA-40BE-2E55-A09A0F83E9FC,TestPhone2,-53.0,8.0,610402278.992823,3.24618399143219
2020-05-05 16:11:18.995,F395EC26-DDAA-40BE-2E55-A09A0F83E9FC,TestPhone2,-53.0,8.0,610402278.992858,3.246219038963318
2020-05-05 16:11:19.030,F395EC26-DDAA-40BE-2E55-A09A0F83E9FC,TestPhone2,-54.0,8.0,610402279.028664,3.2820249795913696
2020-05-05 16:11:19.031,F395EC26-DDAA-40BE-2E55-A09A0F83E9FC,TestPhone2,-54.0,8.0,610402279.0303,3.2836610078811646
2020-05-05 16:11:19.099,F395EC26-DDAA-40BE-2E55-A09A0F83E9FC,TestPhone2,-53.0,8.0,610402279.098213,3.351573944091797
2020-05-05 16:11:19.100,F395EC26-DDAA-40BE-2E55-A09A0F83E9FC,TestPhone2,-53.0,8.0,610402279.098248,3.351608991622925
2020-05-05 16:11:19.200,F395EC26-DDAA-40BE-2E55-A09A0F83E9FC,TestPhone2,-60.0,8.0,610402279.198549,3.4519100189208984
2020-05-05 16:11:19.201,F395EC26-DDAA-40BE-2E55-A09A0F83E9FC,TestPhone2,-60.0,8.0,610402279.198585,3.4519460201263428
2020-05-05 16:11:19.229,F395EC26-DDAA-40BE-2E55-A09A0F83E9FC,TestPhone2,-55.0,8.0,610402279.228348,3.4817090034484863
2020-05-05 16:11:19.230,F395EC26-DDAA-40BE-2E55-A09A0F83E9FC,TestPhone2,-55.0,8.0,610402279.228405,3.4817659854888916
2020-05-05 16:11:19.330,F395EC26-DDAA-40BE-2E55-A09A0F83E9FC,TestPhone2,-60.0,8.0,610402279.329078,3.5824389457702637
2020-05-05 16:11:19.331,F395EC26-DDAA-40BE-2E55-A09A0F83E9FC,TestPhone2,-60.0,8.0,610402279.329111,3.5824719667434692
2020-05-05 16:11:19.435,F395EC26-DDAA-40BE-2E55-A09A0F83E9FC,TestPhone2,-64.0,8.0,610402279.433461,3.686821937561035
2020-05-05 16:11:19.435,F395EC26-DDAA-40BE-2E55-A09A0F83E9FC,TestPhone2,-64.0,8.0,610402279.433495,3.6868560314178467
2020-05-05 16:11:19.472,F395EC26-DDAA-40BE-2E55-A09A0F83E9FC,TestPhone2,-55.0,8.0,610402279.470713,3.7240740060806274
2020-05-05 16:11:19.472,F395EC26-DDAA-40BE-2E55-A09A0F83E9FC,TestPhone2,-56.0,8.0,610402279.470747,3.7241079807281494
2020-05-05 16:11:19.572,F395EC26-DDAA-40BE-2E55-A09A0F83E9FC,TestPhone2,-55.0,8.0,610402279.570749,3.8241100311279297
2020-05-05 16:11:19.573,F395EC26-DDAA-40BE-2E55-A09A0F83E9FC,TestPhone2,-55.0,8.0,610402279.570785,3.824146032333374
2020-05-05 16:11:19.606,F395EC26-DDAA-40BE-2E55-A09A0F83E9FC,TestPhone2,-57.0,8.0,610402279.605286,3.8586469888687134
2020-05-05 16:11:19.607,F395EC26-DDAA-40BE-2E55-A09A0F83E9FC,TestPhone2,-57.0,8.0,610402279.605318,3.858678936958313
2020-05-05 16:11:19.642,F395EC26-DDAA-40BE-2E55-A09A0F83E9FC,TestPhone2,-64.0,8.0,610402279.640685,3.8940459489822388
2020-05-05 16:11:19.642,F395EC26-DDAA-40BE-2E55-A09A0F83E9FC,TestPhone2,-64.0,8.0,610402279.640719,3.8940800428390503
2020-05-05 16:11:19.716,F395EC26-DDAA-40BE-2E55-A09A0F83E9FC,TestPhone2,-57.0,8.0,610402279.715329,3.968690037727356
2020-05-05 16:11:19.717,F395EC26-DDAA-40BE-2E55-A09A0F83E9FC,TestPhone2,-57.0,8.0,610402279.715364,3.9687249660491943
2020-05-05 16:11:19.845,F395EC26-DDAA-40BE-2E55-A09A0F83E9FC,TestPhone2,-59.0,8.0,610402279.844338,4.097699046134949
2020-05-05 16:11:19.846,F395EC26-DDAA-40BE-2E55-A09A0F83E9FC,TestPhone2,-59.0,8.0,610402279.844376,4.097736954689026
2020-05-05 16:11:19.881,F395EC26-DDAA-40BE-2E55-A09A0F83E9FC,TestPhone2,-63.0,8.0,610402279.880096,4.1334569454193115
2020-05-05 16:11:19.882,F395EC26-DDAA-40BE-2E55-A09A0F83E9FC,TestPhone2,-63.0,8.0,610402279.880132,4.133492946624756
2020-05-05 16:11:20.010,F395EC26-DDAA-40BE-2E55-A09A0F83E9FC,TestPhone2,-60.0,8.0,610402280.008794,4.262154936790466
2020-05-05 16:11:20.011,F395EC26-DDAA-40BE-2E55-A09A0F83E9FC,TestPhone2,-60.0,8.0,610402280.008829,4.262189984321594
2020-05-05 16:11:20.048,F395EC26-DDAA-40BE-2E55-A09A0F83E9FC,TestPhone2,-51.0,8.0,610402280.046976,4.300336956977844
2020-05-05 16:11:20.049,F395EC26-DDAA-40BE-2E55-A09A0F83E9FC,TestPhone2,-51.0,8.0,610402280.047014,4.300374984741211
2020-05-05 16:11:20.079,F395EC26-DDAA-40BE-2E55-A09A0F83E9FC,TestPhone2,-61.0,8.0,610402280.077707,4.33106803894043
2020-05-05 16:11:20.079,F395EC26-DDAA-40BE-2E55-A09A0F83E9FC,TestPhone2,-61.0,8.0,610402280.07774,4.331100940704346
2020-05-05 16:11:20.120,F395EC26-DDAA-40BE-2E55-A09A0F83E9FC,TestPhone2,-60.0,8.0,610402280.118586,4.371946930885315
2020-05-05 16:11:20.120,F395EC26-DDAA-40BE-2E55-A09A0F83E9FC,TestPhone2,-60.0,8.0,610402280.118624,4.371984958648682
2020-05-05 16:11:20.153,F395EC26-DDAA-40BE-2E55-A09A0F83E9FC,TestPhone2,-50.0,8.0,610402280.151927,4.405287981033325
2020-05-05 16:11:20.154,F395EC26-DDAA-40BE-2E55-A09A0F83E9FC,TestPhone2,-50.0,8.0,610402280.151961,4.405321955680847
2020-05-05 16:11:20.336,F395EC26-DDAA-40BE-2E55-A09A0F83E9FC,TestPhone2,-59.0,8.0,610402280.335438,4.588798999786377
2020-05-05 16:11:20.337,F395EC26-DDAA-40BE-2E55-A09A0F83E9FC,TestPhone2,-59.0,8.0,610402280.335475,4.588835954666138
2020-05-05 16:11:20.370,F395EC26-DDAA-40BE-2E55-A09A0F83E9FC,TestPhone2,-62.0,8.0,610402280.36813,4.621490955352783
2020-05-05 16:11:20.371,F395EC26-DDAA-40BE-2E55-A09A0F83E9FC,TestPhone2,-62.0,8.0,610402280.368142,4.621502995491028
2020-05-05 16:11:20.408,F395EC26-DDAA-40BE-2E55-A09A0F83E9FC,TestPhone2,-51.0,8.0,610402280.406928,4.66028892993927
2020-05-05 16:11:20.476,F395EC26-DDAA-40BE-2E55-A09A0F83E9FC,TestPhone2,-61.0,8.0,610402280.474926,4.728286981582642
2020-05-05 16:11:20.477,F395EC26-DDAA-40BE-2E55-A09A0F83E9FC,TestPhone2,-61.0,8.0,610402280.474958,4.728318929672241
2020-05-05 16:11:20.513,F395EC26-DDAA-40BE-2E55-A09A0F83E9FC,TestPhone2,-52.0,8.0,610402280.511595,4.764955997467041
2020-05-05 16:11:20.513,F395EC26-DDAA-40BE-2E55-A09A0F83E9FC,TestPhone2,-52.0,8.0,610402280.511627,4.764987945556641
2020-05-05 16:11:20.623,F395EC26-DDAA-40BE-2E55-A09A0F83E9FC,TestPhone2,-60.0,8.0,610402280.621769,4.87512993812561
2020-05-05 16:11:20.624,F395EC26-DDAA-40BE-2E55-A09A0F83E9FC,TestPhone2,-60.0,8.0,610402280.621802,4.875162959098816
2020-05-05 16:11:20.652,F395EC26-DDAA-40BE-2E55-A09A0F83E9FC,TestPhone2,-51.0,8.0,610402280.650049,4.903409957885742
2020-05-05 16:11:20.653,F395EC26-DDAA-40BE-2E55-A09A0F83E9FC,TestPhone2,-52.0,8.0,610402280.652255,4.905616044998169
2020-05-05 16:11:20.686,F395EC26-DDAA-40BE-2E55-A09A0F83E9FC,TestPhone2,-57.0,8.0,610402280.684164,4.937525033950806
2020-05-05 16:11:20.687,F395EC26-DDAA-40BE-2E55-A09A0F83E9FC,TestPhone2,-58.0,8.0,610402280.684199,4.937559962272644
2020-05-05 16:11:20.727,F395EC26-DDAA-40BE-2E55-A09A0F83E9FC,TestPhone2,-62.0,8.0,610402280.726299,4.9796600341796875
2020-05-05 16:11:20.728,F395EC26-DDAA-40BE-2E55-A09A0F83E9FC,TestPhone2,-61.0,8.0,610402280.726337,4.979697942733765
2020-05-05 16:11:20.793,F395EC26-DDAA-40BE-2E55-A09A0F83E9FC,TestPhone2,-57.0,8.0,610402280.791726,5.045086979866028
2020-05-05 16:11:20.794,F395EC26-DDAA-40BE-2E55-A09A0F83E9FC,TestPhone2,-58.0,8.0,610402280.791759,5.045120000839233
2020-05-05 16:11:20.922,F395EC26-DDAA-40BE-2E55-A09A0F83E9FC,TestPhone2,-57.0,8.0,610402280.920825,5.1741859912872314
2020-05-05 16:11:20.923,F395EC26-DDAA-40BE-2E55-A09A0F83E9FC,TestPhone2,-57.0,8.0,610402280.920858,5.174219012260437
2020-05-05 16:11:20.962,F395EC26-DDAA-40BE-2E55-A09A0F83E9FC,TestPhone2,-60.0,8.0,610402280.960893,5.214254021644592
2020-05-05 16:11:20.963,F395EC26-DDAA-40BE-2E55-A09A0F83E9FC,TestPhone2,-60.0,8.0,610402280.960929,5.214290022850037
2020-05-05 16:11:20.993,F395EC26-DDAA-40BE-2E55-A09A0F83E9FC,TestPhone2,-55.0,8.0,610402280.990921,5.244282007217407
2020-05-05 16:11:20.993,F395EC26-DDAA-40BE-2E55-A09A0F83E9FC,TestPhone2,-55.0,8.0,610402280.990934,5.244295001029968
2020-05-05 16:11:21.033,F395EC26-DDAA-40BE-2E55-A09A0F83E9FC,TestPhone2,-57.0,8.0,610402281.031508,5.284868955612183
2020-05-05 16:11:21.033,F395EC26-DDAA-40BE-2E55-A09A0F83E9FC,TestPhone2,-57.0,8.0,610402281.031546,5.284906983375549
2020-05-05 16:11:21.211,F395EC26-DDAA-40BE-2E55-A09A0F83E9FC,TestPhone2,-61.0,8.0,610402281.20969,5.463050961494446
2020-05-05 16:11:21.212,F395EC26-DDAA-40BE-2E55-A09A0F83E9FC,TestPhone2,-61.0,8.0,610402281.209744,5.463104963302612
2020-05-05 16:11:21.242,F395EC26-DDAA-40BE-2E55-A09A0F83E9FC,TestPhone2,-56.0,8.0,610402281.240831,5.494192004203796
2020-05-05 16:11:21.243,F395EC26-DDAA-40BE-2E55-A09A0F83E9FC,TestPhone2,-56.0,8.0,610402281.240866,5.494226932525635
2020-05-05 16:11:21.276,F395EC26-DDAA-40BE-2E55-A09A0F83E9FC,TestPhone2,-58.0,8.0,610402281.275189,5.528550028800964
2020-05-05 16:11:21.277,F395EC26-DDAA-40BE-2E55-A09A0F83E9FC,TestPhone2,-58.0,8.0,610402281.275222,5.52858293056488
2020-05-05 16:11:21.526,F395EC26-DDAA-40BE-2E55-A09A0F83E9FC,TestPhone2,-58.0,8.0,610402281.524978,5.7783390283584595
2020-05-05 16:11:21.527,F395EC26-DDAA-40BE-2E55-A09A0F83E9FC,TestPhone2,-58.0,8.0,610402281.525012,5.7783730030059814
2020-05-05 16:11:21.559,F395EC26-DDAA-40BE-2E55-A09A0F83E9FC,TestPhone2,-62.0,8.0,610402281.558456,5.811816930770874
2020-05-05 16:11:21.597,F395EC26-DDAA-40BE-2E55-A09A0F83E9FC,TestPhone2,-57.0,8.0,610402281.595745,5.849105954170227
2020-05-05 16:11:21.598,F395EC26-DDAA-40BE-2E55-A09A0F83E9FC,TestPhone2,-57.0,8.0,610402281.595779,5.849139928817749
2020-05-05 16:11:21.663,F395EC26-DDAA-40BE-2E55-A09A0F83E9FC,TestPhone2,-58.0,8.0,610402281.661482,5.914842963218689
2020-05-05 16:11:21.663,F395EC26-DDAA-40BE-2E55-A09A0F83E9FC,TestPhone2,-58.0,8.0,610402281.661516,5.914876937866211
2020-05-05 16:11:21.702,F395EC26-DDAA-40BE-2E55-A09A0F83E9FC,TestPhone2,-62.0,8.0,610402281.70103,5.954391002655029
2020-05-05 16:11:21.738,F395EC26-DDAA-40BE-2E55-A09A0F83E9FC,TestPhone2,-56.0,8.0,610402281.73713,5.990491032600403
2020-05-05 16:11:21.739,F395EC26-DDAA-40BE-2E55-A09A0F83E9FC,TestPhone2,-56.0,8.0,610402281.737165,5.990525960922241
2020-05-05 16:11:21.811,F395EC26-DDAA-40BE-2E55-A09A0F83E9FC,TestPhone2,-62.0,8.0,610402281.809914,6.06327497959137
2020-05-05 16:11:21.847,F395EC26-DDAA-40BE-2E55-A09A0F83E9FC,TestPhone2,-56.0,8.0,610402281.845768,6.09912896156311
2020-05-05 16:11:21.848,F395EC26-DDAA-40BE-2E55-A09A0F83E9FC,TestPhone2,-57.0,8.0,610402281.8458,6.0991610288619995
2020-05-05 16:11:21.888,F395EC26-DDAA-40BE-2E55-A09A0F83E9FC,TestPhone2,-58.0,8.0,610402281.886484,6.139845013618469
2020-05-05 16:11:21.888,F395EC26-DDAA-40BE-2E55-A09A0F83E9FC,TestPhone2,-58.0,8.0,610402281.886516,6.139876961708069
2020-05-05 16:11:21.921,F395EC26-DDAA-40BE-2E55-A09A0F83E9FC,TestPhone2,-62.0,8.0,610402281.920246,6.173606991767883
2020-05-05 16:11:21.923,F395EC26-DDAA-40BE-2E55-A09A0F83E9FC,TestPhone2,-62.0,8.0,610402281.922172,6.175532937049866
2020-05-05 16:11:21.959,F395EC26-DDAA-40BE-2E55-A09A0F83E9FC,TestPhone2,-56.0,8.0,610402281.957884,6.2112449407577515
2020-05-05 16:11:21.960,F395EC26-DDAA-40BE-2E55-A09A0F83E9FC,TestPhone2,-56.0,8.0,610402281.957924,6.2112849950790405
2020-05-05 16:11:21.995,F395EC26-DDAA-40BE-2E55-A09A0F83E9FC,TestPhone2,-58.0,8.0,610402281.993911,6.24727201461792
2020-05-05 16:11:21.996,F395EC26-DDAA-40BE-2E55-A09A0F83E9FC,TestPhone2,-58.0,8.0,610402281.994895,6.248255968093872
2020-05-05 16:11:22.033,F395EC26-DDAA-40BE-2E55-A09A0F83E9FC,TestPhone2,-62.0,8.0,610402282.032171,6.285531997680664
2020-05-05 16:11:22.070,F395EC26-DDAA-40BE-2E55-A09A0F83E9FC,TestPhone2,-57.0,8.0,610402282.069617,6.3229780197143555
2020-05-05 16:11:22.141,F395EC26-DDAA-40BE-2E55-A09A0F83E9FC,TestPhone2,-58.0,8.0,610402282.140102,6.3934630155563354
2020-05-05 16:11:22.142,F395EC26-DDAA-40BE-2E55-A09A0F83E9FC,TestPhone2,-58.0,8.0,610402282.140137,6.393497943878174
2020-05-05 16:11:22.174,F395EC26-DDAA-40BE-2E55-A09A0F83E9FC,TestPhone2,-62.0,8.0,610402282.173186,6.426546931266785
2020-05-05 16:11:22.175,F395EC26-DDAA-40BE-2E55-A09A0F83E9FC,TestPhone2,-62.0,8.0,610402282.173227,6.42658793926239
2020-05-05 16:11:22.202,F395EC26-DDAA-40BE-2E55-A09A0F83E9FC,TestPhone2,-56.0,8.0,610402282.200781,6.454141974449158
2020-05-05 16:11:22.296,F395EC26-DDAA-40BE-2E55-A09A0F83E9FC,TestPhone2,-60.0,8.0,610402282.294887,6.548247933387756
2020-05-05 16:11:22.297,F395EC26-DDAA-40BE-2E55-A09A0F83E9FC,TestPhone2,-60.0,8.0,610402282.294927,6.548287987709045
2020-05-05 16:11:22.327,F395EC26-DDAA-40BE-2E55-A09A0F83E9FC,TestPhone2,-55.0,8.0,610402282.325843,6.579203963279724
2020-05-05 16:11:22.328,F395EC26-DDAA-40BE-2E55-A09A0F83E9FC,TestPhone2,-55.0,8.0,610402282.325881,6.579241991043091
2020-05-05 16:11:22.393,F395EC26-DDAA-40BE-2E55-A09A0F83E9FC,TestPhone2,-60.0,8.0,610402282.39179,6.6451510190963745
2020-05-05 16:11:22.394,F395EC26-DDAA-40BE-2E55-A09A0F83E9FC,TestPhone2,-60.0,8.0,610402282.391826,6.645187020301819
2020-05-05 16:11:22.430,F395EC26-DDAA-40BE-2E55-A09A0F83E9FC,TestPhone2,-56.0,8.0,610402282.428446,6.681807041168213
2020-05-05 16:11:22.540,F395EC26-DDAA-40BE-2E55-A09A0F83E9FC,TestPhone2,-58.0,8.0,610402282.538607,6.791967988014221
2020-05-05 16:11:22.540,F395EC26-DDAA-40BE-2E55-A09A0F83E9FC,TestPhone2,-58.0,8.0,610402282.538643,6.7920039892196655
2020-05-05 16:11:22.568,F395EC26-DDAA-40BE-2E55-A09A0F83E9FC,TestPhone2,-55.0,8.0,610402282.566996,6.820356965065002
2020-05-05 16:11:22.604,F395EC26-DDAA-40BE-2E55-A09A0F83E9FC,TestPhone2,-59.0,8.0,610402282.603333,6.856693983078003
2020-05-05 16:11:22.605,F395EC26-DDAA-40BE-2E55-A09A0F83E9FC,TestPhone2,-59.0,8.0,610402282.60439,6.85775101184845
2020-05-05 16:11:22.638,F395EC26-DDAA-40BE-2E55-A09A0F83E9FC,TestPhone2,-59.0,8.0,610402282.637251,6.890612006187439
2020-05-05 16:11:22.714,F395EC26-DDAA-40BE-2E55-A09A0F83E9FC,TestPhone2,-59.0,8.0,610402282.712901,6.966261982917786
2020-05-05 16:11:22.715,F395EC26-DDAA-40BE-2E55-A09A0F83E9FC,TestPhone2,-59.0,8.0,610402282.712937,6.96629798412323
2020-05-05 16:11:22.750,F395EC26-DDAA-40BE-2E55-A09A0F83E9FC,TestPhone2,-58.0,8.0,610402282.749745,7.003105998039246
2020-05-05 16:11:22.751,F395EC26-DDAA-40BE-2E55-A09A0F83E9FC,TestPhone2,-58.0,8.0,610402282.749777,7.003137946128845
2020-05-05 16:11:22.814,F395EC26-DDAA-40BE-2E55-A09A0F83E9FC,TestPhone2,-53.0,8.0,610402282.813294,7.0666550397872925
2020-05-05 16:11:22.815,F395EC26-DDAA-40BE-2E55-A09A0F83E9FC,TestPhone2,-53.0,8.0,610402282.813327,7.0666879415512085
2020-05-05 16:11:22.850,F395EC26-DDAA-40BE-2E55-A09A0F83E9FC,TestPhone2,-58.0,8.0,610402282.848596,7.1019569635391235
2020-05-05 16:11:22.850,F395EC26-DDAA-40BE-2E55-A09A0F83E9FC,TestPhone2,-58.0,8.0,610402282.84863,7.1019909381866455
2020-05-05 16:11:22.887,F395EC26-DDAA-40BE-2E55-A09A0F83E9FC,TestPhone2,-58.0,8.0,610402282.885993,7.13935399055481
2020-05-05 16:11:22.888,F395EC26-DDAA-40BE-2E55-A09A0F83E9FC,TestPhone2,-58.0,8.0,610402282.886027,7.1393879652023315
2020-05-05 16:11:22.923,F395EC26-DDAA-40BE-2E55-A09A0F83E9FC,TestPhone2,-53.0,8.0,610402282.92172,7.175081014633179
2020-05-05 16:11:22.924,F395EC26-DDAA-40BE-2E55-A09A0F83E9FC,TestPhone2,-53.0,8.0,610402282.923369,7.176730036735535
2020-05-05 16:11:23.102,F395EC26-DDAA-40BE-2E55-A09A0F83E9FC,TestPhone2,-58.0,8.0,610402283.100688,7.35404896736145
2020-05-05 16:11:23.103,F395EC26-DDAA-40BE-2E55-A09A0F83E9FC,TestPhone2,-58.0,8.0,610402283.100724,7.3540849685668945
2020-05-05 16:11:23.141,F395EC26-DDAA-40BE-2E55-A09A0F83E9FC,TestPhone2,-57.0,8.0,610402283.139806,7.393167018890381
2020-05-05 16:11:23.142,F395EC26-DDAA-40BE-2E55-A09A0F83E9FC,TestPhone2,-58.0,8.0,610402283.13987,7.39323103427887
2020-05-05 16:11:23.179,F395EC26-DDAA-40BE-2E55-A09A0F83E9FC,TestPhone2,-53.0,8.0,610402283.178315,7.431676030158997
2020-05-05 16:11:23.180,F395EC26-DDAA-40BE-2E55-A09A0F83E9FC,TestPhone2,-53.0,8.0,610402283.178355,7.431715965270996
2020-05-05 16:11:23.310,F395EC26-DDAA-40BE-2E55-A09A0F83E9FC,TestPhone2,-59.0,8.0,610402283.309087,7.562448024749756
2020-05-05 16:11:23.311,F395EC26-DDAA-40BE-2E55-A09A0F83E9FC,TestPhone2,-59.0,8.0,610402283.309123,7.5624840259552
2020-05-05 16:11:23.340,F395EC26-DDAA-40BE-2E55-A09A0F83E9FC,TestPhone2,-58.0,8.0,610402283.339004,7.592365026473999
2020-05-05 16:11:23.341,F395EC26-DDAA-40BE-2E55-A09A0F83E9FC,TestPhone2,-58.0,8.0,610402283.33904,7.592401027679443
2020-05-05 16:11:23.371,F395EC26-DDAA-40BE-2E55-A09A0F83E9FC,TestPhone2,-56.0,8.0,610402283.36977,7.623131036758423
2020-05-05 16:11:23.372,F395EC26-DDAA-40BE-2E55-A09A0F83E9FC,TestPhone2,-56.0,8.0,610402283.369804,7.623165011405945
2020-05-05 16:11:23.476,F395EC26-DDAA-40BE-2E55-A09A0F83E9FC,TestPhone2,-57.0,8.0,610402283.475113,7.728474020957947
2020-05-05 16:11:23.512,F395EC26-DDAA-40BE-2E55-A09A0F83E9FC,TestPhone2,-53.0,8.0,610402283.510873,7.764233946800232
2020-05-05 16:11:23.513,F395EC26-DDAA-40BE-2E55-A09A0F83E9FC,TestPhone2,-53.0,8.0,610402283.510922,7.764282941818237
2020-05-05 16:11:23.645,F395EC26-DDAA-40BE-2E55-A09A0F83E9FC,TestPhone2,-53.0,8.0,610402283.644514,7.89787495136261
2020-05-05 16:11:23.646,F395EC26-DDAA-40BE-2E55-A09A0F83E9FC,TestPhone2,-54.0,8.0,610402283.644549,7.897909998893738
2020-05-05 16:11:23.681,F395EC26-DDAA-40BE-2E55-A09A0F83E9FC,TestPhone2,-58.0,8.0,610402283.680188,7.933548927307129
2020-05-05 16:11:23.717,F395EC26-DDAA-40BE-2E55-A09A0F83E9FC,TestPhone2,-60.0,8.0,610402283.71597,7.9693310260772705
2020-05-05 16:11:23.718,F395EC26-DDAA-40BE-2E55-A09A0F83E9FC,TestPhone2,-60.0,8.0,610402283.716004,7.9693650007247925
2020-05-05 16:11:23.755,F395EC26-DDAA-40BE-2E55-A09A0F83E9FC,TestPhone2,-54.0,8.0,610402283.753388,8.006749033927917
2020-05-05 16:11:23.755,F395EC26-DDAA-40BE-2E55-A09A0F83E9FC,TestPhone2,-55.0,8.0,610402283.753427,8.0067880153656
2020-05-05 16:11:23.790,F395EC26-DDAA-40BE-2E55-A09A0F83E9FC,TestPhone2,-58.0,8.0,610402283.789108,8.042469024658203
2020-05-05 16:11:23.791,F395EC26-DDAA-40BE-2E55-A09A0F83E9FC,TestPhone2,-58.0,8.0,610402283.789172,8.042533040046692
2020-05-05 16:11:24.003,F395EC26-DDAA-40BE-2E55-A09A0F83E9FC,TestPhone2,-55.0,8.0,610402284.002099,8.255460023880005
2020-05-05 16:11:24.004,F395EC26-DDAA-40BE-2E55-A09A0F83E9FC,TestPhone2,-55.0,8.0,610402284.002136,8.255496978759766
2020-05-05 16:11:24.037,F395EC26-DDAA-40BE-2E55-A09A0F83E9FC,TestPhone2,-57.0,8.0,610402284.03611,8.28947103023529
2020-05-05 16:11:24.038,F395EC26-DDAA-40BE-2E55-A09A0F83E9FC,TestPhone2,-57.0,8.0,610402284.036144,8.289505004882812
2020-05-05 16:11:24.077,F395EC26-DDAA-40BE-2E55-A09A0F83E9FC,TestPhone2,-63.0,8.0,610402284.076031,8.329391956329346
2020-05-05 16:11:24.078,F395EC26-DDAA-40BE-2E55-A09A0F83E9FC,TestPhone2,-63.0,8.0,610402284.076064,8.329424977302551
2020-05-05 16:11:24.141,F395EC26-DDAA-40BE-2E55-A09A0F83E9FC,TestPhone2,-56.0,8.0,610402284.140141,8.393501996994019
2020-05-05 16:11:24.142,F395EC26-DDAA-40BE-2E55-A09A0F83E9FC,TestPhone2,-56.0,8.0,610402284.140177,8.393537998199463
2020-05-05 16:11:24.254,F395EC26-DDAA-40BE-2E55-A09A0F83E9FC,TestPhone2,-56.0,8.0,610402284.253294,8.506654977798462
2020-05-05 16:11:24.255,F395EC26-DDAA-40BE-2E55-A09A0F83E9FC,TestPhone2,-56.0,8.0,610402284.253326,8.506687045097351
2020-05-05 16:11:24.289,F395EC26-DDAA-40BE-2E55-A09A0F83E9FC,TestPhone2,-57.0,8.0,610402284.28778,8.541141033172607
2020-05-05 16:11:24.290,F395EC26-DDAA-40BE-2E55-A09A0F83E9FC,TestPhone2,-57.0,8.0,610402284.287814,8.54117500782013
2020-05-05 16:11:24.329,F395EC26-DDAA-40BE-2E55-A09A0F83E9FC,TestPhone2,-62.0,8.0,610402284.327658,8.581019043922424
2020-05-05 16:11:24.329,F395EC26-DDAA-40BE-2E55-A09A0F83E9FC,TestPhone2,-62.0,8.0,610402284.327694,8.581055045127869
2020-05-05 16:11:24.531,F395EC26-DDAA-40BE-2E55-A09A0F83E9FC,TestPhone2,-56.0,8.0,610402284.530295,8.783656001091003
2020-05-05 16:11:24.532,F395EC26-DDAA-40BE-2E55-A09A0F83E9FC,TestPhone2,-56.0,8.0,610402284.53033,8.783690929412842
2020-05-05 16:11:24.568,F395EC26-DDAA-40BE-2E55-A09A0F83E9FC,TestPhone2,-61.0,8.0,610402284.566532,8.81989300251007
2020-05-05 16:11:24.569,F395EC26-DDAA-40BE-2E55-A09A0F83E9FC,TestPhone2,-61.0,8.0,610402284.568348,8.821709036827087
2020-05-05 16:11:24.599,F395EC26-DDAA-40BE-2E55-A09A0F83E9FC,TestPhone2,-58.0,8.0,610402284.598348,8.851709008216858
2020-05-05 16:11:24.600,F395EC26-DDAA-40BE-2E55-A09A0F83E9FC,TestPhone2,-58.0,8.0,610402284.598386,8.851747035980225
2020-05-05 16:11:24.640,F395EC26-DDAA-40BE-2E55-A09A0F83E9FC,TestPhone2,-55.0,8.0,610402284.639226,8.892586946487427
2020-05-05 16:11:24.641,F395EC26-DDAA-40BE-2E55-A09A0F83E9FC,TestPhone2,-55.0,8.0,610402284.63926,8.892621040344238
2020-05-05 16:11:24.672,F395EC26-DDAA-40BE-2E55-A09A0F83E9FC,TestPhone2,-61.0,8.0,610402284.670477,8.923838019371033
2020-05-05 16:11:24.673,F395EC26-DDAA-40BE-2E55-A09A0F83E9FC,TestPhone2,-61.0,8.0,610402284.67049,8.923851013183594
2020-05-05 16:11:24.733,F395EC26-DDAA-40BE-2E55-A09A0F83E9FC,TestPhone2,-58.0,8.0,610402284.732075,8.985435962677002
2020-05-05 16:11:24.734,F395EC26-DDAA-40BE-2E55-A09A0F83E9FC,TestPhone2,-57.0,8.0,610402284.732109,8.985469937324524
2020-05-05 16:11:24.771,F395EC26-DDAA-40BE-2E55-A09A0F83E9FC,TestPhone2,-55.0,8.0,610402284.769783,9.023144006729126
2020-05-05 16:11:24.772,F395EC26-DDAA-40BE-2E55-A09A0F83E9FC,TestPhone2,-55.0,8.0,610402284.769819,9.02318000793457
2020-05-05 16:11:24.805,F395EC26-DDAA-40BE-2E55-A09A0F83E9FC,TestPhone2,-60.0,8.0,610402284.803556,9.056916952133179
2020-05-05 16:11:24.805,F395EC26-DDAA-40BE-2E55-A09A0F83E9FC,TestPhone2,-60.0,8.0,610402284.803591,9.056951999664307
2020-05-05 16:11:24.841,F395EC26-DDAA-40BE-2E55-A09A0F83E9FC,TestPhone2,-57.0,8.0,610402284.839598,9.092958927154541
2020-05-05 16:11:24.841,F395EC26-DDAA-40BE-2E55-A09A0F83E9FC,TestPhone2,-57.0,8.0,610402284.839631,9.092991948127747
2020-05-05 16:11:24.983,F395EC26-DDAA-40BE-2E55-A09A0F83E9FC,TestPhone2,-57.0,8.0,610402284.982116,9.235476970672607
2020-05-05 16:11:24.984,F395EC26-DDAA-40BE-2E55-A09A0F83E9FC,TestPhone2,-57.0,8.0,610402284.982152,9.235512971878052
2020-05-05 16:11:25.023,F395EC26-DDAA-40BE-2E55-A09A0F83E9FC,TestPhone2,-57.0,8.0,610402285.021533,9.274893999099731
2020-05-05 16:11:25.023,F395EC26-DDAA-40BE-2E55-A09A0F83E9FC,TestPhone2,-57.0,8.0,610402285.021569,9.274930000305176
2020-05-05 16:11:25.054,F395EC26-DDAA-40BE-2E55-A09A0F83E9FC,TestPhone2,-57.0,8.0,610402285.052474,9.305835008621216
2020-05-05 16:11:25.054,F395EC26-DDAA-40BE-2E55-A09A0F83E9FC,TestPhone2,-57.0,8.0,610402285.052513,9.305873990058899
2020-05-05 16:11:25.084,F395EC26-DDAA-40BE-2E55-A09A0F83E9FC,TestPhone2,-57.0,8.0,610402285.083299,9.336660027503967
2020-05-05 16:11:25.085,F395EC26-DDAA-40BE-2E55-A09A0F83E9FC,TestPhone2,-57.0,8.0,610402285.083336,9.336696982383728
2020-05-05 16:11:25.119,F395EC26-DDAA-40BE-2E55-A09A0F83E9FC,TestPhone2,-57.0,8.0,610402285.117483,9.370844006538391
2020-05-05 16:11:25.120,F395EC26-DDAA-40BE-2E55-A09A0F83E9FC,TestPhone2,-57.0,8.0,610402285.119175,9.372535943984985
2020-05-05 16:11:25.162,F395EC26-DDAA-40BE-2E55-A09A0F83E9FC,TestPhone2,-57.0,8.0,610402285.160647,9.414008021354675
2020-05-05 16:11:25.162,F395EC26-DDAA-40BE-2E55-A09A0F83E9FC,TestPhone2,-57.0,8.0,610402285.160685,9.414045929908752
2020-05-05 16:11:25.262,F395EC26-DDAA-40BE-2E55-A09A0F83E9FC,TestPhone2,-57.0,8.0,610402285.260741,9.5141019821167
2020-05-05 16:11:25.263,F395EC26-DDAA-40BE-2E55-A09A0F83E9FC,TestPhone2,-57.0,8.0,610402285.260776,9.514137029647827
2020-05-05 16:11:25.373,F395EC26-DDAA-40BE-2E55-A09A0F83E9FC,TestPhone2,-58.0,8.0,610402285.372107,9.625468015670776
2020-05-05 16:11:25.374,F395EC26-DDAA-40BE-2E55-A09A0F83E9FC,TestPhone2,-58.0,8.0,610402285.372143,9.62550401687622
2020-05-05 16:11:25.444,F395EC26-DDAA-40BE-2E55-A09A0F83E9FC,TestPhone2,-61.0,8.0,610402285.443407,9.696768045425415
2020-05-05 16:11:25.476,F395EC26-DDAA-40BE-2E55-A09A0F83E9FC,TestPhone2,-59.0,8.0,610402285.475389,9.728749990463257
2020-05-05 16:11:25.477,F395EC26-DDAA-40BE-2E55-A09A0F83E9FC,TestPhone2,-59.0,8.0,610402285.475427,9.728788018226624
2020-05-05 16:11:25.552,F395EC26-DDAA-40BE-2E55-A09A0F83E9FC,TestPhone2,-62.0,8.0,610402285.550878,9.80423903465271
2020-05-05 16:11:25.582,F395EC26-DDAA-40BE-2E55-A09A0F83E9FC,TestPhone2,-60.0,8.0,610402285.580768,9.834128975868225
2020-05-05 16:11:25.615,F395EC26-DDAA-40BE-2E55-A09A0F83E9FC,TestPhone2,-63.0,8.0,610402285.614413,9.86777400970459
2020-05-05 16:11:25.616,F395EC26-DDAA-40BE-2E55-A09A0F83E9FC,TestPhone2,-63.0,8.0,610402285.614471,9.867831945419312
2020-05-05 16:11:25.647,F395EC26-DDAA-40BE-2E55-A09A0F83E9FC,TestPhone2,-63.0,8.0,610402285.646502,9.899863004684448
2020-05-05 16:11:25.977,F395EC26-DDAA-40BE-2E55-A09A0F83E9FC,TestPhone2,-71.0,8.0,610402285.975861,10.229221940040588
2020-05-05 16:11:25.978,F395EC26-DDAA-40BE-2E55-A09A0F83E9FC,TestPhone2,-71.0,8.0,610402285.975895,10.2292560338974
2020-05-05 16:11:26.015,F395EC26-DDAA-40BE-2E55-A09A0F83E9FC,TestPhone2,-67.0,8.0,610402286.013902,10.267262935638428
2020-05-05 16:11:26.016,F395EC26-DDAA-40BE-2E55-A09A0F83E9FC,TestPhone2,-67.0,8.0,610402286.013935,10.267295956611633
2020-05-05 16:11:26.078,F395EC26-DDAA-40BE-2E55-A09A0F83E9FC,TestPhone2,-75.0,8.0,610402286.076959,10.330320000648499
2020-05-05 16:11:26.079,F395EC26-DDAA-40BE-2E55-A09A0F83E9FC,TestPhone2,-75.0,8.0,610402286.076998,10.330358982086182
2020-05-05 16:11:26.117,F395EC26-DDAA-40BE-2E55-A09A0F83E9FC,TestPhone2,-72.0,8.0,610402286.116382,10.3697429895401
2020-05-05 16:11:26.118,F395EC26-DDAA-40BE-2E55-A09A0F83E9FC,TestPhone2,-72.0,8.0,610402286.116415,10.369776010513306
2020-05-05 16:11:26.156,F395EC26-DDAA-40BE-2E55-A09A0F83E9FC,TestPhone2,-55.0,8.0,610402286.154643,10.40800404548645
2020-05-05 16:11:26.156,F395EC26-DDAA-40BE-2E55-A09A0F83E9FC,TestPhone2,-55.0,8.0,610402286.154682,10.408043026924133
2020-05-05 16:11:26.194,F395EC26-DDAA-40BE-2E55-A09A0F83E9FC,TestPhone2,-75.0,8.0,610402286.192519,10.445879936218262
2020-05-05 16:11:26.194,F395EC26-DDAA-40BE-2E55-A09A0F83E9FC,TestPhone2,-75.0,8.0,610402286.19256,10.445920944213867
2020-05-05 16:11:26.298,F395EC26-DDAA-40BE-2E55-A09A0F83E9FC,TestPhone2,-55.0,8.0,610402286.297064,10.550424933433533
2020-05-05 16:11:26.299,F395EC26-DDAA-40BE-2E55-A09A0F83E9FC,TestPhone2,-55.0,8.0,610402286.297097,10.550457954406738
2020-05-05 16:11:26.339,F395EC26-DDAA-40BE-2E55-A09A0F83E9FC,TestPhone2,-75.0,8.0,610402286.337858,10.591218948364258
2020-05-05 16:11:26.340,F395EC26-DDAA-40BE-2E55-A09A0F83E9FC,TestPhone2,-75.0,8.0,610402286.337897,10.591257929801941
2020-05-05 16:11:26.375,F395EC26-DDAA-40BE-2E55-A09A0F83E9FC,TestPhone2,-70.0,8.0,610402286.373534,10.6268949508667
2020-05-05 16:11:26.375,F395EC26-DDAA-40BE-2E55-A09A0F83E9FC,TestPhone2,-70.0,8.0,610402286.373567,10.626927971839905
2020-05-05 16:11:26.483,F395EC26-DDAA-40BE-2E55-A09A0F83E9FC,TestPhone2,-69.0,8.0,610402286.482281,10.735641956329346
2020-05-05 16:11:26.484,F395EC26-DDAA-40BE-2E55-A09A0F83E9FC,TestPhone2,-69.0,8.0,610402286.482317,10.73567795753479
2020-05-05 16:11:26.518,F395EC26-DDAA-40BE-2E55-A09A0F83E9FC,TestPhone2,-55.0,8.0,610402286.517154,10.770514965057373
2020-05-05 16:11:26.519,F395EC26-DDAA-40BE-2E55-A09A0F83E9FC,TestPhone2,-55.0,8.0,610402286.517188,10.770548939704895
2020-05-05 16:11:26.553,F395EC26-DDAA-40BE-2E55-A09A0F83E9FC,TestPhone2,-72.0,8.0,610402286.551184,10.804545044898987
2020-05-05 16:11:26.554,F395EC26-DDAA-40BE-2E55-A09A0F83E9FC,TestPhone2,-73.0,8.0,610402286.553122,10.806483030319214
2020-05-05 16:11:26.658,F395EC26-DDAA-40BE-2E55-A09A0F83E9FC,TestPhone2,-55.0,8.0,610402286.65671,10.910071015357971
2020-05-05 16:11:26.659,F395EC26-DDAA-40BE-2E55-A09A0F83E9FC,TestPhone2,-55.0,8.0,610402286.656747,10.910107970237732
2020-05-05 16:11:26.693,F395EC26-DDAA-40BE-2E55-A09A0F83E9FC,TestPhone2,-73.0,8.0,610402286.6917,10.945060968399048
2020-05-05 16:11:26.694,F395EC26-DDAA-40BE-2E55-A09A0F83E9FC,TestPhone2,-74.0,8.0,610402286.691748,10.945109009742737
2020-05-05 16:11:26.731,F395EC26-DDAA-40BE-2E55-A09A0F83E9FC,TestPhone2,-71.0,8.0,610402286.728871,10.982231974601746
2020-05-05 16:11:26.731,F395EC26-DDAA-40BE-2E55-A09A0F83E9FC,TestPhone2,-71.0,8.0,610402286.728894,10.982254981994629
2020-05-05 16:11:26.766,F395EC26-DDAA-40BE-2E55-A09A0F83E9FC,TestPhone2,-55.0,8.0,610402286.764656,11.018016934394836
2020-05-05 16:11:26.767,F395EC26-DDAA-40BE-2E55-A09A0F83E9FC,TestPhone2,-55.0,8.0,610402286.764698,11.018059015274048
2020-05-05 16:11:26.797,F395EC26-DDAA-40BE-2E55-A09A0F83E9FC,TestPhone2,-74.0,8.0,610402286.796276,11.049636960029602
2020-05-05 16:11:26.798,F395EC26-DDAA-40BE-2E55-A09A0F83E9FC,TestPhone2,-74.0,8.0,610402286.797317,11.050678014755249
2020-05-05 16:11:26.836,F395EC26-DDAA-40BE-2E55-A09A0F83E9FC,TestPhone2,-74.0,8.0,610402286.834985,11.088346004486084
2020-05-05 16:11:26.837,F395EC26-DDAA-40BE-2E55-A09A0F83E9FC,TestPhone2,-74.0,8.0,610402286.835027,11.088387966156006
2020-05-05 16:11:26.873,F395EC26-DDAA-40BE-2E55-A09A0F83E9FC,TestPhone2,-56.0,8.0,610402286.871696,11.125056982040405
2020-05-05 16:11:26.873,F395EC26-DDAA-40BE-2E55-A09A0F83E9FC,TestPhone2,-56.0,8.0,610402286.871731,11.125092029571533
2020-05-05 16:11:26.911,F395EC26-DDAA-40BE-2E55-A09A0F83E9FC,TestPhone2,-75.0,8.0,610402286.910288,11.163648962974548
2020-05-05 16:11:26.912,F395EC26-DDAA-40BE-2E55-A09A0F83E9FC,TestPhone2,-75.0,8.0,610402286.910324,11.163684964179993
2020-05-05 16:11:27.052,F395EC26-DDAA-40BE-2E55-A09A0F83E9FC,TestPhone2,-71.0,8.0,610402287.050605,11.303966045379639
2020-05-05 16:11:27.052,F395EC26-DDAA-40BE-2E55-A09A0F83E9FC,TestPhone2,-71.0,8.0,610402287.050642,11.3040030002594
2020-05-05 16:11:27.124,F395EC26-DDAA-40BE-2E55-A09A0F83E9FC,TestPhone2,-55.0,8.0,610402287.122829,11.376189947128296
2020-05-05 16:11:27.125,F395EC26-DDAA-40BE-2E55-A09A0F83E9FC,TestPhone2,-55.0,8.0,610402287.122864,11.376224994659424
2020-05-05 16:11:27.225,F395EC26-DDAA-40BE-2E55-A09A0F83E9FC,TestPhone2,-72.0,8.0,610402287.224505,11.477865934371948
2020-05-05 16:11:27.226,F395EC26-DDAA-40BE-2E55-A09A0F83E9FC,TestPhone2,-71.0,8.0,610402287.22454,11.477900981903076
2020-05-05 16:11:27.360,F395EC26-DDAA-40BE-2E55-A09A0F83E9FC,TestPhone2,-56.0,8.0,610402287.358759,11.612120032310486
2020-05-05 16:11:27.360,F395EC26-DDAA-40BE-2E55-A09A0F83E9FC,TestPhone2,-56.0,8.0,610402287.358794,11.612154960632324
2020-05-05 16:11:27.391,F395EC26-DDAA-40BE-2E55-A09A0F83E9FC,TestPhone2,-67.0,8.0,610402287.390007,11.643368005752563
2020-05-05 16:11:27.392,F395EC26-DDAA-40BE-2E55-A09A0F83E9FC,TestPhone2,-67.0,8.0,610402287.390042,11.643402934074402
2020-05-05 16:11:27.433,F395EC26-DDAA-40BE-2E55-A09A0F83E9FC,TestPhone2,-73.0,8.0,610402287.431491,11.684852004051208
2020-05-05 16:11:27.532,F395EC26-DDAA-40BE-2E55-A09A0F83E9FC,TestPhone2,-64.0,8.0,610402287.530489,11.783849954605103
2020-05-05 16:11:27.532,F395EC26-DDAA-40BE-2E55-A09A0F83E9FC,TestPhone2,-64.0,8.0,610402287.530525,11.783885955810547
2020-05-05 16:11:27.564,F395EC26-DDAA-40BE-2E55-A09A0F83E9FC,TestPhone2,-71.0,8.0,610402287.563193,11.816553950309753
2020-05-05 16:11:27.565,F395EC26-DDAA-40BE-2E55-A09A0F83E9FC,TestPhone2,-71.0,8.0,610402287.56323,11.816591024398804
2020-05-05 16:11:27.738,F395EC26-DDAA-40BE-2E55-A09A0F83E9FC,TestPhone2,-56.0,8.0,610402287.737235,11.990595936775208
2020-05-05 16:11:27.739,F395EC26-DDAA-40BE-2E55-A09A0F83E9FC,TestPhone2,-56.0,8.0,610402287.737268,11.990628957748413
2020-05-05 16:11:27.772,F395EC26-DDAA-40BE-2E55-A09A0F83E9FC,TestPhone2,-64.0,8.0,610402287.770846,12.02420699596405
2020-05-05 16:11:27.773,F395EC26-DDAA-40BE-2E55-A09A0F83E9FC,TestPhone2,-64.0,8.0,610402287.770888,12.024248957633972
2020-05-05 16:11:27.835,F395EC26-DDAA-40BE-2E55-A09A0F83E9FC,TestPhone2,-56.0,8.0,610402287.834001,12.087361931800842
2020-05-05 16:11:27.837,F395EC26-DDAA-40BE-2E55-A09A0F83E9FC,TestPhone2,-56.0,8.0,610402287.835574,12.088935017585754
2020-05-05 16:11:27.873,F395EC26-DDAA-40BE-2E55-A09A0F83E9FC,TestPhone2,-63.0,8.0,610402287.871757,12.125118017196655
2020-05-05 16:11:27.874,F395EC26-DDAA-40BE-2E55-A09A0F83E9FC,TestPhone2,-63.0,8.0,610402287.871794,12.125154972076416
2020-05-05 16:11:28.023,F395EC26-DDAA-40BE-2E55-A09A0F83E9FC,TestPhone2,-61.0,8.0,610402288.022438,12.275799036026001
2020-05-05 16:11:28.024,F395EC26-DDAA-40BE-2E55-A09A0F83E9FC,TestPhone2,-61.0,8.0,610402288.022471,12.275831937789917
2020-05-05 16:11:28.056,F395EC26-DDAA-40BE-2E55-A09A0F83E9FC,TestPhone2,-59.0,8.0,610402288.055042,12.308403015136719
2020-05-05 16:11:28.057,F395EC26-DDAA-40BE-2E55-A09A0F83E9FC,TestPhone2,-59.0,8.0,610402288.055077,12.308437943458557
2020-05-05 16:11:28.085,F395EC26-DDAA-40BE-2E55-A09A0F83E9FC,TestPhone2,-58.0,8.0,610402288.083542,12.336902976036072
2020-05-05 16:11:28.085,F395EC26-DDAA-40BE-2E55-A09A0F83E9FC,TestPhone2,-58.0,8.0,610402288.083582,12.33694303035736
2020-05-05 16:11:28.124,F395EC26-DDAA-40BE-2E55-A09A0F83E9FC,TestPhone2,-59.0,8.0,610402288.122989,12.376350045204163
2020-05-05 16:11:28.125,F395EC26-DDAA-40BE-2E55-A09A0F83E9FC,TestPhone2,-59.0,8.0,610402288.123024,12.376384973526001
2020-05-05 16:11:28.157,F395EC26-DDAA-40BE-2E55-A09A0F83E9FC,TestPhone2,-58.0,8.0,610402288.156073,12.409433960914612
2020-05-05 16:11:28.158,F395EC26-DDAA-40BE-2E55-A09A0F83E9FC,TestPhone2,-58.0,8.0,610402288.156109,12.409469962120056
2020-05-05 16:11:28.301,F395EC26-DDAA-40BE-2E55-A09A0F83E9FC,TestPhone2,-58.0,8.0,610402288.300047,12.553408026695251
2020-05-05 16:11:28.302,F395EC26-DDAA-40BE-2E55-A09A0F83E9FC,TestPhone2,-58.0,8.0,610402288.300087,12.553447961807251
2020-05-05 16:11:28.370,F395EC26-DDAA-40BE-2E55-A09A0F83E9FC,TestPhone2,-58.0,8.0,610402288.368718,12.622079014778137
2020-05-05 16:11:28.371,F395EC26-DDAA-40BE-2E55-A09A0F83E9FC,TestPhone2,-58.0,8.0,610402288.368753,12.622113943099976
2020-05-05 16:11:28.401,F395EC26-DDAA-40BE-2E55-A09A0F83E9FC,TestPhone2,-58.0,8.0,610402288.399484,12.652845025062561
2020-05-05 16:11:28.402,F395EC26-DDAA-40BE-2E55-A09A0F83E9FC,TestPhone2,-58.0,8.0,610402288.399497,12.652858018875122
2020-05-05 16:11:28.470,F395EC26-DDAA-40BE-2E55-A09A0F83E9FC,TestPhone2,-58.0,8.0,610402288.469299,12.722659945487976
2020-05-05 16:11:28.471,F395EC26-DDAA-40BE-2E55-A09A0F83E9FC,TestPhone2,-58.0,8.0,610402288.469332,12.722692966461182
2020-05-05 16:11:28.573,F395EC26-DDAA-40BE-2E55-A09A0F83E9FC,TestPhone2,-62.0,8.0,610402288.571825,12.825186014175415
2020-05-05 16:11:28.574,F395EC26-DDAA-40BE-2E55-A09A0F83E9FC,TestPhone2,-63.0,8.0,610402288.573481,12.826841950416565
2020-05-05 16:11:28.606,F395EC26-DDAA-40BE-2E55-A09A0F83E9FC,TestPhone2,-58.0,8.0,610402288.604843,12.858204007148743
2020-05-05 16:11:28.607,F395EC26-DDAA-40BE-2E55-A09A0F83E9FC,TestPhone2,-57.0,8.0,610402288.604877,12.858237981796265
2020-05-05 16:11:28.644,F395EC26-DDAA-40BE-2E55-A09A0F83E9FC,TestPhone2,-58.0,8.0,610402288.642735,12.896095991134644
2020-05-05 16:11:28.644,F395EC26-DDAA-40BE-2E55-A09A0F83E9FC,TestPhone2,-58.0,8.0,610402288.642769,12.896129965782166
2020-05-05 16:11:28.680,F395EC26-DDAA-40BE-2E55-A09A0F83E9FC,TestPhone2,-62.0,8.0,610402288.678786,12.932147026062012
2020-05-05 16:11:28.681,F395EC26-DDAA-40BE-2E55-A09A0F83E9FC,TestPhone2,-62.0,8.0,610402288.678822,12.932183027267456
2020-05-05 16:11:28.718,F395EC26-DDAA-40BE-2E55-A09A0F83E9FC,TestPhone2,-57.0,8.0,610402288.715446,12.968806982040405
2020-05-05 16:11:28.719,F395EC26-DDAA-40BE-2E55-A09A0F83E9FC,TestPhone2,-57.0,8.0,610402288.717373,12.970734000205994
2020-05-05 16:11:28.758,F395EC26-DDAA-40BE-2E55-A09A0F83E9FC,TestPhone2,-57.0,8.0,610402288.757007,13.0103679895401
2020-05-05 16:11:28.861,F395EC26-DDAA-40BE-2E55-A09A0F83E9FC,TestPhone2,-57.0,8.0,610402288.859496,13.112856984138489
2020-05-05 16:11:28.861,F395EC26-DDAA-40BE-2E55-A09A0F83E9FC,TestPhone2,-57.0,8.0,610402288.859532,13.112892985343933
2020-05-05 16:11:28.895,F395EC26-DDAA-40BE-2E55-A09A0F83E9FC,TestPhone2,-58.0,8.0,610402288.893714,13.147074937820435
2020-05-05 16:11:28.896,F395EC26-DDAA-40BE-2E55-A09A0F83E9FC,TestPhone2,-58.0,8.0,610402288.895357,13.148717999458313
2020-05-05 16:11:28.971,F395EC26-DDAA-40BE-2E55-A09A0F83E9FC,TestPhone2,-57.0,8.0,610402288.969485,13.222846031188965
2020-05-05 16:11:28.971,F395EC26-DDAA-40BE-2E55-A09A0F83E9FC,TestPhone2,-57.0,8.0,610402288.969522,13.222882986068726
2020-05-05 16:11:29.000,F395EC26-DDAA-40BE-2E55-A09A0F83E9FC,TestPhone2,-58.0,8.0,610402288.999183,13.252544045448303
2020-05-05 16:11:29.002,F395EC26-DDAA-40BE-2E55-A09A0F83E9FC,TestPhone2,-58.0,8.0,610402289.000978,13.25433897972107
2020-05-05 16:11:29.101,F395EC26-DDAA-40BE-2E55-A09A0F83E9FC,TestPhone2,-57.0,8.0,610402289.100401,13.353762030601501
2020-05-05 16:11:29.102,F395EC26-DDAA-40BE-2E55-A09A0F83E9FC,TestPhone2,-57.0,8.0,610402289.100441,13.353801965713501
2020-05-05 16:11:29.178,F395EC26-DDAA-40BE-2E55-A09A0F83E9FC,TestPhone2,-58.0,8.0,610402289.175379,13.42874002456665
2020-05-05 16:11:29.178,F395EC26-DDAA-40BE-2E55-A09A0F83E9FC,TestPhone2,-58.0,8.0,610402289.177041,13.430402040481567
2020-05-05 16:11:29.211,F395EC26-DDAA-40BE-2E55-A09A0F83E9FC,TestPhone2,-58.0,8.0,610402289.210218,13.463578939437866
2020-05-05 16:11:29.212,F395EC26-DDAA-40BE-2E55-A09A0F83E9FC,TestPhone2,-58.0,8.0,610402289.210256,13.463616967201233
2020-05-05 16:11:29.250,F395EC26-DDAA-40BE-2E55-A09A0F83E9FC,TestPhone2,-58.0,8.0,610402289.249017,13.502377986907959
2020-05-05 16:11:29.251,F395EC26-DDAA-40BE-2E55-A09A0F83E9FC,TestPhone2,-58.0,8.0,610402289.249051,13.502411961555481
2020-05-05 16:11:29.280,F395EC26-DDAA-40BE-2E55-A09A0F83E9FC,TestPhone2,-57.0,8.0,610402289.278681,13.532042026519775
2020-05-05 16:11:29.282,F395EC26-DDAA-40BE-2E55-A09A0F83E9FC,TestPhone2,-58.0,8.0,610402289.28083,13.534191012382507
2020-05-05 16:11:29.314,F395EC26-DDAA-40BE-2E55-A09A0F83E9FC,TestPhone2,-58.0,8.0,610402289.312525,13.5658860206604
2020-05-05 16:11:29.315,F395EC26-DDAA-40BE-2E55-A09A0F83E9FC,TestPhone2,-58.0,8.0,610402289.314165,13.56752598285675
2020-05-05 16:11:29.355,F395EC26-DDAA-40BE-2E55-A09A0F83E9FC,TestPhone2,-58.0,8.0,610402289.353847,13.607208013534546
2020-05-05 16:11:29.356,F395EC26-DDAA-40BE-2E55-A09A0F83E9FC,TestPhone2,-58.0,8.0,610402289.353879,13.607239961624146
2020-05-05 16:11:29.456,F395EC26-DDAA-40BE-2E55-A09A0F83E9FC,TestPhone2,-58.0,8.0,610402289.455544,13.70890498161316
2020-05-05 16:11:29.522,F395EC26-DDAA-40BE-2E55-A09A0F83E9FC,TestPhone2,-57.0,8.0,610402289.518948,13.772308945655823
2020-05-05 16:11:29.522,F395EC26-DDAA-40BE-2E55-A09A0F83E9FC,TestPhone2,-57.0,8.0,610402289.52101,13.774371027946472
2020-05-05 16:11:29.561,F395EC26-DDAA-40BE-2E55-A09A0F83E9FC,TestPhone2,-57.0,8.0,610402289.559837,13.81319797039032
2020-05-05 16:11:29.562,F395EC26-DDAA-40BE-2E55-A09A0F83E9FC,TestPhone2,-57.0,8.0,610402289.55988,13.813241004943848
2020-05-05 16:11:29.595,F395EC26-DDAA-40BE-2E55-A09A0F83E9FC,TestPhone2,-58.0,8.0,610402289.594109,13.847470045089722
2020-05-05 16:11:29.630,F395EC26-DDAA-40BE-2E55-A09A0F83E9FC,TestPhone2,-60.0,8.0,610402289.628933,13.882293939590454
2020-05-05 16:11:29.631,F395EC26-DDAA-40BE-2E55-A09A0F83E9FC,TestPhone2,-59.0,8.0,610402289.62897,13.882331013679504
2020-05-05 16:11:29.658,F395EC26-DDAA-40BE-2E55-A09A0F83E9FC,TestPhone2,-57.0,8.0,610402289.657211,13.910571932792664
2020-05-05 16:11:29.659,F395EC26-DDAA-40BE-2E55-A09A0F83E9FC,TestPhone2,-57.0,8.0,610402289.657244,13.91060495376587
2020-05-05 16:11:29.769,F395EC26-DDAA-40BE-2E55-A09A0F83E9FC,TestPhone2,-60.0,8.0,610402289.767879,14.021239995956421
2020-05-05 16:11:29.770,F395EC26-DDAA-40BE-2E55-A09A0F83E9FC,TestPhone2,-60.0,8.0,610402289.768054,14.021414995193481
2020-05-05 16:11:29.801,F395EC26-DDAA-40BE-2E55-A09A0F83E9FC,TestPhone2,-57.0,8.0,610402289.799673,14.053033947944641
2020-05-05 16:11:29.802,F395EC26-DDAA-40BE-2E55-A09A0F83E9FC,TestPhone2,-57.0,8.0,610402289.799705,14.05306601524353
2020-05-05 16:11:29.832,F395EC26-DDAA-40BE-2E55-A09A0F83E9FC,TestPhone2,-58.0,8.0,610402289.830728,14.084089040756226
2020-05-05 16:11:29.865,F395EC26-DDAA-40BE-2E55-A09A0F83E9FC,TestPhone2,-60.0,8.0,610402289.863977,14.117337942123413
2020-05-05 16:11:29.866,F395EC26-DDAA-40BE-2E55-A09A0F83E9FC,TestPhone2,-60.0,8.0,610402289.864028,14.11738896369934
2020-05-05 16:11:29.901,F395EC26-DDAA-40BE-2E55-A09A0F83E9FC,TestPhone2,-57.0,8.0,610402289.899676,14.153036952018738
2020-05-05 16:11:29.902,F395EC26-DDAA-40BE-2E55-A09A0F83E9FC,TestPhone2,-57.0,8.0,610402289.899708,14.153069019317627
2020-05-05 16:11:29.941,F395EC26-DDAA-40BE-2E55-A09A0F83E9FC,TestPhone2,-58.0,8.0,610402289.940034,14.193395018577576
2020-05-05 16:11:30.046,F395EC26-DDAA-40BE-2E55-A09A0F83E9FC,TestPhone2,-57.0,8.0,610402290.044717,14.298077940940857
2020-05-05 16:11:30.046,F395EC26-DDAA-40BE-2E55-A09A0F83E9FC,TestPhone2,-57.0,8.0,610402290.044753,14.298113942146301
2020-05-05 16:11:30.085,F395EC26-DDAA-40BE-2E55-A09A0F83E9FC,TestPhone2,-57.0,8.0,610402290.084162,14.337522983551025
2020-05-05 16:11:30.116,F395EC26-DDAA-40BE-2E55-A09A0F83E9FC,TestPhone2,-59.0,8.0,610402290.115361,14.368721961975098
2020-05-05 16:11:30.117,F395EC26-DDAA-40BE-2E55-A09A0F83E9FC,TestPhone2,-59.0,8.0,610402290.115397,14.368757963180542
2020-05-05 16:11:30.147,F395EC26-DDAA-40BE-2E55-A09A0F83E9FC,TestPhone2,-57.0,8.0,610402290.145892,14.399253010749817
2020-05-05 16:11:30.148,F395EC26-DDAA-40BE-2E55-A09A0F83E9FC,TestPhone2,-57.0,8.0,610402290.145927,14.399287939071655
2020-05-05 16:11:30.179,F395EC26-DDAA-40BE-2E55-A09A0F83E9FC,TestPhone2,-57.0,8.0,610402290.177917,14.431277990341187
2020-05-05 16:11:30.180,F395EC26-DDAA-40BE-2E55-A09A0F83E9FC,TestPhone2,-57.0,8.0,610402290.177949,14.431309938430786
2020-05-05 16:11:30.284,F395EC26-DDAA-40BE-2E55-A09A0F83E9FC,TestPhone2,-57.0,8.0,610402290.283224,14.536584973335266
2020-05-05 16:11:30.285,F395EC26-DDAA-40BE-2E55-A09A0F83E9FC,TestPhone2,-57.0,8.0,610402290.28326,14.53662097454071
2020-05-05 16:11:30.349,F395EC26-DDAA-40BE-2E55-A09A0F83E9FC,TestPhone2,-58.0,8.0,610402290.34809,14.60145103931427
2020-05-05 16:11:30.349,F395EC26-DDAA-40BE-2E55-A09A0F83E9FC,TestPhone2,-58.0,8.0,610402290.348122,14.60148298740387
2020-05-05 16:11:30.381,F395EC26-DDAA-40BE-2E55-A09A0F83E9FC,TestPhone2,-57.0,8.0,610402290.380445,14.633805990219116
2020-05-05 16:11:30.382,F395EC26-DDAA-40BE-2E55-A09A0F83E9FC,TestPhone2,-57.0,8.0,610402290.380479,14.633839964866638
2020-05-05 16:11:30.418,F395EC26-DDAA-40BE-2E55-A09A0F83E9FC,TestPhone2,-56.0,8.0,610402290.417129,14.670490026473999
2020-05-05 16:11:30.419,F395EC26-DDAA-40BE-2E55-A09A0F83E9FC,TestPhone2,-56.0,8.0,610402290.417164,14.670524954795837
2020-05-05 16:11:30.525,F395EC26-DDAA-40BE-2E55-A09A0F83E9FC,TestPhone2,-57.0,8.0,610402290.524234,14.777595043182373
2020-05-05 16:11:30.526,F395EC26-DDAA-40BE-2E55-A09A0F83E9FC,TestPhone2,-57.0,8.0,610402290.524294,14.777655005455017
2020-05-05 16:11:30.564,F395EC26-DDAA-40BE-2E55-A09A0F83E9FC,TestPhone2,-56.0,8.0,610402290.562607,14.815968036651611
2020-05-05 16:11:30.566,F395EC26-DDAA-40BE-2E55-A09A0F83E9FC,TestPhone2,-55.0,8.0,610402290.564571,14.81793200969696
2020-05-05 16:11:30.595,F395EC26-DDAA-40BE-2E55-A09A0F83E9FC,TestPhone2,-58.0,8.0,610402290.5938,14.847160935401917
2020-05-05 16:11:30.596,F395EC26-DDAA-40BE-2E55-A09A0F83E9FC,TestPhone2,-58.0,8.0,610402290.593812,14.847172975540161
2020-05-05 16:11:30.660,F395EC26-DDAA-40BE-2E55-A09A0F83E9FC,TestPhone2,-55.0,8.0,610402290.6595,14.912860989570618
2020-05-05 16:11:30.661,F395EC26-DDAA-40BE-2E55-A09A0F83E9FC,TestPhone2,-55.0,8.0,610402290.659536,14.912896990776062
2020-05-05 16:11:30.769,F395EC26-DDAA-40BE-2E55-A09A0F83E9FC,TestPhone2,-57.0,8.0,610402290.767207,15.020568013191223
2020-05-05 16:11:30.769,F395EC26-DDAA-40BE-2E55-A09A0F83E9FC,TestPhone2,-57.0,8.0,610402290.767246,15.020606994628906
2020-05-05 16:11:30.805,F395EC26-DDAA-40BE-2E55-A09A0F83E9FC,TestPhone2,-55.0,8.0,610402290.803887,15.057247996330261
2020-05-05 16:11:30.806,F395EC26-DDAA-40BE-2E55-A09A0F83E9FC,TestPhone2,-55.0,8.0,610402290.803919,15.05727994441986
2020-05-05 16:11:30.839,F395EC26-DDAA-40BE-2E55-A09A0F83E9FC,TestPhone2,-59.0,8.0,610402290.837734,15.091094970703125
2020-05-05 16:11:30.840,F395EC26-DDAA-40BE-2E55-A09A0F83E9FC,TestPhone2,-59.0,8.0,610402290.837767,15.09112799167633
2020-05-05 16:11:30.866,F395EC26-DDAA-40BE-2E55-A09A0F83E9FC,TestPhone2,-58.0,8.0,610402290.863917,15.117277979850769
2020-05-05 16:11:30.867,F395EC26-DDAA-40BE-2E55-A09A0F83E9FC,TestPhone2,-59.0,8.0,610402290.866207,15.11956799030304
2020-05-05 16:11:30.903,F395EC26-DDAA-40BE-2E55-A09A0F83E9FC,TestPhone2,-56.0,8.0,610402290.902152,15.155512928962708
2020-05-05 16:11:30.904,F395EC26-DDAA-40BE-2E55-A09A0F83E9FC,TestPhone2,-56.0,8.0,610402290.902186,15.155547022819519
2020-05-05 16:11:31.036,F395EC26-DDAA-40BE-2E55-A09A0F83E9FC,TestPhone2,-56.0,8.0,610402291.035045,15.288406014442444
2020-05-05 16:11:31.037,F395EC26-DDAA-40BE-2E55-A09A0F83E9FC,TestPhone2,-56.0,8.0,610402291.035078,15.28843903541565
2020-05-05 16:11:31.076,F395EC26-DDAA-40BE-2E55-A09A0F83E9FC,TestPhone2,-59.0,8.0,610402291.075342,15.328703045845032
2020-05-05 16:11:31.077,F395EC26-DDAA-40BE-2E55-A09A0F83E9FC,TestPhone2,-59.0,8.0,610402291.0754,15.328760981559753
2020-05-05 16:11:31.112,F395EC26-DDAA-40BE-2E55-A09A0F83E9FC,TestPhone2,-60.0,8.0,610402291.110621,15.36398196220398
2020-05-05 16:11:31.113,F395EC26-DDAA-40BE-2E55-A09A0F83E9FC,TestPhone2,-60.0,8.0,610402291.112249,15.365610003471375
2020-05-05 16:11:31.145,F395EC26-DDAA-40BE-2E55-A09A0F83E9FC,TestPhone2,-56.0,8.0,610402291.144321,15.397681951522827
2020-05-05 16:11:31.146,F395EC26-DDAA-40BE-2E55-A09A0F83E9FC,TestPhone2,-56.0,8.0,610402291.144353,15.397714018821716
2020-05-05 16:11:31.185,F395EC26-DDAA-40BE-2E55-A09A0F83E9FC,TestPhone2,-59.0,8.0,610402291.183689,15.437049984931946
2020-05-05 16:11:31.185,F395EC26-DDAA-40BE-2E55-A09A0F83E9FC,TestPhone2,-60.0,8.0,610402291.18373,15.437090992927551
2020-05-05 16:11:31.316,F395EC26-DDAA-40BE-2E55-A09A0F83E9FC,TestPhone2,-56.0,8.0,610402291.315085,15.568446040153503
2020-05-05 16:11:31.317,F395EC26-DDAA-40BE-2E55-A09A0F83E9FC,TestPhone2,-56.0,8.0,610402291.315122,15.568482995033264
2020-05-05 16:11:31.355,F395EC26-DDAA-40BE-2E55-A09A0F83E9FC,TestPhone2,-60.0,8.0,610402291.354185,15.607545971870422
2020-05-05 16:11:31.356,F395EC26-DDAA-40BE-2E55-A09A0F83E9FC,TestPhone2,-60.0,8.0,610402291.35422,15.60758101940155
2020-05-05 16:11:31.386,F395EC26-DDAA-40BE-2E55-A09A0F83E9FC,TestPhone2,-60.0,8.0,610402291.384871,15.638231992721558
2020-05-05 16:11:31.387,F395EC26-DDAA-40BE-2E55-A09A0F83E9FC,TestPhone2,-60.0,8.0,610402291.384905,15.63826596736908
2020-05-05 16:11:31.418,F395EC26-DDAA-40BE-2E55-A09A0F83E9FC,TestPhone2,-61.0,8.0,610402291.416396,15.669757008552551
2020-05-05 16:11:31.420,F395EC26-DDAA-40BE-2E55-A09A0F83E9FC,TestPhone2,-61.0,8.0,610402291.418769,15.67212998867035
2020-05-05 16:11:31.565,F395EC26-DDAA-40BE-2E55-A09A0F83E9FC,TestPhone2,-56.0,8.0,610402291.563022,15.816383004188538
2020-05-05 16:11:31.566,F395EC26-DDAA-40BE-2E55-A09A0F83E9FC,TestPhone2,-56.0,8.0,610402291.564864,15.818225026130676
2020-05-05 16:11:31.597,F395EC26-DDAA-40BE-2E55-A09A0F83E9FC,TestPhone2,-60.0,8.0,610402291.596147,15.849507927894592
2020-05-05 16:11:31.598,F395EC26-DDAA-40BE-2E55-A09A0F83E9FC,TestPhone2,-60.0,8.0,610402291.59618,15.849540948867798
2020-05-05 16:11:31.733,F395EC26-DDAA-40BE-2E55-A09A0F83E9FC,TestPhone2,-60.0,8.0,610402291.73215,15.98551094532013
2020-05-05 16:11:31.735,F395EC26-DDAA-40BE-2E55-A09A0F83E9FC,TestPhone2,-60.0,8.0,610402291.733692,15.987053036689758
2020-05-05 16:11:31.769,F395EC26-DDAA-40BE-2E55-A09A0F83E9FC,TestPhone2,-62.0,8.0,610402291.768311,16.021672010421753
2020-05-05 16:11:31.770,F395EC26-DDAA-40BE-2E55-A09A0F83E9FC,TestPhone2,-62.0,8.0,610402291.768347,16.021708011627197
2020-05-05 16:11:31.839,F395EC26-DDAA-40BE-2E55-A09A0F83E9FC,TestPhone2,-61.0,8.0,610402291.838383,16.09174394607544
2020-05-05 16:11:31.841,F395EC26-DDAA-40BE-2E55-A09A0F83E9FC,TestPhone2,-61.0,8.0,610402291.840033,16.0933940410614
2020-05-05 16:11:31.904,F395EC26-DDAA-40BE-2E55-A09A0F83E9FC,TestPhone2,-62.0,8.0,610402291.903465,16.15682601928711
2020-05-05 16:11:31.905,F395EC26-DDAA-40BE-2E55-A09A0F83E9FC,TestPhone2,-62.0,8.0,610402291.903503,16.156863927841187
2020-05-05 16:11:31.937,F395EC26-DDAA-40BE-2E55-A09A0F83E9FC,TestPhone2,-56.0,8.0,610402291.935763,16.18912398815155
2020-05-05 16:11:32.007,F395EC26-DDAA-40BE-2E55-A09A0F83E9FC,TestPhone2,-62.0,8.0,610402292.005644,16.259004950523376
2020-05-05 16:11:32.008,F395EC26-DDAA-40BE-2E55-A09A0F83E9FC,TestPhone2,-62.0,8.0,610402292.005678,16.259039044380188
2020-05-05 16:11:32.044,F395EC26-DDAA-40BE-2E55-A09A0F83E9FC,TestPhone2,-56.0,8.0,610402292.043005,16.296365976333618
2020-05-05 16:11:32.045,F395EC26-DDAA-40BE-2E55-A09A0F83E9FC,TestPhone2,-56.0,8.0,610402292.043044,16.2964049577713
2020-05-05 16:11:32.076,F395EC26-DDAA-40BE-2E55-A09A0F83E9FC,TestPhone2,-62.0,8.0,610402292.074922,16.328282952308655
2020-05-05 16:11:32.077,F395EC26-DDAA-40BE-2E55-A09A0F83E9FC,TestPhone2,-62.0,8.0,610402292.074962,16.328323006629944
2020-05-05 16:11:32.145,F395EC26-DDAA-40BE-2E55-A09A0F83E9FC,TestPhone2,-61.0,8.0,610402292.143619,16.396979928016663
2020-05-05 16:11:32.145,F395EC26-DDAA-40BE-2E55-A09A0F83E9FC,TestPhone2,-62.0,8.0,610402292.143655,16.397015929222107
2020-05-05 16:11:32.184,F395EC26-DDAA-40BE-2E55-A09A0F83E9FC,TestPhone2,-56.0,8.0,610402292.183321,16.436681985855103
2020-05-05 16:11:32.185,F395EC26-DDAA-40BE-2E55-A09A0F83E9FC,TestPhone2,-56.0,8.0,610402292.183359,16.43672001361847
2020-05-05 16:11:32.221,F395EC26-DDAA-40BE-2E55-A09A0F83E9FC,TestPhone2,-62.0,8.0,610402292.220011,16.473371982574463
2020-05-05 16:11:32.359,F395EC26-DDAA-40BE-2E55-A09A0F83E9FC,TestPhone2,-62.0,8.0,610402292.358052,16.61141300201416
2020-05-05 16:11:32.360,F395EC26-DDAA-40BE-2E55-A09A0F83E9FC,TestPhone2,-62.0,8.0,610402292.358091,16.611451983451843
2020-05-05 16:11:32.543,F395EC26-DDAA-40BE-2E55-A09A0F83E9FC,TestPhone2,-56.0,8.0,610402292.541702,16.795063018798828
2020-05-05 16:11:32.544,F395EC26-DDAA-40BE-2E55-A09A0F83E9FC,TestPhone2,-56.0,8.0,610402292.541743,16.795104026794434
2020-05-05 16:11:32.578,F395EC26-DDAA-40BE-2E55-A09A0F83E9FC,TestPhone2,-63.0,8.0,610402292.577459,16.830819964408875
2020-05-05 16:11:32.580,F395EC26-DDAA-40BE-2E55-A09A0F83E9FC,TestPhone2,-63.0,8.0,610402292.579105,16.83246600627899
2020-05-05 16:11:32.616,F395EC26-DDAA-40BE-2E55-A09A0F83E9FC,TestPhone2,-61.0,8.0,610402292.614796,16.868157029151917
2020-05-05 16:11:32.617,F395EC26-DDAA-40BE-2E55-A09A0F83E9FC,TestPhone2,-61.0,8.0,610402292.614834,16.868194937705994
2020-05-05 16:11:32.651,F395EC26-DDAA-40BE-2E55-A09A0F83E9FC,TestPhone2,-56.0,8.0,610402292.649631,16.902992010116577
2020-05-05 16:11:32.652,F395EC26-DDAA-40BE-2E55-A09A0F83E9FC,TestPhone2,-56.0,8.0,610402292.649668,16.903028964996338
2020-05-05 16:11:32.687,F395EC26-DDAA-40BE-2E55-A09A0F83E9FC,TestPhone2,-63.0,8.0,610402292.686245,16.939605951309204
2020-05-05 16:11:32.688,F395EC26-DDAA-40BE-2E55-A09A0F83E9FC,TestPhone2,-63.0,8.0,610402292.686287,16.939648032188416
2020-05-05 16:11:32.750,F395EC26-DDAA-40BE-2E55-A09A0F83E9FC,TestPhone2,-61.0,8.0,610402292.748487,17.001847982406616
2020-05-05 16:11:32.751,F395EC26-DDAA-40BE-2E55-A09A0F83E9FC,TestPhone2,-61.0,8.0,610402292.748524,17.001884937286377
2020-05-05 16:11:32.863,F395EC26-DDAA-40BE-2E55-A09A0F83E9FC,TestPhone2,-61.0,8.0,610402292.861783,17.11514401435852
2020-05-05 16:11:32.864,F395EC26-DDAA-40BE-2E55-A09A0F83E9FC,TestPhone2,-61.0,8.0,610402292.861818,17.11517894268036
2020-05-05 16:11:32.901,F395EC26-DDAA-40BE-2E55-A09A0F83E9FC,TestPhone2,-56.0,8.0,610402292.900458,17.15381896495819
2020-05-05 16:11:32.902,F395EC26-DDAA-40BE-2E55-A09A0F83E9FC,TestPhone2,-56.0,8.0,610402292.900491,17.153851985931396
2020-05-05 16:11:32.936,F395EC26-DDAA-40BE-2E55-A09A0F83E9FC,TestPhone2,-63.0,8.0,610402292.934931,17.188292026519775
2020-05-05 16:11:32.937,F395EC26-DDAA-40BE-2E55-A09A0F83E9FC,TestPhone2,-63.0,8.0,610402292.934989,17.188349962234497
2020-05-05 16:11:32.966,F395EC26-DDAA-40BE-2E55-A09A0F83E9FC,TestPhone2,-61.0,8.0,610402292.964706,17.218066930770874
2020-05-05 16:11:32.967,F395EC26-DDAA-40BE-2E55-A09A0F83E9FC,TestPhone2,-61.0,8.0,610402292.964745,17.218106031417847
2020-05-05 16:11:33.078,F395EC26-DDAA-40BE-2E55-A09A0F83E9FC,TestPhone2,-61.0,8.0,610402293.076852,17.330212950706482
2020-05-05 16:11:33.079,F395EC26-DDAA-40BE-2E55-A09A0F83E9FC,TestPhone2,-61.0,8.0,610402293.076891,17.330251932144165
2020-05-05 16:11:33.115,F395EC26-DDAA-40BE-2E55-A09A0F83E9FC,TestPhone2,-56.0,8.0,610402293.114265,17.367625951766968
2020-05-05 16:11:33.116,F395EC26-DDAA-40BE-2E55-A09A0F83E9FC,TestPhone2,-56.0,8.0,610402293.114301,17.367661952972412
2020-05-05 16:11:33.145,F395EC26-DDAA-40BE-2E55-A09A0F83E9FC,TestPhone2,-56.0,8.0,610402293.144248,17.397608995437622
2020-05-05 16:11:33.146,F395EC26-DDAA-40BE-2E55-A09A0F83E9FC,TestPhone2,-56.0,8.0,610402293.144281,17.397642016410828
2020-05-05 16:11:33.177,F395EC26-DDAA-40BE-2E55-A09A0F83E9FC,TestPhone2,-63.0,8.0,610402293.176031,17.429391980171204
2020-05-05 16:11:33.178,F395EC26-DDAA-40BE-2E55-A09A0F83E9FC,TestPhone2,-63.0,8.0,610402293.176066,17.42942702770233
2020-05-05 16:11:33.253,F395EC26-DDAA-40BE-2E55-A09A0F83E9FC,TestPhone2,-56.0,8.0,610402293.252147,17.505507946014404
2020-05-05 16:11:33.254,F395EC26-DDAA-40BE-2E55-A09A0F83E9FC,TestPhone2,-56.0,8.0,610402293.25218,17.50554096698761
2020-05-05 16:11:33.284,F395EC26-DDAA-40BE-2E55-A09A0F83E9FC,TestPhone2,-63.0,8.0,610402293.283459,17.53681993484497
2020-05-05 16:11:33.286,F395EC26-DDAA-40BE-2E55-A09A0F83E9FC,TestPhone2,-63.0,8.0,610402293.285133,17.538493990898132
2020-05-05 16:11:33.358,F395EC26-DDAA-40BE-2E55-A09A0F83E9FC,TestPhone2,-56.0,8.0,610402293.356361,17.609722018241882
2020-05-05 16:11:33.359,F395EC26-DDAA-40BE-2E55-A09A0F83E9FC,TestPhone2,-56.0,8.0,610402293.356384,17.609745025634766
2020-05-05 16:11:33.460,F395EC26-DDAA-40BE-2E55-A09A0F83E9FC,TestPhone2,-59.0,8.0,610402293.458484,17.71184504032135
2020-05-05 16:11:33.460,F395EC26-DDAA-40BE-2E55-A09A0F83E9FC,TestPhone2,-59.0,8.0,610402293.458525,17.711885929107666
2020-05-05 16:11:33.497,F395EC26-DDAA-40BE-2E55-A09A0F83E9FC,TestPhone2,-56.0,8.0,610402293.495491,17.748852014541626
2020-05-05 16:11:33.497,F395EC26-DDAA-40BE-2E55-A09A0F83E9FC,TestPhone2,-56.0,8.0,610402293.495526,17.748886942863464
2020-05-05 16:11:33.534,F395EC26-DDAA-40BE-2E55-A09A0F83E9FC,TestPhone2,-64.0,8.0,610402293.532469,17.78583002090454
2020-05-05 16:11:33.563,F395EC26-DDAA-40BE-2E55-A09A0F83E9FC,TestPhone2,-58.0,8.0,610402293.562017,17.815377950668335
2020-05-05 16:11:33.564,F395EC26-DDAA-40BE-2E55-A09A0F83E9FC,TestPhone2,-58.0,8.0,610402293.562049,17.815410017967224
2020-05-05 16:11:33.635,F395EC26-DDAA-40BE-2E55-A09A0F83E9FC,TestPhone2,-65.0,8.0,610402293.634043,17.887403964996338
2020-05-05 16:11:33.781,F395EC26-DDAA-40BE-2E55-A09A0F83E9FC,TestPhone2,-65.0,8.0,610402293.778802,18.03216302394867
2020-05-05 16:11:33.813,F395EC26-DDAA-40BE-2E55-A09A0F83E9FC,TestPhone2,-58.0,8.0,610402293.812218,18.065578937530518
2020-05-05 16:11:33.814,F395EC26-DDAA-40BE-2E55-A09A0F83E9FC,TestPhone2,-59.0,8.0,610402293.812257,18.06561803817749
2020-05-05 16:11:33.845,F395EC26-DDAA-40BE-2E55-A09A0F83E9FC,TestPhone2,-57.0,8.0,610402293.844046,18.09740698337555
2020-05-05 16:11:33.846,F395EC26-DDAA-40BE-2E55-A09A0F83E9FC,TestPhone2,-57.0,8.0,610402293.844079,18.097440004348755
2020-05-05 16:11:33.879,F395EC26-DDAA-40BE-2E55-A09A0F83E9FC,TestPhone2,-65.0,8.0,610402293.877574,18.130934953689575
2020-05-05 16:11:33.975,F395EC26-DDAA-40BE-2E55-A09A0F83E9FC,TestPhone2,-57.0,8.0,610402293.974334,18.227694988250732
2020-05-05 16:11:33.976,F395EC26-DDAA-40BE-2E55-A09A0F83E9FC,TestPhone2,-57.0,8.0,610402293.974367,18.227728009223938
2020-05-05 16:11:34.009,F395EC26-DDAA-40BE-2E55-A09A0F83E9FC,TestPhone2,-65.0,8.0,610402294.007488,18.260848999023438
2020-05-05 16:11:34.039,F395EC26-DDAA-40BE-2E55-A09A0F83E9FC,TestPhone2,-59.0,8.0,610402294.038171,18.291532039642334
2020-05-05 16:11:34.040,F395EC26-DDAA-40BE-2E55-A09A0F83E9FC,TestPhone2,-59.0,8.0,610402294.038207,18.29156804084778
2020-05-05 16:11:34.075,F395EC26-DDAA-40BE-2E55-A09A0F83E9FC,TestPhone2,-57.0,8.0,610402294.074247,18.32760798931122
2020-05-05 16:11:34.076,F395EC26-DDAA-40BE-2E55-A09A0F83E9FC,TestPhone2,-57.0,8.0,610402294.074282,18.327643036842346
2020-05-05 16:11:34.105,F395EC26-DDAA-40BE-2E55-A09A0F83E9FC,TestPhone2,-57.0,8.0,610402294.10369,18.357051014900208
2020-05-05 16:11:34.107,F395EC26-DDAA-40BE-2E55-A09A0F83E9FC,TestPhone2,-57.0,8.0,610402294.10571,18.359071016311646
2020-05-05 16:11:34.147,F395EC26-DDAA-40BE-2E55-A09A0F83E9FC,TestPhone2,-65.0,8.0,610402294.14637,18.399731040000916
2020-05-05 16:11:34.185,F395EC26-DDAA-40BE-2E55-A09A0F83E9FC,TestPhone2,-58.0,8.0,610402294.183569,18.436929941177368
2020-05-05 16:11:34.185,F395EC26-DDAA-40BE-2E55-A09A0F83E9FC,TestPhone2,-58.0,8.0,610402294.183601,18.436962008476257
2020-05-05 16:11:34.254,F395EC26-DDAA-40BE-2E55-A09A0F83E9FC,TestPhone2,-65.0,8.0,610402294.252863,18.506224036216736
2020-05-05 16:11:34.288,F395EC26-DDAA-40BE-2E55-A09A0F83E9FC,TestPhone2,-58.0,8.0,610402294.286847,18.540207982063293
2020-05-05 16:11:34.289,F395EC26-DDAA-40BE-2E55-A09A0F83E9FC,TestPhone2,-58.0,8.0,610402294.28688,18.5402410030365
2020-05-05 16:11:34.322,F395EC26-DDAA-40BE-2E55-A09A0F83E9FC,TestPhone2,-57.0,8.0,610402294.320482,18.573843002319336
2020-05-05 16:11:34.322,F395EC26-DDAA-40BE-2E55-A09A0F83E9FC,TestPhone2,-57.0,8.0,610402294.320514,18.573874950408936
2020-05-05 16:11:34.356,F395EC26-DDAA-40BE-2E55-A09A0F83E9FC,TestPhone2,-65.0,8.0,610402294.355337,18.60869801044464
2020-05-05 16:11:34.427,F395EC26-DDAA-40BE-2E55-A09A0F83E9FC,TestPhone2,-58.0,8.0,610402294.426041,18.679401993751526
2020-05-05 16:11:34.428,F395EC26-DDAA-40BE-2E55-A09A0F83E9FC,TestPhone2,-58.0,8.0,610402294.426094,18.679455041885376
2020-05-05 16:11:34.464,F395EC26-DDAA-40BE-2E55-A09A0F83E9FC,TestPhone2,-57.0,8.0,610402294.462627,18.715988039970398
2020-05-05 16:11:34.465,F395EC26-DDAA-40BE-2E55-A09A0F83E9FC,TestPhone2,-57.0,8.0,610402294.46267,18.716030955314636
2020-05-05 16:11:34.557,F395EC26-DDAA-40BE-2E55-A09A0F83E9FC,TestPhone2,-57.0,8.0,610402294.555573,18.808933973312378
2020-05-05 16:11:34.557,F395EC26-DDAA-40BE-2E55-A09A0F83E9FC,TestPhone2,-57.0,8.0,610402294.555607,18.8089679479599
2020-05-05 16:11:34.588,F395EC26-DDAA-40BE-2E55-A09A0F83E9FC,TestPhone2,-57.0,8.0,610402294.587203,18.840564012527466
2020-05-05 16:11:34.589,F395EC26-DDAA-40BE-2E55-A09A0F83E9FC,TestPhone2,-57.0,8.0,610402294.587237,18.840597987174988
2020-05-05 16:11:34.621,F395EC26-DDAA-40BE-2E55-A09A0F83E9FC,TestPhone2,-64.0,8.0,610402294.620331,18.87369203567505
2020-05-05 16:11:34.622,F395EC26-DDAA-40BE-2E55-A09A0F83E9FC,TestPhone2,-64.0,8.0,610402294.620368,18.87372899055481
2020-05-05 16:11:34.694,F395EC26-DDAA-40BE-2E55-A09A0F83E9FC,TestPhone2,-57.0,8.0,610402294.692198,18.94555902481079
2020-05-05 16:11:34.695,F395EC26-DDAA-40BE-2E55-A09A0F83E9FC,TestPhone2,-57.0,8.0,610402294.694379,18.947739958763123
2020-05-05 16:11:34.728,F395EC26-DDAA-40BE-2E55-A09A0F83E9FC,TestPhone2,-64.0,8.0,610402294.726584,18.979944944381714
2020-05-05 16:11:34.728,F395EC26-DDAA-40BE-2E55-A09A0F83E9FC,TestPhone2,-64.0,8.0,610402294.726618,18.979979038238525
2020-05-05 16:11:34.766,F395EC26-DDAA-40BE-2E55-A09A0F83E9FC,TestPhone2,-59.0,8.0,610402294.764802,19.018162965774536
2020-05-05 16:11:34.767,F395EC26-DDAA-40BE-2E55-A09A0F83E9FC,TestPhone2,-59.0,8.0,610402294.764844,19.018204927444458
2020-05-05 16:11:34.796,F395EC26-DDAA-40BE-2E55-A09A0F83E9FC,TestPhone2,-57.0,8.0,610402294.79508,19.04844093322754
2020-05-05 16:11:34.797,F395EC26-DDAA-40BE-2E55-A09A0F83E9FC,TestPhone2,-57.0,8.0,610402294.795117,19.04847800731659
2020-05-05 16:11:34.867,F395EC26-DDAA-40BE-2E55-A09A0F83E9FC,TestPhone2,-64.0,8.0,610402294.866218,19.119578957557678
2020-05-05 16:11:34.868,F395EC26-DDAA-40BE-2E55-A09A0F83E9FC,TestPhone2,-64.0,8.0,610402294.866252,19.1196129322052
2020-05-05 16:11:34.903,F395EC26-DDAA-40BE-2E55-A09A0F83E9FC,TestPhone2,-59.0,8.0,610402294.902254,19.155614972114563
2020-05-05 16:11:34.904,F395EC26-DDAA-40BE-2E55-A09A0F83E9FC,TestPhone2,-59.0,8.0,610402294.902288,19.155648946762085
2020-05-05 16:11:34.942,F395EC26-DDAA-40BE-2E55-A09A0F83E9FC,TestPhone2,-57.0,8.0,610402294.94144,19.194800972938538
2020-05-05 16:11:34.943,F395EC26-DDAA-40BE-2E55-A09A0F83E9FC,TestPhone2,-57.0,8.0,610402294.94148,19.194841027259827
2020-05-05 16:11:34.978,F395EC26-DDAA-40BE-2E55-A09A0F83E9FC,TestPhone2,-63.0,8.0,610402294.976559,19.229920029640198
2020-05-05 16:11:34.978,F395EC26-DDAA-40BE-2E55-A09A0F83E9FC,TestPhone2,-63.0,8.0,610402294.976602,19.229962944984436
2020-05-05 16:11:35.013,F395EC26-DDAA-40BE-2E55-A09A0F83E9FC,TestPhone2,-60.0,8.0,610402295.012227,19.26558804512024
2020-05-05 16:11:35.014,F395EC26-DDAA-40BE-2E55-A09A0F83E9FC,TestPhone2,-60.0,8.0,610402295.012262,19.265622973442078
2020-05-05 16:11:35.051,F395EC26-DDAA-40BE-2E55-A09A0F83E9FC,TestPhone2,-57.0,8.0,610402295.049424,19.30278503894806
2020-05-05 16:11:35.051,F395EC26-DDAA-40BE-2E55-A09A0F83E9FC,TestPhone2,-57.0,8.0,610402295.049463,19.302824020385742
2020-05-05 16:11:35.116,F395EC26-DDAA-40BE-2E55-A09A0F83E9FC,TestPhone2,-61.0,8.0,610402295.115169,19.36853003501892
2020-05-05 16:11:35.117,F395EC26-DDAA-40BE-2E55-A09A0F83E9FC,TestPhone2,-61.0,8.0,610402295.115204,19.36856496334076
2020-05-05 16:11:35.265,F395EC26-DDAA-40BE-2E55-A09A0F83E9FC,TestPhone2,-61.0,8.0,610402295.263938,19.517298936843872
2020-05-05 16:11:35.267,F395EC26-DDAA-40BE-2E55-A09A0F83E9FC,TestPhone2,-61.0,8.0,610402295.265572,19.518932938575745
2020-05-05 16:11:35.301,F395EC26-DDAA-40BE-2E55-A09A0F83E9FC,TestPhone2,-57.0,8.0,610402295.300291,19.553651928901672
2020-05-05 16:11:35.302,F395EC26-DDAA-40BE-2E55-A09A0F83E9FC,TestPhone2,-57.0,8.0,610402295.300324,19.553684949874878
2020-05-05 16:11:35.341,F395EC26-DDAA-40BE-2E55-A09A0F83E9FC,TestPhone2,-62.0,8.0,610402295.340368,19.59372901916504
2020-05-05 16:11:35.342,F395EC26-DDAA-40BE-2E55-A09A0F83E9FC,TestPhone2,-62.0,8.0,610402295.340404,19.593765020370483
2020-05-05 16:11:35.374,F395EC26-DDAA-40BE-2E55-A09A0F83E9FC,TestPhone2,-61.0,8.0,610402295.373245,19.626605987548828
2020-05-05 16:11:35.376,F395EC26-DDAA-40BE-2E55-A09A0F83E9FC,TestPhone2,-61.0,8.0,610402295.374878,19.628239035606384
2020-05-05 16:11:35.517,F395EC26-DDAA-40BE-2E55-A09A0F83E9FC,TestPhone2,-57.0,8.0,610402295.515978,19.769338965415955
2020-05-05 16:11:35.518,F395EC26-DDAA-40BE-2E55-A09A0F83E9FC,TestPhone2,-57.0,8.0,610402295.516011,19.76937198638916
2020-05-05 16:11:35.547,F395EC26-DDAA-40BE-2E55-A09A0F83E9FC,TestPhone2,-57.0,8.0,610402295.545487,19.798848032951355
2020-05-05 16:11:35.547,F395EC26-DDAA-40BE-2E55-A09A0F83E9FC,TestPhone2,-57.0,8.0,610402295.545522,19.798882961273193
2020-05-05 16:11:35.619,F395EC26-DDAA-40BE-2E55-A09A0F83E9FC,TestPhone2,-62.0,8.0,610402295.617937,19.871297955513
2020-05-05 16:11:35.620,F395EC26-DDAA-40BE-2E55-A09A0F83E9FC,TestPhone2,-62.0,8.0,610402295.61799,19.87135100364685
2020-05-05 16:11:35.655,F395EC26-DDAA-40BE-2E55-A09A0F83E9FC,TestPhone2,-57.0,8.0,610402295.654293,19.90765392780304
2020-05-05 16:11:35.656,F395EC26-DDAA-40BE-2E55-A09A0F83E9FC,TestPhone2,-57.0,8.0,610402295.654329,19.907689929008484
2020-05-05 16:11:35.687,F395EC26-DDAA-40BE-2E55-A09A0F83E9FC,TestPhone2,-62.0,8.0,610402295.684941,19.938302040100098
2020-05-05 16:11:35.688,F395EC26-DDAA-40BE-2E55-A09A0F83E9FC,TestPhone2,-62.0,8.0,610402295.684974,19.938334941864014
2020-05-05 16:11:35.724,F395EC26-DDAA-40BE-2E55-A09A0F83E9FC,TestPhone2,-62.0,8.0,610402295.721878,19.975239038467407
2020-05-05 16:11:35.724,F395EC26-DDAA-40BE-2E55-A09A0F83E9FC,TestPhone2,-62.0,8.0,610402295.721891,19.97525203227997
2020-05-05 16:11:35.757,F395EC26-DDAA-40BE-2E55-A09A0F83E9FC,TestPhone2,-57.0,8.0,610402295.755602,20.008962988853455
2020-05-05 16:11:35.758,F395EC26-DDAA-40BE-2E55-A09A0F83E9FC,TestPhone2,-57.0,8.0,610402295.755643,20.00900399684906
2020-05-05 16:11:35.788,F395EC26-DDAA-40BE-2E55-A09A0F83E9FC,TestPhone2,-57.0,8.0,610402295.786796,20.040156960487366
2020-05-05 16:11:35.789,F395EC26-DDAA-40BE-2E55-A09A0F83E9FC,TestPhone2,-57.0,8.0,610402295.78683,20.040190935134888
2020-05-05 16:11:35.825,F395EC26-DDAA-40BE-2E55-A09A0F83E9FC,TestPhone2,-61.0,8.0,610402295.823562,20.07692301273346
2020-05-05 16:11:35.825,F395EC26-DDAA-40BE-2E55-A09A0F83E9FC,TestPhone2,-61.0,8.0,610402295.823597,20.076957941055298
2020-05-05 16:11:35.864,F395EC26-DDAA-40BE-2E55-A09A0F83E9FC,TestPhone2,-64.0,8.0,610402295.8631,20.116461038589478
2020-05-05 16:11:35.865,F395EC26-DDAA-40BE-2E55-A09A0F83E9FC,TestPhone2,-64.0,8.0,610402295.863136,20.116497039794922
2020-05-05 16:11:35.895,F395EC26-DDAA-40BE-2E55-A09A0F83E9FC,TestPhone2,-57.0,8.0,610402295.894253,20.147614002227783
2020-05-05 16:11:35.896,F395EC26-DDAA-40BE-2E55-A09A0F83E9FC,TestPhone2,-57.0,8.0,610402295.894287,20.147647976875305
2020-05-05 16:11:35.965,F395EC26-DDAA-40BE-2E55-A09A0F83E9FC,TestPhone2,-63.0,8.0,610402295.963522,20.216882944107056
2020-05-05 16:11:35.965,F395EC26-DDAA-40BE-2E55-A09A0F83E9FC,TestPhone2,-64.0,8.0,610402295.96356,20.216920971870422
2020-05-05 16:11:35.999,F395EC26-DDAA-40BE-2E55-A09A0F83E9FC,TestPhone2,-58.0,8.0,610402295.998008,20.2513689994812
2020-05-05 16:11:36.000,F395EC26-DDAA-40BE-2E55-A09A0F83E9FC,TestPhone2,-58.0,8.0,610402295.998049,20.251410007476807
2020-05-05 16:11:36.104,F395EC26-DDAA-40BE-2E55-A09A0F83E9FC,TestPhone2,-62.0,8.0,610402296.103377,20.356737971305847
2020-05-05 16:11:36.105,F395EC26-DDAA-40BE-2E55-A09A0F83E9FC,TestPhone2,-62.0,8.0,610402296.103413,20.35677397251129
2020-05-05 16:11:36.137,F395EC26-DDAA-40BE-2E55-A09A0F83E9FC,TestPhone2,-58.0,8.0,610402296.13589,20.389250993728638
2020-05-05 16:11:36.138,F395EC26-DDAA-40BE-2E55-A09A0F83E9FC,TestPhone2,-58.0,8.0,610402296.135926,20.389286994934082
2020-05-05 16:11:36.199,F395EC26-DDAA-40BE-2E55-A09A0F83E9FC,TestPhone2,-61.0,8.0,610402296.19801,20.45137095451355
2020-05-05 16:11:36.201,F395EC26-DDAA-40BE-2E55-A09A0F83E9FC,TestPhone2,-61.0,8.0,610402296.199809,20.45316994190216
2020-05-05 16:11:36.266,F395EC26-DDAA-40BE-2E55-A09A0F83E9FC,TestPhone2,-57.0,8.0,610402296.264566,20.517926931381226
2020-05-05 16:11:36.266,F395EC26-DDAA-40BE-2E55-A09A0F83E9FC,TestPhone2,-58.0,8.0,610402296.264599,20.51795995235443
2020-05-05 16:11:36.331,F395EC26-DDAA-40BE-2E55-A09A0F83E9FC,TestPhone2,-62.0,8.0,610402296.329774,20.58313500881195
2020-05-05 16:11:36.332,F395EC26-DDAA-40BE-2E55-A09A0F83E9FC,TestPhone2,-62.0,8.0,610402296.329809,20.58316993713379
2020-05-05 16:11:36.368,F395EC26-DDAA-40BE-2E55-A09A0F83E9FC,TestPhone2,-58.0,8.0,610402296.367144,20.62050497531891
2020-05-05 16:11:36.369,F395EC26-DDAA-40BE-2E55-A09A0F83E9FC,TestPhone2,-58.0,8.0,610402296.367176,20.620537042617798
2020-05-05 16:11:36.401,F395EC26-DDAA-40BE-2E55-A09A0F83E9FC,TestPhone2,-62.0,8.0,610402296.400088,20.653448939323425
2020-05-05 16:11:36.402,F395EC26-DDAA-40BE-2E55-A09A0F83E9FC,TestPhone2,-62.0,8.0,610402296.400127,20.653488039970398
2020-05-05 16:11:36.498,F395EC26-DDAA-40BE-2E55-A09A0F83E9FC,TestPhone2,-57.0,8.0,610402296.496464,20.74982500076294
2020-05-05 16:11:36.499,F395EC26-DDAA-40BE-2E55-A09A0F83E9FC,TestPhone2,-58.0,8.0,610402296.498093,20.75145399570465
2020-05-05 16:11:36.537,F395EC26-DDAA-40BE-2E55-A09A0F83E9FC,TestPhone2,-62.0,8.0,610402296.536032,20.789392948150635
2020-05-05 16:11:36.538,F395EC26-DDAA-40BE-2E55-A09A0F83E9FC,TestPhone2,-62.0,8.0,610402296.536071,20.789431929588318
2020-05-05 16:11:36.567,F395EC26-DDAA-40BE-2E55-A09A0F83E9FC,TestPhone2,-60.0,8.0,610402296.565422,20.818783044815063
2020-05-05 16:11:36.568,F395EC26-DDAA-40BE-2E55-A09A0F83E9FC,TestPhone2,-60.0,8.0,610402296.567283,20.82064402103424
2020-05-05 16:11:36.599,F395EC26-DDAA-40BE-2E55-A09A0F83E9FC,TestPhone2,-58.0,8.0,610402296.598036,20.851397037506104
2020-05-05 16:11:36.600,F395EC26-DDAA-40BE-2E55-A09A0F83E9FC,TestPhone2,-58.0,8.0,610402296.598074,20.85143494606018
2020-05-05 16:11:36.640,F395EC26-DDAA-40BE-2E55-A09A0F83E9FC,TestPhone2,-62.0,8.0,610402296.638802,20.892163038253784
2020-05-05 16:11:36.641,F395EC26-DDAA-40BE-2E55-A09A0F83E9FC,TestPhone2,-62.0,8.0,610402296.638836,20.892197012901306
2020-05-05 16:11:36.678,F395EC26-DDAA-40BE-2E55-A09A0F83E9FC,TestPhone2,-59.0,8.0,610402296.676725,20.93008601665497
2020-05-05 16:11:36.678,F395EC26-DDAA-40BE-2E55-A09A0F83E9FC,TestPhone2,-59.0,8.0,610402296.67676,20.930120944976807
2020-05-05 16:11:36.718,F395EC26-DDAA-40BE-2E55-A09A0F83E9FC,TestPhone2,-58.0,8.0,610402296.716908,20.970268964767456
2020-05-05 16:11:36.719,F395EC26-DDAA-40BE-2E55-A09A0F83E9FC,TestPhone2,-58.0,8.0,610402296.716952,20.9703129529953
2020-05-05 16:11:36.830,F395EC26-DDAA-40BE-2E55-A09A0F83E9FC,TestPhone2,-59.0,8.0,610402296.829321,21.082682013511658
2020-05-05 16:11:36.831,F395EC26-DDAA-40BE-2E55-A09A0F83E9FC,TestPhone2,-59.0,8.0,610402296.829381,21.0827419757843
2020-05-05 16:11:36.899,F395EC26-DDAA-40BE-2E55-A09A0F83E9FC,TestPhone2,-63.0,8.0,610402296.898431,21.15179193019867
2020-05-05 16:11:36.900,F395EC26-DDAA-40BE-2E55-A09A0F83E9FC,TestPhone2,-63.0,8.0,610402296.898464,21.151824951171875
2020-05-05 16:11:36.998,F395EC26-DDAA-40BE-2E55-A09A0F83E9FC,TestPhone2,-59.0,8.0,610402296.99653,21.24989104270935
2020-05-05 16:11:36.999,F395EC26-DDAA-40BE-2E55-A09A0F83E9FC,TestPhone2,-59.0,8.0,610402296.998216,21.251577019691467
2020-05-05 16:11:37.249,F395EC26-DDAA-40BE-2E55-A09A0F83E9FC,TestPhone2,-62.0,8.0,610402297.247535,21.500895977020264
2020-05-05 16:11:37.249,F395EC26-DDAA-40BE-2E55-A09A0F83E9FC,TestPhone2,-62.0,8.0,610402297.247573,21.50093400478363
2020-05-05 16:11:37.323,F395EC26-DDAA-40BE-2E55-A09A0F83E9FC,TestPhone2,-60.0,8.0,610402297.322302,21.575662970542908
2020-05-05 16:11:37.324,F395EC26-DDAA-40BE-2E55-A09A0F83E9FC,TestPhone2,-60.0,8.0,610402297.322335,21.575695991516113
2020-05-05 16:11:37.422,F395EC26-DDAA-40BE-2E55-A09A0F83E9FC,TestPhone2,-63.0,8.0,610402297.420542,21.673902988433838
2020-05-05 16:11:37.422,F395EC26-DDAA-40BE-2E55-A09A0F83E9FC,TestPhone2,-63.0,8.0,610402297.420574,21.673934936523438
2020-05-05 16:11:37.490,F395EC26-DDAA-40BE-2E55-A09A0F83E9FC,TestPhone2,-60.0,8.0,610402297.488565,21.741925954818726
2020-05-05 16:11:37.490,F395EC26-DDAA-40BE-2E55-A09A0F83E9FC,TestPhone2,-60.0,8.0,610402297.488601,21.74196195602417
2020-05-05 16:11:37.559,F395EC26-DDAA-40BE-2E55-A09A0F83E9FC,TestPhone2,-59.0,8.0,610402297.558026,21.811386942863464
2020-05-05 16:11:37.560,F395EC26-DDAA-40BE-2E55-A09A0F83E9FC,TestPhone2,-59.0,8.0,610402297.558059,21.81141996383667
2020-05-05 16:11:37.623,F395EC26-DDAA-40BE-2E55-A09A0F83E9FC,TestPhone2,-63.0,8.0,610402297.621722,21.875082969665527
2020-05-05 16:11:37.659,F395EC26-DDAA-40BE-2E55-A09A0F83E9FC,TestPhone2,-59.0,8.0,610402297.658077,21.91143798828125
2020-05-05 16:11:37.661,F395EC26-DDAA-40BE-2E55-A09A0F83E9FC,TestPhone2,-59.0,8.0,610402297.659754,21.91311502456665
2020-05-05 16:11:37.836,F395EC26-DDAA-40BE-2E55-A09A0F83E9FC,TestPhone2,-59.0,8.0,610402297.834839,22.088199973106384
2020-05-05 16:11:37.837,F395EC26-DDAA-40BE-2E55-A09A0F83E9FC,TestPhone2,-59.0,8.0,610402297.834872,22.08823299407959
2020-05-05 16:11:37.909,F395EC26-DDAA-40BE-2E55-A09A0F83E9FC,TestPhone2,-58.0,8.0,610402297.908401,22.16176199913025
2020-05-05 16:11:37.910,F395EC26-DDAA-40BE-2E55-A09A0F83E9FC,TestPhone2,-58.0,8.0,610402297.908434,22.161795020103455
2020-05-05 16:11:38.021,F395EC26-DDAA-40BE-2E55-A09A0F83E9FC,TestPhone2,-59.0,8.0,610402298.01996,22.27332103252411
2020-05-05 16:11:38.022,F395EC26-DDAA-40BE-2E55-A09A0F83E9FC,TestPhone2,-59.0,8.0,610402298.019994,22.27335500717163
2020-05-05 16:11:38.085,F395EC26-DDAA-40BE-2E55-A09A0F83E9FC,TestPhone2,-58.0,8.0,610402298.083572,22.33693301677704
2020-05-05 16:11:38.086,F395EC26-DDAA-40BE-2E55-A09A0F83E9FC,TestPhone2,-58.0,8.0,610402298.083606,22.33696699142456
2020-05-05 16:11:38.327,F395EC26-DDAA-40BE-2E55-A09A0F83E9FC,TestPhone2,-61.0,8.0,610402298.325426,22.578786969184875
2020-05-05 16:11:38.327,F395EC26-DDAA-40BE-2E55-A09A0F83E9FC,TestPhone2,-61.0,8.0,610402298.326483,22.579843997955322
2020-05-05 16:11:38.393,F395EC26-DDAA-40BE-2E55-A09A0F83E9FC,TestPhone2,-58.0,8.0,610402298.392364,22.64572501182556
2020-05-05 16:11:38.394,F395EC26-DDAA-40BE-2E55-A09A0F83E9FC,TestPhone2,-59.0,8.0,610402298.392398,22.645758986473083
2020-05-05 16:11:38.458,F395EC26-DDAA-40BE-2E55-A09A0F83E9FC,TestPhone2,-58.0,8.0,610402298.456396,22.70975697040558
2020-05-05 16:11:38.460,F395EC26-DDAA-40BE-2E55-A09A0F83E9FC,TestPhone2,-58.0,8.0,610402298.45878,22.712141036987305
2020-05-05 16:11:38.495,F395EC26-DDAA-40BE-2E55-A09A0F83E9FC,TestPhone2,-60.0,8.0,610402298.494235,22.74759602546692
2020-05-05 16:11:38.496,F395EC26-DDAA-40BE-2E55-A09A0F83E9FC,TestPhone2,-60.0,8.0,610402298.494274,22.747635006904602
2020-05-05 16:11:38.561,F395EC26-DDAA-40BE-2E55-A09A0F83E9FC,TestPhone2,-58.0,8.0,610402298.560172,22.813532948493958
2020-05-05 16:11:38.564,F395EC26-DDAA-40BE-2E55-A09A0F83E9FC,TestPhone2,-59.0,8.0,610402298.562588,22.815948963165283
2020-05-05 16:11:38.630,F395EC26-DDAA-40BE-2E55-A09A0F83E9FC,TestPhone2,-58.0,8.0,610402298.629228,22.882588982582092
2020-05-05 16:11:38.631,F395EC26-DDAA-40BE-2E55-A09A0F83E9FC,TestPhone2,-58.0,8.0,610402298.62926,22.882620930671692
2020-05-05 16:11:38.700,F395EC26-DDAA-40BE-2E55-A09A0F83E9FC,TestPhone2,-59.0,8.0,610402298.698802,22.952162981033325
2020-05-05 16:11:38.800,F395EC26-DDAA-40BE-2E55-A09A0F83E9FC,TestPhone2,-58.0,8.0,610402298.798997,23.052358031272888
2020-05-05 16:11:38.801,F395EC26-DDAA-40BE-2E55-A09A0F83E9FC,TestPhone2,-58.0,8.0,610402298.800065,23.053426027297974
2020-05-05 16:11:39.042,F395EC26-DDAA-40BE-2E55-A09A0F83E9FC,TestPhone2,-58.0,8.0,610402299.041371,23.294731974601746
2020-05-05 16:11:39.044,F395EC26-DDAA-40BE-2E55-A09A0F83E9FC,TestPhone2,-58.0,8.0,610402299.043037,23.296398043632507
2020-05-05 16:11:39.113,F395EC26-DDAA-40BE-2E55-A09A0F83E9FC,TestPhone2,-58.0,8.0,610402299.111938,23.365298986434937
2020-05-05 16:11:39.114,F395EC26-DDAA-40BE-2E55-A09A0F83E9FC,TestPhone2,-58.0,8.0,610402299.111973,23.365334033966064
2020-05-05 16:11:39.226,F395EC26-DDAA-40BE-2E55-A09A0F83E9FC,TestPhone2,-60.0,8.0,610402299.224392,23.477753043174744
2020-05-05 16:11:39.226,F395EC26-DDAA-40BE-2E55-A09A0F83E9FC,TestPhone2,-60.0,8.0,610402299.224453,23.477813959121704
2020-05-05 16:11:39.303,F395EC26-DDAA-40BE-2E55-A09A0F83E9FC,TestPhone2,-57.0,8.0,610402299.30129,23.554651021957397
2020-05-05 16:11:39.304,F395EC26-DDAA-40BE-2E55-A09A0F83E9FC,TestPhone2,-57.0,8.0,610402299.301304,23.554664969444275
2020-05-05 16:11:39.341,F395EC26-DDAA-40BE-2E55-A09A0F83E9FC,TestPhone2,-56.0,8.0,610402299.340337,23.593698024749756
2020-05-05 16:11:39.342,F395EC26-DDAA-40BE-2E55-A09A0F83E9FC,TestPhone2,-56.0,8.0,610402299.340379,23.593739986419678
2020-05-05 16:11:39.524,F395EC26-DDAA-40BE-2E55-A09A0F83E9FC,TestPhone2,-57.0,8.0,610402299.512577,23.76593804359436
2020-05-05 16:11:39.525,F395EC26-DDAA-40BE-2E55-A09A0F83E9FC,TestPhone2,-57.0,8.0,610402299.514403,23.76776397228241
2020-05-05 16:11:39.548,F395EC26-DDAA-40BE-2E55-A09A0F83E9FC,TestPhone2,-57.0,8.0,610402299.546981,23.800341963768005
2020-05-05 16:11:39.549,F395EC26-DDAA-40BE-2E55-A09A0F83E9FC,TestPhone2,-57.0,8.0,610402299.547016,23.800377011299133
2020-05-05 16:11:39.619,F395EC26-DDAA-40BE-2E55-A09A0F83E9FC,TestPhone2,-59.0,8.0,610402299.618448,23.871809005737305
2020-05-05 16:11:39.620,F395EC26-DDAA-40BE-2E55-A09A0F83E9FC,TestPhone2,-59.0,8.0,610402299.618487,23.871847987174988
2020-05-05 16:11:39.687,F395EC26-DDAA-40BE-2E55-A09A0F83E9FC,TestPhone2,-59.0,8.0,610402299.686363,23.93972396850586
2020-05-05 16:11:39.688,F395EC26-DDAA-40BE-2E55-A09A0F83E9FC,TestPhone2,-59.0,8.0,610402299.686402,23.939762949943542
2020-05-05 16:11:39.724,F395EC26-DDAA-40BE-2E55-A09A0F83E9FC,TestPhone2,-59.0,8.0,610402299.722984,23.97634494304657
2020-05-05 16:11:39.725,F395EC26-DDAA-40BE-2E55-A09A0F83E9FC,TestPhone2,-58.0,8.0,610402299.723018,23.97637903690338
2020-05-05 16:11:39.795,F395EC26-DDAA-40BE-2E55-A09A0F83E9FC,TestPhone2,-61.0,8.0,610402299.79338,24.046741008758545
2020-05-05 16:11:39.796,F395EC26-DDAA-40BE-2E55-A09A0F83E9FC,TestPhone2,-61.0,8.0,610402299.79451,24.047870993614197
2020-05-05 16:11:39.863,F395EC26-DDAA-40BE-2E55-A09A0F83E9FC,TestPhone2,-60.0,8.0,610402299.862063,24.115424036979675
2020-05-05 16:11:39.864,F395EC26-DDAA-40BE-2E55-A09A0F83E9FC,TestPhone2,-60.0,8.0,610402299.862102,24.11546301841736
2020-05-05 16:11:39.961,F395EC26-DDAA-40BE-2E55-A09A0F83E9FC,TestPhone2,-61.0,8.0,610402299.960021,24.21338200569153
2020-05-05 16:11:40.108,F395EC26-DDAA-40BE-2E55-A09A0F83E9FC,TestPhone2,-58.0,8.0,610402300.106508,24.3598690032959
2020-05-05 16:11:40.108,F395EC26-DDAA-40BE-2E55-A09A0F83E9FC,TestPhone2,-58.0,8.0,610402300.107594,24.360954999923706
2020-05-05 16:11:40.140,F395EC26-DDAA-40BE-2E55-A09A0F83E9FC,TestPhone2,-61.0,8.0,610402300.138729,24.39208996295929
2020-05-05 16:11:40.213,F395EC26-DDAA-40BE-2E55-A09A0F83E9FC,TestPhone2,-63.0,8.0,610402300.211934,24.46529495716095
2020-05-05 16:11:40.282,F395EC26-DDAA-40BE-2E55-A09A0F83E9FC,TestPhone2,-57.0,8.0,610402300.281272,24.53463304042816
2020-05-05 16:11:40.283,F395EC26-DDAA-40BE-2E55-A09A0F83E9FC,TestPhone2,-57.0,8.0,610402300.281307,24.53466796875
2020-05-05 16:11:40.323,F395EC26-DDAA-40BE-2E55-A09A0F83E9FC,TestPhone2,-60.0,8.0,610402300.321895,24.57525599002838
2020-05-05 16:11:40.393,F395EC26-DDAA-40BE-2E55-A09A0F83E9FC,TestPhone2,-63.0,8.0,610402300.39147,24.64483094215393
2020-05-05 16:11:40.393,F395EC26-DDAA-40BE-2E55-A09A0F83E9FC,TestPhone2,-63.0,8.0,610402300.391506,24.644866943359375
2020-05-05 16:11:40.567,F395EC26-DDAA-40BE-2E55-A09A0F83E9FC,TestPhone2,-67.0,8.0,610402300.566001,24.81936204433441
2020-05-05 16:11:40.568,F395EC26-DDAA-40BE-2E55-A09A0F83E9FC,TestPhone2,-67.0,8.0,610402300.56604,24.819401025772095
2020-05-05 16:11:40.711,F395EC26-DDAA-40BE-2E55-A09A0F83E9FC,TestPhone2,-55.0,8.0,610402300.709528,24.962888956069946
2020-05-05 16:11:40.712,F395EC26-DDAA-40BE-2E55-A09A0F83E9FC,TestPhone2,-55.0,8.0,610402300.709569,24.96292996406555
2020-05-05 16:11:40.815,F395EC26-DDAA-40BE-2E55-A09A0F83E9FC,TestPhone2,-56.0,8.0,610402300.813768,25.067129015922546
2020-05-05 16:11:40.816,F395EC26-DDAA-40BE-2E55-A09A0F83E9FC,TestPhone2,-56.0,8.0,610402300.813824,25.067185044288635
2020-05-05 16:11:40.931,F395EC26-DDAA-40BE-2E55-A09A0F83E9FC,TestPhone2,-69.0,8.0,610402300.930205,25.183565974235535
2020-05-05 16:11:40.932,F395EC26-DDAA-40BE-2E55-A09A0F83E9FC,TestPhone2,-69.0,8.0,610402300.930242,25.183602929115295
2020-05-05 16:11:40.996,F395EC26-DDAA-40BE-2E55-A09A0F83E9FC,TestPhone2,-57.0,8.0,610402300.995097,25.24845802783966
2020-05-05 16:11:40.997,F395EC26-DDAA-40BE-2E55-A09A0F83E9FC,TestPhone2,-57.0,8.0,610402300.995132,25.2484929561615
2020-05-05 16:11:41.064,F395EC26-DDAA-40BE-2E55-A09A0F83E9FC,TestPhone2,-54.0,8.0,610402301.063232,25.316592931747437
2020-05-05 16:11:41.065,F395EC26-DDAA-40BE-2E55-A09A0F83E9FC,TestPhone2,-54.0,8.0,610402301.063266,25.316627025604248
2020-05-05 16:11:41.131,F395EC26-DDAA-40BE-2E55-A09A0F83E9FC,TestPhone2,-69.0,8.0,610402301.129933,25.383293986320496
2020-05-05 16:11:41.132,F395EC26-DDAA-40BE-2E55-A09A0F83E9FC,TestPhone2,-69.0,8.0,610402301.129967,25.383327960968018
2020-05-05 16:11:41.167,F395EC26-DDAA-40BE-2E55-A09A0F83E9FC,TestPhone2,-57.0,8.0,610402301.166259,25.419620037078857
2020-05-05 16:11:41.168,F395EC26-DDAA-40BE-2E55-A09A0F83E9FC,TestPhone2,-57.0,8.0,610402301.166294,25.419654965400696
2020-05-05 16:11:41.343,F395EC26-DDAA-40BE-2E55-A09A0F83E9FC,TestPhone2,-54.0,8.0,610402301.34195,25.595311045646667
2020-05-05 16:11:41.344,F395EC26-DDAA-40BE-2E55-A09A0F83E9FC,TestPhone2,-54.0,8.0,610402301.341983,25.595343947410583
2020-05-05 16:11:41.384,F395EC26-DDAA-40BE-2E55-A09A0F83E9FC,TestPhone2,-66.0,8.0,610402301.382763,25.63612401485443
2020-05-05 16:11:41.385,F395EC26-DDAA-40BE-2E55-A09A0F83E9FC,TestPhone2,-66.0,8.0,610402301.382796,25.636157035827637
2020-05-05 16:11:41.458,F395EC26-DDAA-40BE-2E55-A09A0F83E9FC,TestPhone2,-59.0,8.0,610402301.456935,25.710296034812927
2020-05-05 16:11:41.459,F395EC26-DDAA-40BE-2E55-A09A0F83E9FC,TestPhone2,-59.0,8.0,610402301.458283,25.711643934249878
2020-05-05 16:11:41.532,F395EC26-DDAA-40BE-2E55-A09A0F83E9FC,TestPhone2,-54.0,8.0,610402301.5305,25.78386104106903
2020-05-05 16:11:41.532,F395EC26-DDAA-40BE-2E55-A09A0F83E9FC,TestPhone2,-54.0,8.0,610402301.530532,25.78389298915863
2020-05-05 16:11:41.751,F395EC26-DDAA-40BE-2E55-A09A0F83E9FC,TestPhone2,-64.0,8.0,610402301.749419,26.002779960632324
2020-05-05 16:11:41.752,F395EC26-DDAA-40BE-2E55-A09A0F83E9FC,TestPhone2,-65.0,8.0,610402301.749459,26.002820014953613
2020-05-05 16:11:41.820,F395EC26-DDAA-40BE-2E55-A09A0F83E9FC,TestPhone2,-59.0,8.0,610402301.818783,26.072144031524658
2020-05-05 16:11:41.821,F395EC26-DDAA-40BE-2E55-A09A0F83E9FC,TestPhone2,-59.0,8.0,610402301.818818,26.072178959846497
2020-05-05 16:11:41.928,F395EC26-DDAA-40BE-2E55-A09A0F83E9FC,TestPhone2,-64.0,8.0,610402301.926502,26.17986297607422
2020-05-05 16:11:41.929,F395EC26-DDAA-40BE-2E55-A09A0F83E9FC,TestPhone2,-64.0,8.0,610402301.928123,26.18148398399353
2020-05-05 16:11:41.994,F395EC26-DDAA-40BE-2E55-A09A0F83E9FC,TestPhone2,-58.0,8.0,610402301.99291,26.246271014213562
2020-05-05 16:11:41.995,F395EC26-DDAA-40BE-2E55-A09A0F83E9FC,TestPhone2,-58.0,8.0,610402301.99296,26.246320962905884
2020-05-05 16:11:42.062,F395EC26-DDAA-40BE-2E55-A09A0F83E9FC,TestPhone2,-54.0,8.0,610402302.060642,26.314002990722656
2020-05-05 16:11:42.062,F395EC26-DDAA-40BE-2E55-A09A0F83E9FC,TestPhone2,-54.0,8.0,610402302.060681,26.31404197216034
2020-05-05 16:11:42.100,F395EC26-DDAA-40BE-2E55-A09A0F83E9FC,TestPhone2,-66.0,8.0,610402302.099048,26.3524090051651
2020-05-05 16:11:42.237,F395EC26-DDAA-40BE-2E55-A09A0F83E9FC,TestPhone2,-55.0,8.0,610402302.235674,26.48903501033783
2020-05-05 16:11:42.237,F395EC26-DDAA-40BE-2E55-A09A0F83E9FC,TestPhone2,-55.0,8.0,610402302.235707,26.489068031311035
2020-05-05 16:11:42.304,F395EC26-DDAA-40BE-2E55-A09A0F83E9FC,TestPhone2,-60.0,8.0,610402302.303028,26.55638897418976
2020-05-05 16:11:42.305,F395EC26-DDAA-40BE-2E55-A09A0F83E9FC,TestPhone2,-60.0,8.0,610402302.303062,26.55642294883728
2020-05-05 16:11:42.370,F395EC26-DDAA-40BE-2E55-A09A0F83E9FC,TestPhone2,-53.0,8.0,610402302.368637,26.621997952461243
2020-05-05 16:11:42.370,F395EC26-DDAA-40BE-2E55-A09A0F83E9FC,TestPhone2,-53.0,8.0,610402302.368691,26.62205195426941
2020-05-05 16:11:42.409,F395EC26-DDAA-40BE-2E55-A09A0F83E9FC,TestPhone2,-55.0,8.0,610402302.407857,26.66121792793274
2020-05-05 16:11:42.552,F395EC26-DDAA-40BE-2E55-A09A0F83E9FC,TestPhone2,-59.0,8.0,610402302.550837,26.804198026657104
2020-05-05 16:11:42.554,F395EC26-DDAA-40BE-2E55-A09A0F83E9FC,TestPhone2,-59.0,8.0,610402302.552669,26.80603003501892
2020-05-05 16:11:42.587,F395EC26-DDAA-40BE-2E55-A09A0F83E9FC,TestPhone2,-55.0,8.0,610402302.5857,26.83906102180481
2020-05-05 16:11:42.651,F395EC26-DDAA-40BE-2E55-A09A0F83E9FC,TestPhone2,-67.0,8.0,610402302.650109,26.903470039367676
2020-05-05 16:11:42.652,F395EC26-DDAA-40BE-2E55-A09A0F83E9FC,TestPhone2,-67.0,8.0,610402302.650142,26.903502941131592
2020-05-05 16:11:42.720,F395EC26-DDAA-40BE-2E55-A09A0F83E9FC,TestPhone2,-70.0,8.0,610402302.718778,26.97213900089264
2020-05-05 16:11:42.721,F395EC26-DDAA-40BE-2E55-A09A0F83E9FC,TestPhone2,-71.0,8.0,610402302.71881,26.97217094898224
2020-05-05 16:11:42.824,F395EC26-DDAA-40BE-2E55-A09A0F83E9FC,TestPhone2,-64.0,8.0,610402302.82279,27.07615101337433
2020-05-05 16:11:42.825,F395EC26-DDAA-40BE-2E55-A09A0F83E9FC,TestPhone2,-64.0,8.0,610402302.82442,27.077780961990356
2020-05-05 16:11:42.895,F395EC26-DDAA-40BE-2E55-A09A0F83E9FC,TestPhone2,-70.0,8.0,610402302.894241,27.14760196208954
2020-05-05 16:11:42.897,F395EC26-DDAA-40BE-2E55-A09A0F83E9FC,TestPhone2,-70.0,8.0,610402302.896136,27.149497032165527
2020-05-05 16:11:42.969,F395EC26-DDAA-40BE-2E55-A09A0F83E9FC,TestPhone2,-58.0,8.0,610402302.968513,27.221873998641968
2020-05-05 16:11:43.008,F395EC26-DDAA-40BE-2E55-A09A0F83E9FC,TestPhone2,-62.0,8.0,610402303.006738,27.260098934173584
2020-05-05 16:11:43.009,F395EC26-DDAA-40BE-2E55-A09A0F83E9FC,TestPhone2,-62.0,8.0,610402303.006773,27.260133981704712
2020-05-05 16:11:43.071,F395EC26-DDAA-40BE-2E55-A09A0F83E9FC,TestPhone2,-62.0,8.0,610402303.069568,27.32292902469635
2020-05-05 16:11:43.072,F395EC26-DDAA-40BE-2E55-A09A0F83E9FC,TestPhone2,-62.0,8.0,610402303.071196,27.324556946754456
2020-05-05 16:11:43.139,F395EC26-DDAA-40BE-2E55-A09A0F83E9FC,TestPhone2,-62.0,8.0,610402303.137593,27.39095401763916
2020-05-05 16:11:43.139,F395EC26-DDAA-40BE-2E55-A09A0F83E9FC,TestPhone2,-62.0,8.0,610402303.137626,27.390987038612366
2020-05-05 16:11:43.262,F395EC26-DDAA-40BE-2E55-A09A0F83E9FC,TestPhone2,-60.0,8.0,610402303.261172,27.514533042907715
2020-05-05 16:11:43.263,F395EC26-DDAA-40BE-2E55-A09A0F83E9FC,TestPhone2,-60.0,8.0,610402303.261209,27.514569997787476
2020-05-05 16:11:43.326,F395EC26-DDAA-40BE-2E55-A09A0F83E9FC,TestPhone2,-62.0,8.0,610402303.324569,27.577929973602295
2020-05-05 16:11:43.326,F395EC26-DDAA-40BE-2E55-A09A0F83E9FC,TestPhone2,-62.0,8.0,610402303.324604,27.577965021133423
2020-05-05 16:11:43.431,F395EC26-DDAA-40BE-2E55-A09A0F83E9FC,TestPhone2,-65.0,8.0,610402303.429954,27.68331503868103
2020-05-05 16:11:43.432,F395EC26-DDAA-40BE-2E55-A09A0F83E9FC,TestPhone2,-65.0,8.0,610402303.430012,27.683372974395752
2020-05-05 16:11:43.503,F395EC26-DDAA-40BE-2E55-A09A0F83E9FC,TestPhone2,-57.0,8.0,610402303.501906,27.755267024040222
2020-05-05 16:11:43.504,F395EC26-DDAA-40BE-2E55-A09A0F83E9FC,TestPhone2,-57.0,8.0,610402303.501944,27.7553049325943
2020-05-05 16:11:43.629,F395EC26-DDAA-40BE-2E55-A09A0F83E9FC,TestPhone2,-65.0,8.0,610402303.627529,27.880890011787415
2020-05-05 16:11:43.629,F395EC26-DDAA-40BE-2E55-A09A0F83E9FC,TestPhone2,-65.0,8.0,610402303.627564,27.880924940109253
2020-05-05 16:11:43.730,F395EC26-DDAA-40BE-2E55-A09A0F83E9FC,TestPhone2,-68.0,8.0,610402303.728751,27.982111930847168
2020-05-05 16:11:43.731,F395EC26-DDAA-40BE-2E55-A09A0F83E9FC,TestPhone2,-68.0,8.0,610402303.730351,27.98371195793152
2020-05-05 16:11:43.796,F395EC26-DDAA-40BE-2E55-A09A0F83E9FC,TestPhone2,-57.0,8.0,610402303.795037,28.0483980178833
2020-05-05 16:11:43.797,F395EC26-DDAA-40BE-2E55-A09A0F83E9FC,TestPhone2,-57.0,8.0,610402303.795072,28.04843294620514
2020-05-05 16:11:43.863,F395EC26-DDAA-40BE-2E55-A09A0F83E9FC,TestPhone2,-55.0,8.0,610402303.862036,28.115396976470947
2020-05-05 16:11:43.864,F395EC26-DDAA-40BE-2E55-A09A0F83E9FC,TestPhone2,-55.0,8.0,610402303.862069,28.115429997444153
2020-05-05 16:11:43.903,F395EC26-DDAA-40BE-2E55-A09A0F83E9FC,TestPhone2,-64.0,8.0,610402303.901586,28.15494704246521
2020-05-05 16:11:43.904,F395EC26-DDAA-40BE-2E55-A09A0F83E9FC,TestPhone2,-64.0,8.0,610402303.903464,28.156824946403503
2020-05-05 16:11:43.934,F395EC26-DDAA-40BE-2E55-A09A0F83E9FC,TestPhone2,-66.0,8.0,610402303.932188,28.185549020767212
2020-05-05 16:11:43.935,F395EC26-DDAA-40BE-2E55-A09A0F83E9FC,TestPhone2,-66.0,8.0,610402303.932223,28.18558394908905
2020-05-05 16:11:44.035,F395EC26-DDAA-40BE-2E55-A09A0F83E9FC,TestPhone2,-57.0,8.0,610402304.033412,28.286772966384888
2020-05-05 16:11:44.035,F395EC26-DDAA-40BE-2E55-A09A0F83E9FC,TestPhone2,-57.0,8.0,610402304.033455,28.286816000938416
2020-05-05 16:11:44.096,F395EC26-DDAA-40BE-2E55-A09A0F83E9FC,TestPhone2,-62.0,8.0,610402304.095248,28.34860897064209
2020-05-05 16:11:44.097,F395EC26-DDAA-40BE-2E55-A09A0F83E9FC,TestPhone2,-62.0,8.0,610402304.095281,28.348641991615295
2020-05-05 16:11:44.169,F395EC26-DDAA-40BE-2E55-A09A0F83E9FC,TestPhone2,-57.0,8.0,610402304.168434,28.42179501056671
2020-05-05 16:11:44.170,F395EC26-DDAA-40BE-2E55-A09A0F83E9FC,TestPhone2,-58.0,8.0,610402304.168467,28.421828031539917
2020-05-05 16:11:44.348,F395EC26-DDAA-40BE-2E55-A09A0F83E9FC,TestPhone2,-56.0,8.0,610402304.346748,28.600108981132507
2020-05-05 16:11:44.349,F395EC26-DDAA-40BE-2E55-A09A0F83E9FC,TestPhone2,-56.0,8.0,610402304.346787,28.60014796257019
2020-05-05 16:11:44.409,F395EC26-DDAA-40BE-2E55-A09A0F83E9FC,TestPhone2,-59.0,8.0,610402304.408295,28.66165602207184
2020-05-05 16:11:44.410,F395EC26-DDAA-40BE-2E55-A09A0F83E9FC,TestPhone2,-59.0,8.0,610402304.40833,28.661690950393677
2020-05-05 16:11:44.446,F395EC26-DDAA-40BE-2E55-A09A0F83E9FC,TestPhone2,-62.0,8.0,610402304.445492,28.698853015899658
2020-05-05 16:11:44.447,F395EC26-DDAA-40BE-2E55-A09A0F83E9FC,TestPhone2,-62.0,8.0,610402304.445526,28.69888699054718
2020-05-05 16:11:44.516,F395EC26-DDAA-40BE-2E55-A09A0F83E9FC,TestPhone2,-55.0,8.0,610402304.514825,28.76818597316742
2020-05-05 16:11:44.517,F395EC26-DDAA-40BE-2E55-A09A0F83E9FC,TestPhone2,-55.0,8.0,610402304.51646,28.76982092857361
2020-05-05 16:11:44.706,F395EC26-DDAA-40BE-2E55-A09A0F83E9FC,TestPhone2,-57.0,8.0,610402304.704723,28.958083987236023
2020-05-05 16:11:44.707,F395EC26-DDAA-40BE-2E55-A09A0F83E9FC,TestPhone2,-57.0,8.0,610402304.706298,28.959658980369568
2020-05-05 16:11:44.818,F395EC26-DDAA-40BE-2E55-A09A0F83E9FC,TestPhone2,-62.0,8.0,610402304.816543,29.06990396976471
2020-05-05 16:11:44.818,F395EC26-DDAA-40BE-2E55-A09A0F83E9FC,TestPhone2,-62.0,8.0,610402304.816578,29.069939017295837
2020-05-05 16:11:44.999,F395EC26-DDAA-40BE-2E55-A09A0F83E9FC,TestPhone2,-62.0,8.0,610402304.997184,29.250545024871826
2020-05-05 16:11:45.000,F395EC26-DDAA-40BE-2E55-A09A0F83E9FC,TestPhone2,-62.0,8.0,610402304.998953,29.25231397151947
2020-05-05 16:11:45.066,F395EC26-DDAA-40BE-2E55-A09A0F83E9FC,TestPhone2,-57.0,8.0,610402305.064664,29.31802499294281
2020-05-05 16:11:45.066,F395EC26-DDAA-40BE-2E55-A09A0F83E9FC,TestPhone2,-57.0,8.0,610402305.064698,29.318058967590332
2020-05-05 16:11:45.127,F395EC26-DDAA-40BE-2E55-A09A0F83E9FC,TestPhone2,-57.0,8.0,610402305.125858,29.37921893596649
2020-05-05 16:11:45.128,F395EC26-DDAA-40BE-2E55-A09A0F83E9FC,TestPhone2,-58.0,8.0,610402305.125892,29.379253029823303
2020-05-05 16:11:45.224,F395EC26-DDAA-40BE-2E55-A09A0F83E9FC,TestPhone2,-57.0,8.0,610402305.223105,29.476465940475464
2020-05-05 16:11:45.226,F395EC26-DDAA-40BE-2E55-A09A0F83E9FC,TestPhone2,-57.0,8.0,610402305.224895,29.47825598716736
2020-05-05 16:11:45.303,F395EC26-DDAA-40BE-2E55-A09A0F83E9FC,TestPhone2,-57.0,8.0,610402305.30211,29.555470943450928
2020-05-05 16:11:45.304,F395EC26-DDAA-40BE-2E55-A09A0F83E9FC,TestPhone2,-57.0,8.0,610402305.302147,29.555508017539978
2020-05-05 16:11:45.410,F395EC26-DDAA-40BE-2E55-A09A0F83E9FC,TestPhone2,-53.0,8.0,610402305.40852,29.66188097000122
2020-05-05 16:11:45.411,F395EC26-DDAA-40BE-2E55-A09A0F83E9FC,TestPhone2,-53.0,8.0,610402305.410097,29.663457989692688
2020-05-05 16:11:45.487,F395EC26-DDAA-40BE-2E55-A09A0F83E9FC,TestPhone2,-56.0,8.0,610402305.486325,29.739686012268066
2020-05-05 16:11:45.835,F395EC26-DDAA-40BE-2E55-A09A0F83E9FC,TestPhone2,-57.0,8.0,610402305.834093,30.087453961372375
2020-05-05 16:11:45.915,F395EC26-DDAA-40BE-2E55-A09A0F83E9FC,TestPhone2,-72.0,8.0,610402305.914025,30.167385935783386
2020-05-05 16:11:45.948,F395EC26-DDAA-40BE-2E55-A09A0F83E9FC,TestPhone2,-51.0,8.0,610402305.947249,30.200610041618347
2020-05-05 16:11:45.950,F395EC26-DDAA-40BE-2E55-A09A0F83E9FC,TestPhone2,-52.0,8.0,610402305.94892,30.20228099822998
2020-05-05 16:11:46.019,F395EC26-DDAA-40BE-2E55-A09A0F83E9FC,TestPhone2,-56.0,8.0,610402306.018308,30.271669030189514
2020-05-05 16:11:46.020,F395EC26-DDAA-40BE-2E55-A09A0F83E9FC,TestPhone2,-56.0,8.0,610402306.018346,30.27170693874359
2020-05-05 16:11:46.123,F395EC26-DDAA-40BE-2E55-A09A0F83E9FC,TestPhone2,-52.0,8.0,610402306.122319,30.375679969787598
2020-05-05 16:11:46.125,F395EC26-DDAA-40BE-2E55-A09A0F83E9FC,TestPhone2,-52.0,8.0,610402306.123951,30.377311944961548
2020-05-05 16:11:46.199,F395EC26-DDAA-40BE-2E55-A09A0F83E9FC,TestPhone2,-55.0,8.0,610402306.198404,30.451764941215515
2020-05-05 16:11:46.200,F395EC26-DDAA-40BE-2E55-A09A0F83E9FC,TestPhone2,-55.0,8.0,610402306.198439,30.451799988746643
2020-05-05 16:11:46.326,F395EC26-DDAA-40BE-2E55-A09A0F83E9FC,TestPhone2,-53.0,8.0,610402306.32517,30.57853102684021
2020-05-05 16:11:46.327,F395EC26-DDAA-40BE-2E55-A09A0F83E9FC,TestPhone2,-53.0,8.0,610402306.325226,30.57858693599701
2020-05-05 16:11:46.365,F395EC26-DDAA-40BE-2E55-A09A0F83E9FC,TestPhone2,-55.0,8.0,610402306.36436,30.61772096157074
2020-05-05 16:11:46.367,F395EC26-DDAA-40BE-2E55-A09A0F83E9FC,TestPhone2,-54.0,8.0,610402306.365716,30.61907696723938
2020-05-05 16:11:46.426,F395EC26-DDAA-40BE-2E55-A09A0F83E9FC,TestPhone2,-68.0,8.0,610402306.425054,30.678414940834045
2020-05-05 16:11:46.428,F395EC26-DDAA-40BE-2E55-A09A0F83E9FC,TestPhone2,-68.0,8.0,610402306.426623,30.679983973503113
2020-05-05 16:11:46.566,F395EC26-DDAA-40BE-2E55-A09A0F83E9FC,TestPhone2,-56.0,8.0,610402306.56472,30.8180810213089
2020-05-05 16:11:46.567,F395EC26-DDAA-40BE-2E55-A09A0F83E9FC,TestPhone2,-56.0,8.0,610402306.564732,30.818092942237854
2020-05-05 16:11:46.637,F395EC26-DDAA-40BE-2E55-A09A0F83E9FC,TestPhone2,-69.0,8.0,610402306.634217,30.887578010559082
2020-05-05 16:11:46.637,F395EC26-DDAA-40BE-2E55-A09A0F83E9FC,TestPhone2,-70.0,8.0,610402306.636074,30.889434933662415
2020-05-05 16:11:46.676,F395EC26-DDAA-40BE-2E55-A09A0F83E9FC,TestPhone2,-57.0,8.0,610402306.673173,30.926533937454224
2020-05-05 16:11:46.676,F395EC26-DDAA-40BE-2E55-A09A0F83E9FC,TestPhone2,-57.0,8.0,610402306.675054,30.928414940834045
2020-05-05 16:11:46.869,F395EC26-DDAA-40BE-2E55-A09A0F83E9FC,TestPhone2,-58.0,8.0,610402306.86739,31.12075102329254
