timestamp,device_id,device_name,rssi,tx_power,internal_timestamp,time
2020-05-05 16:15:17.711,F395EC26-DDAA-40BE-2E55-A09A0F83E9FC,TestPhone2,-62.0,8.0,610402517.708848,0.0
2020-05-05 16:15:17.741,F395EC26-DDAA-40BE-2E55-A09A0F83E9FC,TestPhone2,-59.0,8.0,610402517.740027,0.031178951263427734
2020-05-05 16:15:17.775,F395EC26-DDAA-40BE-2E55-A09A0F83E9FC,TestPhone2,-73.0,8.0,610402517.773885,0.06503701210021973
2020-05-05 16:15:17.835,F395EC26-DDAA-40BE-2E55-A09A0F83E9FC,TestPhone2,-60.0,8.0,610402517.833979,0.1251310110092163
2020-05-05 16:15:17.836,F395EC26-DDAA-40BE-2E55-A09A0F83E9FC,TestPhone2,-60.0,8.0,610402517.834024,0.12517595291137695
2020-05-05 16:15:17.872,F395EC26-DDAA-40BE-2E55-A09A0F83E9FC,TestPhone2,-58.0,8.0,610402517.870705,0.161857008934021
2020-05-05 16:15:17.872,F395EC26-DDAA-40BE-2E55-A09A0F83E9FC,TestPhone2,-58.0,8.0,610402517.870738,0.16189002990722656
2020-05-05 16:15:17.981,F395EC26-DDAA-40BE-2E55-A09A0F83E9FC,TestPhone2,-59.0,8.0,610402517.979985,0.271136999130249
2020-05-05 16:15:17.982,F395EC26-DDAA-40BE-2E55-A09A0F83E9FC,TestPhone2,-59.0,8.0,610402517.980018,0.2711700201034546
2020-05-05 16:15:18.018,F395EC26-DDAA-40BE-2E55-A09A0F83E9FC,TestPhone2,-63.0,8.0,610402518.017023,0.3081749677658081
2020-05-05 16:15:18.019,F395EC26-DDAA-40BE-2E55-A09A0F83E9FC,TestPhone2,-63.0,8.0,610402518.017058,0.30821001529693604
2020-05-05 16:15:18.051,F395EC26-DDAA-40BE-2E55-A09A0F83E9FC,TestPhone2,-60.0,8.0,610402518.050204,0.3413560390472412
2020-05-05 16:15:18.052,F395EC26-DDAA-40BE-2E55-A09A0F83E9FC,TestPhone2,-60.0,8.0,610402518.050237,0.3413890600204468
2020-05-05 16:15:18.193,F395EC26-DDAA-40BE-2E55-A09A0F83E9FC,TestPhone2,-64.0,8.0,610402518.191511,0.48266303539276123
2020-05-05 16:15:18.193,F395EC26-DDAA-40BE-2E55-A09A0F83E9FC,TestPhone2,-65.0,8.0,610402518.191559,0.48271095752716064
2020-05-05 16:15:18.224,F395EC26-DDAA-40BE-2E55-A09A0F83E9FC,TestPhone2,-61.0,8.0,610402518.222864,0.5140160322189331
2020-05-05 16:15:18.225,F395EC26-DDAA-40BE-2E55-A09A0F83E9FC,TestPhone2,-61.0,8.0,610402518.222946,0.514098048210144
2020-05-05 16:15:18.258,F395EC26-DDAA-40BE-2E55-A09A0F83E9FC,TestPhone2,-64.0,8.0,610402518.256803,0.5479550361633301
2020-05-05 16:15:18.259,F395EC26-DDAA-40BE-2E55-A09A0F83E9FC,TestPhone2,-63.0,8.0,610402518.256838,0.5479899644851685
2020-05-05 16:15:18.292,F395EC26-DDAA-40BE-2E55-A09A0F83E9FC,TestPhone2,-64.0,8.0,610402518.290955,0.5821069478988647
2020-05-05 16:15:18.293,F395EC26-DDAA-40BE-2E55-A09A0F83E9FC,TestPhone2,-64.0,8.0,610402518.29099,0.5821419954299927
2020-05-05 16:15:18.393,F395EC26-DDAA-40BE-2E55-A09A0F83E9FC,TestPhone2,-64.0,8.0,610402518.391583,0.6827349662780762
2020-05-05 16:15:18.393,F395EC26-DDAA-40BE-2E55-A09A0F83E9FC,TestPhone2,-64.0,8.0,610402518.391622,0.6827739477157593
2020-05-05 16:15:18.462,F395EC26-DDAA-40BE-2E55-A09A0F83E9FC,TestPhone2,-65.0,8.0,610402518.460847,0.751999020576477
2020-05-05 16:15:18.463,F395EC26-DDAA-40BE-2E55-A09A0F83E9FC,TestPhone2,-65.0,8.0,610402518.460883,0.7520350217819214
2020-05-05 16:15:18.493,F395EC26-DDAA-40BE-2E55-A09A0F83E9FC,TestPhone2,-62.0,8.0,610402518.491689,0.7828409671783447
2020-05-05 16:15:18.494,F395EC26-DDAA-40BE-2E55-A09A0F83E9FC,TestPhone2,-62.0,8.0,610402518.493346,0.7844979763031006
2020-05-05 16:15:18.597,F395EC26-DDAA-40BE-2E55-A09A0F83E9FC,TestPhone2,-74.0,8.0,610402518.595868,0.8870199918746948
2020-05-05 16:15:18.598,F395EC26-DDAA-40BE-2E55-A09A0F83E9FC,TestPhone2,-74.0,8.0,610402518.5959,0.887052059173584
2020-05-05 16:15:18.670,F395EC26-DDAA-40BE-2E55-A09A0F83E9FC,TestPhone2,-61.0,8.0,610402518.669034,0.9601860046386719
2020-05-05 16:15:18.671,F395EC26-DDAA-40BE-2E55-A09A0F83E9FC,TestPhone2,-62.0,8.0,610402518.669069,0.9602210521697998
2020-05-05 16:15:18.704,F395EC26-DDAA-40BE-2E55-A09A0F83E9FC,TestPhone2,-75.0,8.0,610402518.703357,0.9945089817047119
2020-05-05 16:15:18.705,F395EC26-DDAA-40BE-2E55-A09A0F83E9FC,TestPhone2,-76.0,8.0,610402518.703389,0.9945410490036011
2020-05-05 16:15:18.820,F395EC26-DDAA-40BE-2E55-A09A0F83E9FC,TestPhone2,-78.0,8.0,610402518.818737,1.109889030456543
2020-05-05 16:15:18.821,F395EC26-DDAA-40BE-2E55-A09A0F83E9FC,TestPhone2,-78.0,8.0,610402518.818773,1.1099250316619873
2020-05-05 16:15:18.916,F395EC26-DDAA-40BE-2E55-A09A0F83E9FC,TestPhone2,-60.0,8.0,610402518.915167,1.206318974494934
2020-05-05 16:15:18.917,F395EC26-DDAA-40BE-2E55-A09A0F83E9FC,TestPhone2,-60.0,8.0,610402518.9152,1.2063519954681396
2020-05-05 16:15:19.052,F395EC26-DDAA-40BE-2E55-A09A0F83E9FC,TestPhone2,-75.0,8.0,610402519.050883,1.3420350551605225
2020-05-05 16:15:19.053,F395EC26-DDAA-40BE-2E55-A09A0F83E9FC,TestPhone2,-75.0,8.0,610402519.050921,1.3420729637145996
2020-05-05 16:15:19.184,F395EC26-DDAA-40BE-2E55-A09A0F83E9FC,TestPhone2,-72.0,8.0,610402519.182998,1.4741499423980713
2020-05-05 16:15:19.185,F395EC26-DDAA-40BE-2E55-A09A0F83E9FC,TestPhone2,-72.0,8.0,610402519.183032,1.4741840362548828
2020-05-05 16:15:19.252,F395EC26-DDAA-40BE-2E55-A09A0F83E9FC,TestPhone2,-58.0,8.0,610402519.250513,1.541664958000183
2020-05-05 16:15:19.252,F395EC26-DDAA-40BE-2E55-A09A0F83E9FC,TestPhone2,-58.0,8.0,610402519.250549,1.5417009592056274
2020-05-05 16:15:19.286,F395EC26-DDAA-40BE-2E55-A09A0F83E9FC,TestPhone2,-71.0,8.0,610402519.28539,1.5765420198440552
2020-05-05 16:15:19.396,F395EC26-DDAA-40BE-2E55-A09A0F83E9FC,TestPhone2,-57.0,8.0,610402519.394784,1.6859359741210938
2020-05-05 16:15:19.397,F395EC26-DDAA-40BE-2E55-A09A0F83E9FC,TestPhone2,-57.0,8.0,610402519.394821,1.685973048210144
2020-05-05 16:15:19.433,F395EC26-DDAA-40BE-2E55-A09A0F83E9FC,TestPhone2,-72.0,8.0,610402519.431723,1.7228749990463257
2020-05-05 16:15:19.434,F395EC26-DDAA-40BE-2E55-A09A0F83E9FC,TestPhone2,-72.0,8.0,610402519.431754,1.7229059934616089
2020-05-05 16:15:19.473,F395EC26-DDAA-40BE-2E55-A09A0F83E9FC,TestPhone2,-67.0,8.0,610402519.472192,1.7633440494537354
2020-05-05 16:15:19.538,F395EC26-DDAA-40BE-2E55-A09A0F83E9FC,TestPhone2,-72.0,8.0,610402519.536796,1.827947974205017
2020-05-05 16:15:19.539,F395EC26-DDAA-40BE-2E55-A09A0F83E9FC,TestPhone2,-72.0,8.0,610402519.536829,1.8279809951782227
2020-05-05 16:15:19.569,F395EC26-DDAA-40BE-2E55-A09A0F83E9FC,TestPhone2,-66.0,8.0,610402519.567888,1.8590400218963623
2020-05-05 16:15:19.570,F395EC26-DDAA-40BE-2E55-A09A0F83E9FC,TestPhone2,-66.0,8.0,610402519.567922,1.8590739965438843
2020-05-05 16:15:19.767,F395EC26-DDAA-40BE-2E55-A09A0F83E9FC,TestPhone2,-65.0,8.0,610402519.766132,2.0572839975357056
2020-05-05 16:15:19.768,F395EC26-DDAA-40BE-2E55-A09A0F83E9FC,TestPhone2,-66.0,8.0,610402519.766164,2.057315945625305
2020-05-05 16:15:19.797,F395EC26-DDAA-40BE-2E55-A09A0F83E9FC,TestPhone2,-56.0,8.0,610402519.795722,2.086874008178711
2020-05-05 16:15:19.798,F395EC26-DDAA-40BE-2E55-A09A0F83E9FC,TestPhone2,-56.0,8.0,610402519.795758,2.0869100093841553
2020-05-05 16:15:19.869,F395EC26-DDAA-40BE-2E55-A09A0F83E9FC,TestPhone2,-66.0,8.0,610402519.868056,2.159208059310913
2020-05-05 16:15:19.872,F395EC26-DDAA-40BE-2E55-A09A0F83E9FC,TestPhone2,-66.0,8.0,610402519.870515,2.161666989326477
2020-05-05 16:15:19.909,F395EC26-DDAA-40BE-2E55-A09A0F83E9FC,TestPhone2,-55.0,8.0,610402519.908466,2.1996179819107056
2020-05-05 16:15:19.947,F395EC26-DDAA-40BE-2E55-A09A0F83E9FC,TestPhone2,-66.0,8.0,610402519.945905,2.2370569705963135
2020-05-05 16:15:19.983,F395EC26-DDAA-40BE-2E55-A09A0F83E9FC,TestPhone2,-67.0,8.0,610402519.981492,2.27264404296875
2020-05-05 16:15:19.983,F395EC26-DDAA-40BE-2E55-A09A0F83E9FC,TestPhone2,-67.0,8.0,610402519.981525,2.272676944732666
2020-05-05 16:15:20.043,F395EC26-DDAA-40BE-2E55-A09A0F83E9FC,TestPhone2,-55.0,8.0,610402520.041434,2.3325860500335693
2020-05-05 16:15:20.043,F395EC26-DDAA-40BE-2E55-A09A0F83E9FC,TestPhone2,-55.0,8.0,610402520.041472,2.3326239585876465
2020-05-05 16:15:20.076,F395EC26-DDAA-40BE-2E55-A09A0F83E9FC,TestPhone2,-65.0,8.0,610402520.075044,2.366196036338806
2020-05-05 16:15:20.077,F395EC26-DDAA-40BE-2E55-A09A0F83E9FC,TestPhone2,-66.0,8.0,610402520.075076,2.3662279844284058
2020-05-05 16:15:20.110,F395EC26-DDAA-40BE-2E55-A09A0F83E9FC,TestPhone2,-70.0,8.0,610402520.109205,2.4003570079803467
2020-05-05 16:15:20.111,F395EC26-DDAA-40BE-2E55-A09A0F83E9FC,TestPhone2,-70.0,8.0,610402520.109244,2.40039598941803
2020-05-05 16:15:20.140,F395EC26-DDAA-40BE-2E55-A09A0F83E9FC,TestPhone2,-55.0,8.0,610402520.139088,2.430240035057068
2020-05-05 16:15:20.141,F395EC26-DDAA-40BE-2E55-A09A0F83E9FC,TestPhone2,-55.0,8.0,610402520.139125,2.4302769899368286
2020-05-05 16:15:20.318,F395EC26-DDAA-40BE-2E55-A09A0F83E9FC,TestPhone2,-62.0,8.0,610402520.316845,2.6079970598220825
2020-05-05 16:15:20.319,F395EC26-DDAA-40BE-2E55-A09A0F83E9FC,TestPhone2,-62.0,8.0,610402520.316884,2.6080360412597656
2020-05-05 16:15:20.356,F395EC26-DDAA-40BE-2E55-A09A0F83E9FC,TestPhone2,-64.0,8.0,610402520.354465,2.6456170082092285
2020-05-05 16:15:20.356,F395EC26-DDAA-40BE-2E55-A09A0F83E9FC,TestPhone2,-64.0,8.0,610402520.354499,2.6456509828567505
2020-05-05 16:15:20.393,F395EC26-DDAA-40BE-2E55-A09A0F83E9FC,TestPhone2,-57.0,8.0,610402520.391753,2.6829049587249756
2020-05-05 16:15:20.394,F395EC26-DDAA-40BE-2E55-A09A0F83E9FC,TestPhone2,-57.0,8.0,610402520.39179,2.682942032814026
2020-05-05 16:15:20.428,F395EC26-DDAA-40BE-2E55-A09A0F83E9FC,TestPhone2,-59.0,8.0,610402520.426543,2.7176949977874756
2020-05-05 16:15:20.428,F395EC26-DDAA-40BE-2E55-A09A0F83E9FC,TestPhone2,-60.0,8.0,610402520.426581,2.7177330255508423
2020-05-05 16:15:20.618,F395EC26-DDAA-40BE-2E55-A09A0F83E9FC,TestPhone2,-59.0,8.0,610402520.617362,2.9085140228271484
2020-05-05 16:15:20.620,F395EC26-DDAA-40BE-2E55-A09A0F83E9FC,TestPhone2,-59.0,8.0,610402520.61902,2.9101719856262207
2020-05-05 16:15:20.658,F395EC26-DDAA-40BE-2E55-A09A0F83E9FC,TestPhone2,-59.0,8.0,610402520.657237,2.9483890533447266
2020-05-05 16:15:20.659,F395EC26-DDAA-40BE-2E55-A09A0F83E9FC,TestPhone2,-59.0,8.0,610402520.657274,2.9484260082244873
2020-05-05 16:15:20.729,F395EC26-DDAA-40BE-2E55-A09A0F83E9FC,TestPhone2,-61.0,8.0,610402520.727885,3.0190370082855225
2020-05-05 16:15:20.730,F395EC26-DDAA-40BE-2E55-A09A0F83E9FC,TestPhone2,-62.0,8.0,610402520.72792,3.0190720558166504
2020-05-05 16:15:20.802,F395EC26-DDAA-40BE-2E55-A09A0F83E9FC,TestPhone2,-57.0,8.0,610402520.80051,3.091662049293518
2020-05-05 16:15:20.802,F395EC26-DDAA-40BE-2E55-A09A0F83E9FC,TestPhone2,-57.0,8.0,610402520.800546,3.0916980504989624
2020-05-05 16:15:20.909,F395EC26-DDAA-40BE-2E55-A09A0F83E9FC,TestPhone2,-57.0,8.0,610402520.90792,3.199072003364563
2020-05-05 16:15:20.949,F395EC26-DDAA-40BE-2E55-A09A0F83E9FC,TestPhone2,-60.0,8.0,610402520.947961,3.239112973213196
2020-05-05 16:15:20.950,F395EC26-DDAA-40BE-2E55-A09A0F83E9FC,TestPhone2,-60.0,8.0,610402520.947996,3.2391480207443237
2020-05-05 16:15:20.981,F395EC26-DDAA-40BE-2E55-A09A0F83E9FC,TestPhone2,-62.0,8.0,610402520.980344,3.271496057510376
2020-05-05 16:15:20.982,F395EC26-DDAA-40BE-2E55-A09A0F83E9FC,TestPhone2,-62.0,8.0,610402520.98038,3.2715320587158203
2020-05-05 16:15:21.118,F395EC26-DDAA-40BE-2E55-A09A0F83E9FC,TestPhone2,-66.0,8.0,610402521.116798,3.4079500436782837
2020-05-05 16:15:21.120,F395EC26-DDAA-40BE-2E55-A09A0F83E9FC,TestPhone2,-66.0,8.0,610402521.11884,3.409991979598999
2020-05-05 16:15:21.154,F395EC26-DDAA-40BE-2E55-A09A0F83E9FC,TestPhone2,-57.0,8.0,610402521.153061,3.444213032722473
2020-05-05 16:15:21.155,F395EC26-DDAA-40BE-2E55-A09A0F83E9FC,TestPhone2,-57.0,8.0,610402521.153102,3.4442540407180786
2020-05-05 16:15:21.261,F395EC26-DDAA-40BE-2E55-A09A0F83E9FC,TestPhone2,-56.0,8.0,610402521.258937,3.5500890016555786
2020-05-05 16:15:21.262,F395EC26-DDAA-40BE-2E55-A09A0F83E9FC,TestPhone2,-56.0,8.0,610402521.261301,3.55245304107666
2020-05-05 16:15:21.299,F395EC26-DDAA-40BE-2E55-A09A0F83E9FC,TestPhone2,-62.0,8.0,610402521.297906,3.589058041572571
2020-05-05 16:15:21.300,F395EC26-DDAA-40BE-2E55-A09A0F83E9FC,TestPhone2,-62.0,8.0,610402521.29794,3.5890920162200928
2020-05-05 16:15:21.407,F395EC26-DDAA-40BE-2E55-A09A0F83E9FC,TestPhone2,-56.0,8.0,610402521.405644,3.6967960596084595
2020-05-05 16:15:21.517,F395EC26-DDAA-40BE-2E55-A09A0F83E9FC,TestPhone2,-55.0,8.0,610402521.515807,3.80695903301239
2020-05-05 16:15:21.553,F395EC26-DDAA-40BE-2E55-A09A0F83E9FC,TestPhone2,-62.0,8.0,610402521.551659,3.8428109884262085
2020-05-05 16:15:21.554,F395EC26-DDAA-40BE-2E55-A09A0F83E9FC,TestPhone2,-62.0,8.0,610402521.551693,3.8428449630737305
2020-05-05 16:15:21.590,F395EC26-DDAA-40BE-2E55-A09A0F83E9FC,TestPhone2,-64.0,8.0,610402521.588626,3.879778027534485
2020-05-05 16:15:21.591,F395EC26-DDAA-40BE-2E55-A09A0F83E9FC,TestPhone2,-64.0,8.0,610402521.58866,3.879812002182007
2020-05-05 16:15:21.628,F395EC26-DDAA-40BE-2E55-A09A0F83E9FC,TestPhone2,-55.0,8.0,610402521.627221,3.9183729887008667
2020-05-05 16:15:21.629,F395EC26-DDAA-40BE-2E55-A09A0F83E9FC,TestPhone2,-55.0,8.0,610402521.627254,3.9184060096740723
2020-05-05 16:15:21.662,F395EC26-DDAA-40BE-2E55-A09A0F83E9FC,TestPhone2,-61.0,8.0,610402521.660892,3.9520440101623535
2020-05-05 16:15:21.663,F395EC26-DDAA-40BE-2E55-A09A0F83E9FC,TestPhone2,-61.0,8.0,610402521.660935,3.9520870447158813
2020-05-05 16:15:21.802,F395EC26-DDAA-40BE-2E55-A09A0F83E9FC,TestPhone2,-58.0,8.0,610402521.800741,4.091892957687378
2020-05-05 16:15:21.802,F395EC26-DDAA-40BE-2E55-A09A0F83E9FC,TestPhone2,-58.0,8.0,610402521.800775,4.0919270515441895
2020-05-05 16:15:21.832,F395EC26-DDAA-40BE-2E55-A09A0F83E9FC,TestPhone2,-59.0,8.0,610402521.830635,4.121786952018738
2020-05-05 16:15:21.832,F395EC26-DDAA-40BE-2E55-A09A0F83E9FC,TestPhone2,-59.0,8.0,610402521.830669,4.121821045875549
2020-05-05 16:15:21.899,F395EC26-DDAA-40BE-2E55-A09A0F83E9FC,TestPhone2,-57.0,8.0,610402521.897921,4.189072966575623
2020-05-05 16:15:21.901,F395EC26-DDAA-40BE-2E55-A09A0F83E9FC,TestPhone2,-57.0,8.0,610402521.900058,4.191210031509399
2020-05-05 16:15:22.078,F395EC26-DDAA-40BE-2E55-A09A0F83E9FC,TestPhone2,-57.0,8.0,610402522.076531,4.367683053016663
2020-05-05 16:15:22.078,F395EC26-DDAA-40BE-2E55-A09A0F83E9FC,TestPhone2,-57.0,8.0,610402522.076564,4.367715954780579
2020-05-05 16:15:22.117,F395EC26-DDAA-40BE-2E55-A09A0F83E9FC,TestPhone2,-52.0,8.0,610402522.115904,4.407055974006653
2020-05-05 16:15:22.118,F395EC26-DDAA-40BE-2E55-A09A0F83E9FC,TestPhone2,-52.0,8.0,610402522.115938,4.407089948654175
2020-05-05 16:15:22.188,F395EC26-DDAA-40BE-2E55-A09A0F83E9FC,TestPhone2,-57.0,8.0,610402522.186552,4.477704048156738
2020-05-05 16:15:22.188,F395EC26-DDAA-40BE-2E55-A09A0F83E9FC,TestPhone2,-57.0,8.0,610402522.186587,4.477738976478577
2020-05-05 16:15:22.226,F395EC26-DDAA-40BE-2E55-A09A0F83E9FC,TestPhone2,-53.0,8.0,610402522.224655,4.515807032585144
2020-05-05 16:15:22.226,F395EC26-DDAA-40BE-2E55-A09A0F83E9FC,TestPhone2,-53.0,8.0,610402522.22469,4.515841960906982
2020-05-05 16:15:22.267,F395EC26-DDAA-40BE-2E55-A09A0F83E9FC,TestPhone2,-57.0,8.0,610402522.266361,4.557512998580933
2020-05-05 16:15:22.268,F395EC26-DDAA-40BE-2E55-A09A0F83E9FC,TestPhone2,-57.0,8.0,610402522.266393,4.557544946670532
2020-05-05 16:15:22.303,F395EC26-DDAA-40BE-2E55-A09A0F83E9FC,TestPhone2,-58.0,8.0,610402522.301965,4.593116998672485
2020-05-05 16:15:22.379,F395EC26-DDAA-40BE-2E55-A09A0F83E9FC,TestPhone2,-57.0,8.0,610402522.377954,4.6691060066223145
2020-05-05 16:15:22.380,F395EC26-DDAA-40BE-2E55-A09A0F83E9FC,TestPhone2,-57.0,8.0,610402522.377988,4.669139981269836
2020-05-05 16:15:22.446,F395EC26-DDAA-40BE-2E55-A09A0F83E9FC,TestPhone2,-59.0,8.0,610402522.44518,4.736332058906555
2020-05-05 16:15:22.447,F395EC26-DDAA-40BE-2E55-A09A0F83E9FC,TestPhone2,-59.0,8.0,610402522.445216,4.73636794090271
2020-05-05 16:15:22.515,F395EC26-DDAA-40BE-2E55-A09A0F83E9FC,TestPhone2,-57.0,8.0,610402522.514208,4.805359959602356
2020-05-05 16:15:22.516,F395EC26-DDAA-40BE-2E55-A09A0F83E9FC,TestPhone2,-57.0,8.0,610402522.514242,4.8053940534591675
2020-05-05 16:15:22.554,F395EC26-DDAA-40BE-2E55-A09A0F83E9FC,TestPhone2,-58.0,8.0,610402522.552754,4.843906044960022
2020-05-05 16:15:22.555,F395EC26-DDAA-40BE-2E55-A09A0F83E9FC,TestPhone2,-59.0,8.0,610402522.55279,4.843942046165466
2020-05-05 16:15:22.584,F395EC26-DDAA-40BE-2E55-A09A0F83E9FC,TestPhone2,-52.0,8.0,610402522.582756,4.873908042907715
2020-05-05 16:15:22.585,F395EC26-DDAA-40BE-2E55-A09A0F83E9FC,TestPhone2,-52.0,8.0,610402522.582788,4.8739399909973145
2020-05-05 16:15:22.616,F395EC26-DDAA-40BE-2E55-A09A0F83E9FC,TestPhone2,-57.0,8.0,610402522.615145,4.906296968460083
2020-05-05 16:15:22.618,F395EC26-DDAA-40BE-2E55-A09A0F83E9FC,TestPhone2,-57.0,8.0,610402522.617171,4.908323049545288
2020-05-05 16:15:22.685,F395EC26-DDAA-40BE-2E55-A09A0F83E9FC,TestPhone2,-59.0,8.0,610402522.684106,4.975257992744446
2020-05-05 16:15:22.686,F395EC26-DDAA-40BE-2E55-A09A0F83E9FC,TestPhone2,-59.0,8.0,610402522.684151,4.975303053855896
2020-05-05 16:15:22.722,F395EC26-DDAA-40BE-2E55-A09A0F83E9FC,TestPhone2,-52.0,8.0,610402522.721028,5.012179970741272
2020-05-05 16:15:22.723,F395EC26-DDAA-40BE-2E55-A09A0F83E9FC,TestPhone2,-52.0,8.0,610402522.721063,5.0122150182724
2020-05-05 16:15:22.799,F395EC26-DDAA-40BE-2E55-A09A0F83E9FC,TestPhone2,-60.0,8.0,610402522.797701,5.0888530015945435
2020-05-05 16:15:22.799,F395EC26-DDAA-40BE-2E55-A09A0F83E9FC,TestPhone2,-60.0,8.0,610402522.797735,5.088886976242065
2020-05-05 16:15:22.830,F395EC26-DDAA-40BE-2E55-A09A0F83E9FC,TestPhone2,-52.0,8.0,610402522.828646,5.119797945022583
2020-05-05 16:15:22.831,F395EC26-DDAA-40BE-2E55-A09A0F83E9FC,TestPhone2,-52.0,8.0,610402522.830125,5.1212769746780396
2020-05-05 16:15:22.866,F395EC26-DDAA-40BE-2E55-A09A0F83E9FC,TestPhone2,-57.0,8.0,610402522.865104,5.1562559604644775
2020-05-05 16:15:22.867,F395EC26-DDAA-40BE-2E55-A09A0F83E9FC,TestPhone2,-57.0,8.0,610402522.865137,5.156288981437683
2020-05-05 16:15:22.901,F395EC26-DDAA-40BE-2E55-A09A0F83E9FC,TestPhone2,-61.0,8.0,610402522.900181,5.191333055496216
2020-05-05 16:15:22.902,F395EC26-DDAA-40BE-2E55-A09A0F83E9FC,TestPhone2,-61.0,8.0,610402522.900217,5.19136905670166
2020-05-05 16:15:23.004,F395EC26-DDAA-40BE-2E55-A09A0F83E9FC,TestPhone2,-58.0,8.0,610402523.002894,5.29404604434967
2020-05-05 16:15:23.005,F395EC26-DDAA-40BE-2E55-A09A0F83E9FC,TestPhone2,-58.0,8.0,610402523.002927,5.294078946113586
2020-05-05 16:15:23.038,F395EC26-DDAA-40BE-2E55-A09A0F83E9FC,TestPhone2,-62.0,8.0,610402523.036757,5.327908992767334
2020-05-05 16:15:23.039,F395EC26-DDAA-40BE-2E55-A09A0F83E9FC,TestPhone2,-62.0,8.0,610402523.03677,5.327921986579895
2020-05-05 16:15:23.137,F395EC26-DDAA-40BE-2E55-A09A0F83E9FC,TestPhone2,-60.0,8.0,610402523.136115,5.427266955375671
2020-05-05 16:15:23.138,F395EC26-DDAA-40BE-2E55-A09A0F83E9FC,TestPhone2,-62.0,8.0,610402523.13615,5.427302002906799
2020-05-05 16:15:23.166,F395EC26-DDAA-40BE-2E55-A09A0F83E9FC,TestPhone2,-62.0,8.0,610402523.165345,5.456496953964233
2020-05-05 16:15:23.167,F395EC26-DDAA-40BE-2E55-A09A0F83E9FC,TestPhone2,-62.0,8.0,610402523.165382,5.456534028053284
2020-05-05 16:15:23.197,F395EC26-DDAA-40BE-2E55-A09A0F83E9FC,TestPhone2,-52.0,8.0,610402523.196024,5.487175941467285
2020-05-05 16:15:23.198,F395EC26-DDAA-40BE-2E55-A09A0F83E9FC,TestPhone2,-54.0,8.0,610402523.196058,5.487210035324097
2020-05-05 16:15:23.303,F395EC26-DDAA-40BE-2E55-A09A0F83E9FC,TestPhone2,-52.0,8.0,610402523.301827,5.5929789543151855
2020-05-05 16:15:23.304,F395EC26-DDAA-40BE-2E55-A09A0F83E9FC,TestPhone2,-52.0,8.0,610402523.301862,5.5930140018463135
2020-05-05 16:15:23.338,F395EC26-DDAA-40BE-2E55-A09A0F83E9FC,TestPhone2,-58.0,8.0,610402523.337035,5.628186941146851
2020-05-05 16:15:23.339,F395EC26-DDAA-40BE-2E55-A09A0F83E9FC,TestPhone2,-58.0,8.0,610402523.33707,5.6282219886779785
2020-05-05 16:15:23.407,F395EC26-DDAA-40BE-2E55-A09A0F83E9FC,TestPhone2,-63.0,8.0,610402523.406485,5.697636961936951
2020-05-05 16:15:23.408,F395EC26-DDAA-40BE-2E55-A09A0F83E9FC,TestPhone2,-63.0,8.0,610402523.406518,5.697669982910156
2020-05-05 16:15:23.444,F395EC26-DDAA-40BE-2E55-A09A0F83E9FC,TestPhone2,-54.0,8.0,610402523.44164,5.732792019844055
2020-05-05 16:15:23.445,F395EC26-DDAA-40BE-2E55-A09A0F83E9FC,TestPhone2,-54.0,8.0,610402523.443568,5.73471999168396
2020-05-05 16:15:23.476,F395EC26-DDAA-40BE-2E55-A09A0F83E9FC,TestPhone2,-59.0,8.0,610402523.475227,5.766378998756409
2020-05-05 16:15:23.477,F395EC26-DDAA-40BE-2E55-A09A0F83E9FC,TestPhone2,-59.0,8.0,610402523.475264,5.766415953636169
2020-05-05 16:15:23.505,F395EC26-DDAA-40BE-2E55-A09A0F83E9FC,TestPhone2,-63.0,8.0,610402523.503958,5.795109987258911
2020-05-05 16:15:23.506,F395EC26-DDAA-40BE-2E55-A09A0F83E9FC,TestPhone2,-63.0,8.0,610402523.503991,5.795143008232117
2020-05-05 16:15:23.582,F395EC26-DDAA-40BE-2E55-A09A0F83E9FC,TestPhone2,-59.0,8.0,610402523.580761,5.871912956237793
2020-05-05 16:15:23.583,F395EC26-DDAA-40BE-2E55-A09A0F83E9FC,TestPhone2,-59.0,8.0,610402523.5808,5.871952056884766
2020-05-05 16:15:23.616,F395EC26-DDAA-40BE-2E55-A09A0F83E9FC,TestPhone2,-64.0,8.0,610402523.614838,5.90599000453949
2020-05-05 16:15:23.617,F395EC26-DDAA-40BE-2E55-A09A0F83E9FC,TestPhone2,-64.0,8.0,610402523.614873,5.906025052070618
2020-05-05 16:15:23.726,F395EC26-DDAA-40BE-2E55-A09A0F83E9FC,TestPhone2,-61.0,8.0,610402523.725133,6.016284942626953
2020-05-05 16:15:23.727,F395EC26-DDAA-40BE-2E55-A09A0F83E9FC,TestPhone2,-61.0,8.0,610402523.725165,6.016317009925842
2020-05-05 16:15:23.757,F395EC26-DDAA-40BE-2E55-A09A0F83E9FC,TestPhone2,-69.0,8.0,610402523.756158,6.047309994697571
2020-05-05 16:15:23.758,F395EC26-DDAA-40BE-2E55-A09A0F83E9FC,TestPhone2,-70.0,8.0,610402523.756216,6.047368049621582
2020-05-05 16:15:23.793,F395EC26-DDAA-40BE-2E55-A09A0F83E9FC,TestPhone2,-54.0,8.0,610402523.792225,6.083377003669739
2020-05-05 16:15:23.794,F395EC26-DDAA-40BE-2E55-A09A0F83E9FC,TestPhone2,-54.0,8.0,610402523.792259,6.083410978317261
2020-05-05 16:15:23.824,F395EC26-DDAA-40BE-2E55-A09A0F83E9FC,TestPhone2,-62.0,8.0,610402523.82294,6.114091992378235
2020-05-05 16:15:23.825,F395EC26-DDAA-40BE-2E55-A09A0F83E9FC,TestPhone2,-62.0,8.0,610402523.822975,6.114127039909363
2020-05-05 16:15:23.963,F395EC26-DDAA-40BE-2E55-A09A0F83E9FC,TestPhone2,-62.0,8.0,610402523.962437,6.253589034080505
2020-05-05 16:15:23.964,F395EC26-DDAA-40BE-2E55-A09A0F83E9FC,TestPhone2,-62.0,8.0,610402523.96249,6.253641963005066
2020-05-05 16:15:24.002,F395EC26-DDAA-40BE-2E55-A09A0F83E9FC,TestPhone2,-71.0,8.0,610402524.001505,6.292657017707825
2020-05-05 16:15:24.003,F395EC26-DDAA-40BE-2E55-A09A0F83E9FC,TestPhone2,-71.0,8.0,610402524.001539,6.292690992355347
2020-05-05 16:15:24.037,F395EC26-DDAA-40BE-2E55-A09A0F83E9FC,TestPhone2,-54.0,8.0,610402524.035504,6.326655983924866
2020-05-05 16:15:24.037,F395EC26-DDAA-40BE-2E55-A09A0F83E9FC,TestPhone2,-54.0,8.0,610402524.035537,6.326689004898071
2020-05-05 16:15:24.072,F395EC26-DDAA-40BE-2E55-A09A0F83E9FC,TestPhone2,-63.0,8.0,610402524.071259,6.362411022186279
2020-05-05 16:15:24.073,F395EC26-DDAA-40BE-2E55-A09A0F83E9FC,TestPhone2,-63.0,8.0,610402524.071291,6.362442970275879
2020-05-05 16:15:24.198,F395EC26-DDAA-40BE-2E55-A09A0F83E9FC,TestPhone2,-62.0,8.0,610402524.196461,6.487612962722778
2020-05-05 16:15:24.199,F395EC26-DDAA-40BE-2E55-A09A0F83E9FC,TestPhone2,-62.0,8.0,610402524.19845,6.489601969718933
2020-05-05 16:15:24.233,F395EC26-DDAA-40BE-2E55-A09A0F83E9FC,TestPhone2,-71.0,8.0,610402524.232257,6.523409008979797
2020-05-05 16:15:24.235,F395EC26-DDAA-40BE-2E55-A09A0F83E9FC,TestPhone2,-72.0,8.0,610402524.233923,6.5250749588012695
2020-05-05 16:15:24.269,F395EC26-DDAA-40BE-2E55-A09A0F83E9FC,TestPhone2,-54.0,8.0,610402524.267643,6.558794975280762
2020-05-05 16:15:24.269,F395EC26-DDAA-40BE-2E55-A09A0F83E9FC,TestPhone2,-54.0,8.0,610402524.267678,6.55883002281189
2020-05-05 16:15:24.301,F395EC26-DDAA-40BE-2E55-A09A0F83E9FC,TestPhone2,-63.0,8.0,610402524.300313,6.591464996337891
2020-05-05 16:15:24.303,F395EC26-DDAA-40BE-2E55-A09A0F83E9FC,TestPhone2,-63.0,8.0,610402524.301957,6.5931090116500854
2020-05-05 16:15:24.376,F395EC26-DDAA-40BE-2E55-A09A0F83E9FC,TestPhone2,-54.0,8.0,610402524.375157,6.6663089990615845
2020-05-05 16:15:24.377,F395EC26-DDAA-40BE-2E55-A09A0F83E9FC,TestPhone2,-54.0,8.0,610402524.375194,6.666345953941345
2020-05-05 16:15:24.406,F395EC26-DDAA-40BE-2E55-A09A0F83E9FC,TestPhone2,-54.0,8.0,610402524.40512,6.696272015571594
2020-05-05 16:15:24.407,F395EC26-DDAA-40BE-2E55-A09A0F83E9FC,TestPhone2,-54.0,8.0,610402524.405157,6.696308970451355
2020-05-05 16:15:24.445,F395EC26-DDAA-40BE-2E55-A09A0F83E9FC,TestPhone2,-64.0,8.0,610402524.444368,6.735520005226135
2020-05-05 16:15:24.446,F395EC26-DDAA-40BE-2E55-A09A0F83E9FC,TestPhone2,-64.0,8.0,610402524.44441,6.735561966896057
2020-05-05 16:15:24.512,F395EC26-DDAA-40BE-2E55-A09A0F83E9FC,TestPhone2,-54.0,8.0,610402524.51139,6.802541971206665
2020-05-05 16:15:24.513,F395EC26-DDAA-40BE-2E55-A09A0F83E9FC,TestPhone2,-54.0,8.0,610402524.511423,6.802574992179871
2020-05-05 16:15:24.578,F395EC26-DDAA-40BE-2E55-A09A0F83E9FC,TestPhone2,-76.0,8.0,610402524.577433,6.868584990501404
2020-05-05 16:15:24.579,F395EC26-DDAA-40BE-2E55-A09A0F83E9FC,TestPhone2,-75.0,8.0,610402524.577486,6.868638038635254
2020-05-05 16:15:24.617,F395EC26-DDAA-40BE-2E55-A09A0F83E9FC,TestPhone2,-54.0,8.0,610402524.615992,6.907143950462341
2020-05-05 16:15:24.619,F395EC26-DDAA-40BE-2E55-A09A0F83E9FC,TestPhone2,-54.0,8.0,610402524.617671,6.908823013305664
2020-05-05 16:15:24.658,F395EC26-DDAA-40BE-2E55-A09A0F83E9FC,TestPhone2,-64.0,8.0,610402524.656819,6.947970986366272
2020-05-05 16:15:24.659,F395EC26-DDAA-40BE-2E55-A09A0F83E9FC,TestPhone2,-64.0,8.0,610402524.656854,6.9480060338974
2020-05-05 16:15:24.788,F395EC26-DDAA-40BE-2E55-A09A0F83E9FC,TestPhone2,-64.0,8.0,610402524.785327,7.076478958129883
2020-05-05 16:15:24.788,F395EC26-DDAA-40BE-2E55-A09A0F83E9FC,TestPhone2,-64.0,8.0,610402524.787256,7.0784080028533936
2020-05-05 16:15:24.816,F395EC26-DDAA-40BE-2E55-A09A0F83E9FC,TestPhone2,-78.0,8.0,610402524.815268,7.106420040130615
2020-05-05 16:15:24.817,F395EC26-DDAA-40BE-2E55-A09A0F83E9FC,TestPhone2,-76.0,8.0,610402524.815301,7.106452941894531
2020-05-05 16:15:24.885,F395EC26-DDAA-40BE-2E55-A09A0F83E9FC,TestPhone2,-55.0,8.0,610402524.883955,7.175107002258301
2020-05-05 16:15:24.886,F395EC26-DDAA-40BE-2E55-A09A0F83E9FC,TestPhone2,-55.0,8.0,610402524.883991,7.175143003463745
2020-05-05 16:15:24.947,F395EC26-DDAA-40BE-2E55-A09A0F83E9FC,TestPhone2,-74.0,8.0,610402524.945728,7.236879944801331
2020-05-05 16:15:24.978,F395EC26-DDAA-40BE-2E55-A09A0F83E9FC,TestPhone2,-55.0,8.0,610402524.976473,7.2676249742507935
2020-05-05 16:15:24.978,F395EC26-DDAA-40BE-2E55-A09A0F83E9FC,TestPhone2,-55.0,8.0,610402524.976507,7.267658948898315
2020-05-05 16:15:25.082,F395EC26-DDAA-40BE-2E55-A09A0F83E9FC,TestPhone2,-75.0,8.0,610402525.081081,7.372233033180237
2020-05-05 16:15:25.083,F395EC26-DDAA-40BE-2E55-A09A0F83E9FC,TestPhone2,-75.0,8.0,610402525.081116,7.372267961502075
2020-05-05 16:15:25.120,F395EC26-DDAA-40BE-2E55-A09A0F83E9FC,TestPhone2,-55.0,8.0,610402525.118645,7.409796953201294
2020-05-05 16:15:25.120,F395EC26-DDAA-40BE-2E55-A09A0F83E9FC,TestPhone2,-55.0,8.0,610402525.118679,7.4098310470581055
2020-05-05 16:15:25.159,F395EC26-DDAA-40BE-2E55-A09A0F83E9FC,TestPhone2,-63.0,8.0,610402525.157952,7.449103951454163
2020-05-05 16:15:25.160,F395EC26-DDAA-40BE-2E55-A09A0F83E9FC,TestPhone2,-63.0,8.0,610402525.15799,7.449141979217529
2020-05-05 16:15:25.196,F395EC26-DDAA-40BE-2E55-A09A0F83E9FC,TestPhone2,-73.0,8.0,610402525.19531,7.4864619970321655
2020-05-05 16:15:25.197,F395EC26-DDAA-40BE-2E55-A09A0F83E9FC,TestPhone2,-73.0,8.0,610402525.195347,7.486498951911926
2020-05-05 16:15:25.234,F395EC26-DDAA-40BE-2E55-A09A0F83E9FC,TestPhone2,-55.0,8.0,610402525.233452,7.524603962898254
2020-05-05 16:15:25.235,F395EC26-DDAA-40BE-2E55-A09A0F83E9FC,TestPhone2,-55.0,8.0,610402525.233485,7.52463698387146
2020-05-05 16:15:25.265,F395EC26-DDAA-40BE-2E55-A09A0F83E9FC,TestPhone2,-63.0,8.0,610402525.264234,7.555385947227478
2020-05-05 16:15:25.266,F395EC26-DDAA-40BE-2E55-A09A0F83E9FC,TestPhone2,-63.0,8.0,610402525.264275,7.5554269552230835
2020-05-05 16:15:25.295,F395EC26-DDAA-40BE-2E55-A09A0F83E9FC,TestPhone2,-71.0,8.0,610402525.294007,7.585158944129944
2020-05-05 16:15:25.296,F395EC26-DDAA-40BE-2E55-A09A0F83E9FC,TestPhone2,-71.0,8.0,610402525.294041,7.585193037986755
2020-05-05 16:15:25.427,F395EC26-DDAA-40BE-2E55-A09A0F83E9FC,TestPhone2,-69.0,8.0,610402525.425742,7.716894030570984
2020-05-05 16:15:25.464,F395EC26-DDAA-40BE-2E55-A09A0F83E9FC,TestPhone2,-55.0,8.0,610402525.461334,7.752485990524292
2020-05-05 16:15:25.464,F395EC26-DDAA-40BE-2E55-A09A0F83E9FC,TestPhone2,-55.0,8.0,610402525.463352,7.754503965377808
2020-05-05 16:15:25.505,F395EC26-DDAA-40BE-2E55-A09A0F83E9FC,TestPhone2,-62.0,8.0,610402525.504437,7.795588970184326
2020-05-05 16:15:25.506,F395EC26-DDAA-40BE-2E55-A09A0F83E9FC,TestPhone2,-62.0,8.0,610402525.504472,7.795624017715454
2020-05-05 16:15:25.578,F395EC26-DDAA-40BE-2E55-A09A0F83E9FC,TestPhone2,-55.0,8.0,610402525.577402,7.868553996086121
2020-05-05 16:15:25.579,F395EC26-DDAA-40BE-2E55-A09A0F83E9FC,TestPhone2,-55.0,8.0,610402525.577435,7.868587017059326
2020-05-05 16:15:25.615,F395EC26-DDAA-40BE-2E55-A09A0F83E9FC,TestPhone2,-60.0,8.0,610402525.614433,7.905585050582886
2020-05-05 16:15:25.750,F395EC26-DDAA-40BE-2E55-A09A0F83E9FC,TestPhone2,-63.0,8.0,610402525.749414,8.040565967559814
2020-05-05 16:15:25.751,F395EC26-DDAA-40BE-2E55-A09A0F83E9FC,TestPhone2,-63.0,8.0,610402525.749447,8.04059898853302
2020-05-05 16:15:25.784,F395EC26-DDAA-40BE-2E55-A09A0F83E9FC,TestPhone2,-68.0,8.0,610402525.783343,8.07449495792389
2020-05-05 16:15:25.786,F395EC26-DDAA-40BE-2E55-A09A0F83E9FC,TestPhone2,-69.0,8.0,610402525.784556,8.075708031654358
2020-05-05 16:15:25.984,F395EC26-DDAA-40BE-2E55-A09A0F83E9FC,TestPhone2,-61.0,8.0,610402525.982955,8.274106979370117
2020-05-05 16:15:26.019,F395EC26-DDAA-40BE-2E55-A09A0F83E9FC,TestPhone2,-67.0,8.0,610402526.017901,8.30905294418335
2020-05-05 16:15:26.020,F395EC26-DDAA-40BE-2E55-A09A0F83E9FC,TestPhone2,-67.0,8.0,610402526.017936,8.309087991714478
2020-05-05 16:15:26.238,F395EC26-DDAA-40BE-2E55-A09A0F83E9FC,TestPhone2,-61.0,8.0,610402526.236733,8.52788496017456
2020-05-05 16:15:26.270,F395EC26-DDAA-40BE-2E55-A09A0F83E9FC,TestPhone2,-66.0,8.0,610402526.268986,8.56013798713684
2020-05-05 16:15:26.305,F395EC26-DDAA-40BE-2E55-A09A0F83E9FC,TestPhone2,-54.0,8.0,610402526.303751,8.594902992248535
2020-05-05 16:15:26.306,F395EC26-DDAA-40BE-2E55-A09A0F83E9FC,TestPhone2,-54.0,8.0,610402526.304815,8.595967054367065
2020-05-05 16:15:26.337,F395EC26-DDAA-40BE-2E55-A09A0F83E9FC,TestPhone2,-62.0,8.0,610402526.335703,8.6268550157547
2020-05-05 16:15:26.337,F395EC26-DDAA-40BE-2E55-A09A0F83E9FC,TestPhone2,-62.0,8.0,610402526.335736,8.626888036727905
2020-05-05 16:15:26.406,F395EC26-DDAA-40BE-2E55-A09A0F83E9FC,TestPhone2,-66.0,8.0,610402526.405132,8.696284055709839
2020-05-05 16:15:26.448,F395EC26-DDAA-40BE-2E55-A09A0F83E9FC,TestPhone2,-54.0,8.0,610402526.447326,8.738477945327759
2020-05-05 16:15:26.448,F395EC26-DDAA-40BE-2E55-A09A0F83E9FC,TestPhone2,-54.0,8.0,610402526.447346,8.738497972488403
2020-05-05 16:15:26.543,F395EC26-DDAA-40BE-2E55-A09A0F83E9FC,TestPhone2,-54.0,8.0,610402526.541998,8.833150029182434
2020-05-05 16:15:26.545,F395EC26-DDAA-40BE-2E55-A09A0F83E9FC,TestPhone2,-54.0,8.0,610402526.543669,8.834820985794067
2020-05-05 16:15:26.721,F395EC26-DDAA-40BE-2E55-A09A0F83E9FC,TestPhone2,-60.0,8.0,610402526.720519,9.01167094707489
2020-05-05 16:15:26.722,F395EC26-DDAA-40BE-2E55-A09A0F83E9FC,TestPhone2,-60.0,8.0,610402526.720556,9.01170802116394
2020-05-05 16:15:26.752,F395EC26-DDAA-40BE-2E55-A09A0F83E9FC,TestPhone2,-66.0,8.0,610402526.749428,9.040580034255981
2020-05-05 16:15:26.752,F395EC26-DDAA-40BE-2E55-A09A0F83E9FC,TestPhone2,-66.0,8.0,610402526.751235,9.042387008666992
2020-05-05 16:15:26.791,F395EC26-DDAA-40BE-2E55-A09A0F83E9FC,TestPhone2,-54.0,8.0,610402526.789799,9.08095097541809
2020-05-05 16:15:26.792,F395EC26-DDAA-40BE-2E55-A09A0F83E9FC,TestPhone2,-54.0,8.0,610402526.789832,9.080983996391296
2020-05-05 16:15:26.831,F395EC26-DDAA-40BE-2E55-A09A0F83E9FC,TestPhone2,-61.0,8.0,610402526.830501,9.121652960777283
2020-05-05 16:15:26.832,F395EC26-DDAA-40BE-2E55-A09A0F83E9FC,TestPhone2,-61.0,8.0,610402526.830534,9.121685981750488
2020-05-05 16:15:26.867,F395EC26-DDAA-40BE-2E55-A09A0F83E9FC,TestPhone2,-66.0,8.0,610402526.866113,9.157264947891235
2020-05-05 16:15:26.868,F395EC26-DDAA-40BE-2E55-A09A0F83E9FC,TestPhone2,-66.0,8.0,610402526.866145,9.157297015190125
2020-05-05 16:15:26.897,F395EC26-DDAA-40BE-2E55-A09A0F83E9FC,TestPhone2,-54.0,8.0,610402526.896096,9.18724799156189
2020-05-05 16:15:26.898,F395EC26-DDAA-40BE-2E55-A09A0F83E9FC,TestPhone2,-54.0,8.0,610402526.896132,9.187283992767334
2020-05-05 16:15:26.935,F395EC26-DDAA-40BE-2E55-A09A0F83E9FC,TestPhone2,-61.0,8.0,610402526.933523,9.224675059318542
2020-05-05 16:15:26.935,F395EC26-DDAA-40BE-2E55-A09A0F83E9FC,TestPhone2,-61.0,8.0,610402526.933558,9.22470998764038
2020-05-05 16:15:26.966,F395EC26-DDAA-40BE-2E55-A09A0F83E9FC,TestPhone2,-61.0,8.0,610402526.96492,9.256072044372559
2020-05-05 16:15:26.967,F395EC26-DDAA-40BE-2E55-A09A0F83E9FC,TestPhone2,-61.0,8.0,610402526.964955,9.256106972694397
2020-05-05 16:15:27.041,F395EC26-DDAA-40BE-2E55-A09A0F83E9FC,TestPhone2,-54.0,8.0,610402527.039703,9.330855011940002
2020-05-05 16:15:27.042,F395EC26-DDAA-40BE-2E55-A09A0F83E9FC,TestPhone2,-54.0,8.0,610402527.039741,9.33089303970337
2020-05-05 16:15:27.119,F395EC26-DDAA-40BE-2E55-A09A0F83E9FC,TestPhone2,-66.0,8.0,610402527.117776,9.408928036689758
2020-05-05 16:15:27.120,F395EC26-DDAA-40BE-2E55-A09A0F83E9FC,TestPhone2,-66.0,8.0,610402527.117816,9.408967971801758
2020-05-05 16:15:27.160,F395EC26-DDAA-40BE-2E55-A09A0F83E9FC,TestPhone2,-54.0,8.0,610402527.158585,9.449736952781677
2020-05-05 16:15:27.160,F395EC26-DDAA-40BE-2E55-A09A0F83E9FC,TestPhone2,-54.0,8.0,610402527.158619,9.449771046638489
2020-05-05 16:15:27.192,F395EC26-DDAA-40BE-2E55-A09A0F83E9FC,TestPhone2,-60.0,8.0,610402527.190504,9.481655955314636
2020-05-05 16:15:27.192,F395EC26-DDAA-40BE-2E55-A09A0F83E9FC,TestPhone2,-61.0,8.0,610402527.19054,9.48169195652008
2020-05-05 16:15:27.229,F395EC26-DDAA-40BE-2E55-A09A0F83E9FC,TestPhone2,-67.0,8.0,610402527.227811,9.518962979316711
2020-05-05 16:15:27.230,F395EC26-DDAA-40BE-2E55-A09A0F83E9FC,TestPhone2,-67.0,8.0,610402527.227846,9.51899802684784
2020-05-05 16:15:27.266,F395EC26-DDAA-40BE-2E55-A09A0F83E9FC,TestPhone2,-54.0,8.0,610402527.264907,9.556059002876282
2020-05-05 16:15:27.267,F395EC26-DDAA-40BE-2E55-A09A0F83E9FC,TestPhone2,-54.0,8.0,610402527.264948,9.556100010871887
2020-05-05 16:15:27.305,F395EC26-DDAA-40BE-2E55-A09A0F83E9FC,TestPhone2,-61.0,8.0,610402527.303516,9.59466803073883
2020-05-05 16:15:27.305,F395EC26-DDAA-40BE-2E55-A09A0F83E9FC,TestPhone2,-61.0,8.0,610402527.303551,9.594702959060669
2020-05-05 16:15:27.343,F395EC26-DDAA-40BE-2E55-A09A0F83E9FC,TestPhone2,-67.0,8.0,610402527.341988,9.633139967918396
2020-05-05 16:15:27.344,F395EC26-DDAA-40BE-2E55-A09A0F83E9FC,TestPhone2,-67.0,8.0,610402527.342024,9.63317596912384
2020-05-05 16:15:27.442,F395EC26-DDAA-40BE-2E55-A09A0F83E9FC,TestPhone2,-61.0,8.0,610402527.440517,9.731668949127197
2020-05-05 16:15:27.442,F395EC26-DDAA-40BE-2E55-A09A0F83E9FC,TestPhone2,-61.0,8.0,610402527.44055,9.731701970100403
2020-05-05 16:15:27.476,F395EC26-DDAA-40BE-2E55-A09A0F83E9FC,TestPhone2,-69.0,8.0,610402527.47529,9.766441941261292
2020-05-05 16:15:27.477,F395EC26-DDAA-40BE-2E55-A09A0F83E9FC,TestPhone2,-69.0,8.0,610402527.475322,9.76647400856018
2020-05-05 16:15:27.510,F395EC26-DDAA-40BE-2E55-A09A0F83E9FC,TestPhone2,-54.0,8.0,610402527.507775,9.798926949501038
2020-05-05 16:15:27.511,F395EC26-DDAA-40BE-2E55-A09A0F83E9FC,TestPhone2,-54.0,8.0,610402527.509688,9.800840020179749
2020-05-05 16:15:27.543,F395EC26-DDAA-40BE-2E55-A09A0F83E9FC,TestPhone2,-60.0,8.0,610402527.541538,9.832690000534058
2020-05-05 16:15:27.543,F395EC26-DDAA-40BE-2E55-A09A0F83E9FC,TestPhone2,-60.0,8.0,610402527.54157,9.832721948623657
2020-05-05 16:15:27.619,F395EC26-DDAA-40BE-2E55-A09A0F83E9FC,TestPhone2,-54.0,8.0,610402527.618271,9.909422993659973
2020-05-05 16:15:27.620,F395EC26-DDAA-40BE-2E55-A09A0F83E9FC,TestPhone2,-54.0,8.0,610402527.618305,9.909456968307495
2020-05-05 16:15:27.724,F395EC26-DDAA-40BE-2E55-A09A0F83E9FC,TestPhone2,-67.0,8.0,610402527.722824,10.013975977897644
2020-05-05 16:15:27.725,F395EC26-DDAA-40BE-2E55-A09A0F83E9FC,TestPhone2,-67.0,8.0,610402527.722858,10.014009952545166
2020-05-05 16:15:27.760,F395EC26-DDAA-40BE-2E55-A09A0F83E9FC,TestPhone2,-55.0,8.0,610402527.758509,10.049661040306091
2020-05-05 16:15:27.760,F395EC26-DDAA-40BE-2E55-A09A0F83E9FC,TestPhone2,-54.0,8.0,610402527.758545,10.049697041511536
2020-05-05 16:15:27.821,F395EC26-DDAA-40BE-2E55-A09A0F83E9FC,TestPhone2,-67.0,8.0,610402527.819714,10.110865950584412
2020-05-05 16:15:27.822,F395EC26-DDAA-40BE-2E55-A09A0F83E9FC,TestPhone2,-67.0,8.0,610402527.821444,10.112596035003662
2020-05-05 16:15:27.863,F395EC26-DDAA-40BE-2E55-A09A0F83E9FC,TestPhone2,-55.0,8.0,610402527.862284,10.153435945510864
2020-05-05 16:15:27.864,F395EC26-DDAA-40BE-2E55-A09A0F83E9FC,TestPhone2,-55.0,8.0,610402527.862319,10.153470993041992
2020-05-05 16:15:27.899,F395EC26-DDAA-40BE-2E55-A09A0F83E9FC,TestPhone2,-60.0,8.0,610402527.89787,10.189021944999695
2020-05-05 16:15:27.900,F395EC26-DDAA-40BE-2E55-A09A0F83E9FC,TestPhone2,-60.0,8.0,610402527.897906,10.18905794620514
2020-05-05 16:15:28.037,F395EC26-DDAA-40BE-2E55-A09A0F83E9FC,TestPhone2,-60.0,8.0,610402528.035618,10.326769948005676
2020-05-05 16:15:28.070,F395EC26-DDAA-40BE-2E55-A09A0F83E9FC,TestPhone2,-64.0,8.0,610402528.068156,10.359308004379272
2020-05-05 16:15:28.070,F395EC26-DDAA-40BE-2E55-A09A0F83E9FC,TestPhone2,-64.0,8.0,610402528.068169,10.359320998191833
2020-05-05 16:15:28.104,F395EC26-DDAA-40BE-2E55-A09A0F83E9FC,TestPhone2,-54.0,8.0,610402528.103114,10.39426600933075
2020-05-05 16:15:28.105,F395EC26-DDAA-40BE-2E55-A09A0F83E9FC,TestPhone2,-55.0,8.0,610402528.103153,10.394304990768433
2020-05-05 16:15:28.140,F395EC26-DDAA-40BE-2E55-A09A0F83E9FC,TestPhone2,-60.0,8.0,610402528.139274,10.430426001548767
2020-05-05 16:15:28.141,F395EC26-DDAA-40BE-2E55-A09A0F83E9FC,TestPhone2,-60.0,8.0,610402528.13931,10.430462002754211
2020-05-05 16:15:28.199,F395EC26-DDAA-40BE-2E55-A09A0F83E9FC,TestPhone2,-66.0,8.0,610402528.197967,10.489119052886963
2020-05-05 16:15:28.200,F395EC26-DDAA-40BE-2E55-A09A0F83E9FC,TestPhone2,-66.0,8.0,610402528.198002,10.489153981208801
2020-05-05 16:15:28.237,F395EC26-DDAA-40BE-2E55-A09A0F83E9FC,TestPhone2,-55.0,8.0,610402528.23621,10.527361989021301
2020-05-05 16:15:28.238,F395EC26-DDAA-40BE-2E55-A09A0F83E9FC,TestPhone2,-55.0,8.0,610402528.236246,10.527397990226746
2020-05-05 16:15:28.273,F395EC26-DDAA-40BE-2E55-A09A0F83E9FC,TestPhone2,-60.0,8.0,610402528.272356,10.563508033752441
2020-05-05 16:15:28.274,F395EC26-DDAA-40BE-2E55-A09A0F83E9FC,TestPhone2,-61.0,8.0,610402528.272389,10.563541054725647
2020-05-05 16:15:28.340,F395EC26-DDAA-40BE-2E55-A09A0F83E9FC,TestPhone2,-55.0,8.0,610402528.33904,10.630192041397095
2020-05-05 16:15:28.341,F395EC26-DDAA-40BE-2E55-A09A0F83E9FC,TestPhone2,-55.0,8.0,610402528.339072,10.630223989486694
2020-05-05 16:15:28.480,F395EC26-DDAA-40BE-2E55-A09A0F83E9FC,TestPhone2,-55.0,8.0,610402528.47901,10.770161986351013
2020-05-05 16:15:28.481,F395EC26-DDAA-40BE-2E55-A09A0F83E9FC,TestPhone2,-55.0,8.0,610402528.479042,10.770194053649902
2020-05-05 16:15:28.724,F395EC26-DDAA-40BE-2E55-A09A0F83E9FC,TestPhone2,-55.0,8.0,610402528.723327,11.014479041099548
2020-05-05 16:15:28.725,F395EC26-DDAA-40BE-2E55-A09A0F83E9FC,TestPhone2,-55.0,8.0,610402528.723364,11.014515995979309
2020-05-05 16:15:28.754,F395EC26-DDAA-40BE-2E55-A09A0F83E9FC,TestPhone2,-64.0,8.0,610402528.753216,11.044368028640747
2020-05-05 16:15:28.755,F395EC26-DDAA-40BE-2E55-A09A0F83E9FC,TestPhone2,-64.0,8.0,610402528.75325,11.044402003288269
2020-05-05 16:15:28.829,F395EC26-DDAA-40BE-2E55-A09A0F83E9FC,TestPhone2,-54.0,8.0,610402528.827538,11.118690013885498
2020-05-05 16:15:28.829,F395EC26-DDAA-40BE-2E55-A09A0F83E9FC,TestPhone2,-54.0,8.0,610402528.827571,11.118723034858704
2020-05-05 16:15:28.935,F395EC26-DDAA-40BE-2E55-A09A0F83E9FC,TestPhone2,-55.0,8.0,610402528.933697,11.224848985671997
2020-05-05 16:15:28.935,F395EC26-DDAA-40BE-2E55-A09A0F83E9FC,TestPhone2,-55.0,8.0,610402528.933734,11.224886059761047
2020-05-05 16:15:28.971,F395EC26-DDAA-40BE-2E55-A09A0F83E9FC,TestPhone2,-64.0,8.0,610402528.96961,11.260761976242065
2020-05-05 16:15:28.971,F395EC26-DDAA-40BE-2E55-A09A0F83E9FC,TestPhone2,-64.0,8.0,610402528.969645,11.260797023773193
2020-05-05 16:15:29.066,F395EC26-DDAA-40BE-2E55-A09A0F83E9FC,TestPhone2,-55.0,8.0,610402529.065502,11.356654047966003
2020-05-05 16:15:29.067,F395EC26-DDAA-40BE-2E55-A09A0F83E9FC,TestPhone2,-55.0,8.0,610402529.065531,11.356683015823364
2020-05-05 16:15:29.105,F395EC26-DDAA-40BE-2E55-A09A0F83E9FC,TestPhone2,-64.0,8.0,610402529.104213,11.395364999771118
2020-05-05 16:15:29.136,F395EC26-DDAA-40BE-2E55-A09A0F83E9FC,TestPhone2,-73.0,8.0,610402529.135065,11.426216959953308
2020-05-05 16:15:29.137,F395EC26-DDAA-40BE-2E55-A09A0F83E9FC,TestPhone2,-73.0,8.0,610402529.1351,11.426252007484436
2020-05-05 16:15:29.213,F395EC26-DDAA-40BE-2E55-A09A0F83E9FC,TestPhone2,-64.0,8.0,610402529.211973,11.503124952316284
2020-05-05 16:15:29.214,F395EC26-DDAA-40BE-2E55-A09A0F83E9FC,TestPhone2,-64.0,8.0,610402529.212006,11.50315797328949
2020-05-05 16:15:29.275,F395EC26-DDAA-40BE-2E55-A09A0F83E9FC,TestPhone2,-74.0,8.0,610402529.274258,11.565410017967224
2020-05-05 16:15:29.276,F395EC26-DDAA-40BE-2E55-A09A0F83E9FC,TestPhone2,-74.0,8.0,610402529.274293,11.565444946289062
2020-05-05 16:15:29.313,F395EC26-DDAA-40BE-2E55-A09A0F83E9FC,TestPhone2,-55.0,8.0,610402529.312358,11.603510022163391
2020-05-05 16:15:29.314,F395EC26-DDAA-40BE-2E55-A09A0F83E9FC,TestPhone2,-56.0,8.0,610402529.312393,11.60354495048523
2020-05-05 16:15:29.379,F395EC26-DDAA-40BE-2E55-A09A0F83E9FC,TestPhone2,-70.0,8.0,610402529.378024,11.66917598247528
2020-05-05 16:15:29.634,F395EC26-DDAA-40BE-2E55-A09A0F83E9FC,TestPhone2,-81.0,8.0,610402529.632948,11.924100041389465
2020-05-05 16:15:29.670,F395EC26-DDAA-40BE-2E55-A09A0F83E9FC,TestPhone2,-55.0,8.0,610402529.667246,11.9583979845047
2020-05-05 16:15:29.670,F395EC26-DDAA-40BE-2E55-A09A0F83E9FC,TestPhone2,-55.0,8.0,610402529.669145,11.960296988487244
2020-05-05 16:15:29.710,F395EC26-DDAA-40BE-2E55-A09A0F83E9FC,TestPhone2,-65.0,8.0,610402529.708188,11.999340057373047
2020-05-05 16:15:29.711,F395EC26-DDAA-40BE-2E55-A09A0F83E9FC,TestPhone2,-65.0,8.0,610402529.708201,11.999353051185608
2020-05-05 16:15:29.749,F395EC26-DDAA-40BE-2E55-A09A0F83E9FC,TestPhone2,-78.0,8.0,610402529.747733,12.038884997367859
2020-05-05 16:15:29.749,F395EC26-DDAA-40BE-2E55-A09A0F83E9FC,TestPhone2,-78.0,8.0,610402529.747767,12.03891897201538
2020-05-05 16:15:29.827,F395EC26-DDAA-40BE-2E55-A09A0F83E9FC,TestPhone2,-64.0,8.0,610402529.826048,12.117200016975403
2020-05-05 16:15:29.828,F395EC26-DDAA-40BE-2E55-A09A0F83E9FC,TestPhone2,-64.0,8.0,610402529.826084,12.117236018180847
2020-05-05 16:15:29.866,F395EC26-DDAA-40BE-2E55-A09A0F83E9FC,TestPhone2,-75.0,8.0,610402529.865057,12.156208992004395
2020-05-05 16:15:29.867,F395EC26-DDAA-40BE-2E55-A09A0F83E9FC,TestPhone2,-75.0,8.0,610402529.865091,12.156242966651917
2020-05-05 16:15:29.939,F395EC26-DDAA-40BE-2E55-A09A0F83E9FC,TestPhone2,-76.0,8.0,610402529.926984,12.218135952949524
2020-05-05 16:15:29.940,F395EC26-DDAA-40BE-2E55-A09A0F83E9FC,TestPhone2,-76.0,8.0,610402529.927006,12.21815800666809
2020-05-05 16:15:30.028,F395EC26-DDAA-40BE-2E55-A09A0F83E9FC,TestPhone2,-55.0,8.0,610402530.026608,12.317759990692139
2020-05-05 16:15:30.028,F395EC26-DDAA-40BE-2E55-A09A0F83E9FC,TestPhone2,-55.0,8.0,610402530.026642,12.31779396533966
2020-05-05 16:15:30.093,F395EC26-DDAA-40BE-2E55-A09A0F83E9FC,TestPhone2,-73.0,8.0,610402530.091722,12.382874011993408
2020-05-05 16:15:30.124,F395EC26-DDAA-40BE-2E55-A09A0F83E9FC,TestPhone2,-55.0,8.0,610402530.123117,12.414268970489502
2020-05-05 16:15:30.125,F395EC26-DDAA-40BE-2E55-A09A0F83E9FC,TestPhone2,-55.0,8.0,610402530.123148,12.414299964904785
2020-05-05 16:15:30.163,F395EC26-DDAA-40BE-2E55-A09A0F83E9FC,TestPhone2,-62.0,8.0,610402530.161737,12.45288896560669
2020-05-05 16:15:30.164,F395EC26-DDAA-40BE-2E55-A09A0F83E9FC,TestPhone2,-62.0,8.0,610402530.161756,12.452908039093018
2020-05-05 16:15:30.199,F395EC26-DDAA-40BE-2E55-A09A0F83E9FC,TestPhone2,-73.0,8.0,610402530.198251,12.489403009414673
2020-05-05 16:15:30.307,F395EC26-DDAA-40BE-2E55-A09A0F83E9FC,TestPhone2,-62.0,8.0,610402530.306443,12.597594976425171
2020-05-05 16:15:30.308,F395EC26-DDAA-40BE-2E55-A09A0F83E9FC,TestPhone2,-62.0,8.0,610402530.306477,12.597628951072693
2020-05-05 16:15:30.380,F395EC26-DDAA-40BE-2E55-A09A0F83E9FC,TestPhone2,-55.0,8.0,610402530.378707,12.669859051704407
2020-05-05 16:15:30.381,F395EC26-DDAA-40BE-2E55-A09A0F83E9FC,TestPhone2,-55.0,8.0,610402530.378745,12.669896960258484
2020-05-05 16:15:30.449,F395EC26-DDAA-40BE-2E55-A09A0F83E9FC,TestPhone2,-74.0,8.0,610402530.447974,12.739125967025757
2020-05-05 16:15:30.450,F395EC26-DDAA-40BE-2E55-A09A0F83E9FC,TestPhone2,-73.0,8.0,610402530.448008,12.739159941673279
2020-05-05 16:15:30.486,F395EC26-DDAA-40BE-2E55-A09A0F83E9FC,TestPhone2,-55.0,8.0,610402530.484946,12.776098012924194
2020-05-05 16:15:30.487,F395EC26-DDAA-40BE-2E55-A09A0F83E9FC,TestPhone2,-55.0,8.0,610402530.484981,12.776132941246033
2020-05-05 16:15:30.522,F395EC26-DDAA-40BE-2E55-A09A0F83E9FC,TestPhone2,-62.0,8.0,610402530.521065,12.812216997146606
2020-05-05 16:15:30.523,F395EC26-DDAA-40BE-2E55-A09A0F83E9FC,TestPhone2,-62.0,8.0,610402530.521097,12.812248945236206
2020-05-05 16:15:30.557,F395EC26-DDAA-40BE-2E55-A09A0F83E9FC,TestPhone2,-77.0,8.0,610402530.55465,12.845801949501038
2020-05-05 16:15:30.558,F395EC26-DDAA-40BE-2E55-A09A0F83E9FC,TestPhone2,-77.0,8.0,610402530.556499,12.84765100479126
2020-05-05 16:15:30.596,F395EC26-DDAA-40BE-2E55-A09A0F83E9FC,TestPhone2,-55.0,8.0,610402530.594979,12.886131048202515
2020-05-05 16:15:30.597,F395EC26-DDAA-40BE-2E55-A09A0F83E9FC,TestPhone2,-55.0,8.0,610402530.595013,12.886165022850037
2020-05-05 16:15:30.730,F395EC26-DDAA-40BE-2E55-A09A0F83E9FC,TestPhone2,-55.0,8.0,610402530.728952,13.020104050636292
2020-05-05 16:15:30.731,F395EC26-DDAA-40BE-2E55-A09A0F83E9FC,TestPhone2,-55.0,8.0,610402530.728992,13.020143985748291
2020-05-05 16:15:30.766,F395EC26-DDAA-40BE-2E55-A09A0F83E9FC,TestPhone2,-63.0,8.0,610402530.764504,13.05565595626831
2020-05-05 16:15:30.766,F395EC26-DDAA-40BE-2E55-A09A0F83E9FC,TestPhone2,-63.0,8.0,610402530.764535,13.055686950683594
2020-05-05 16:15:30.868,F395EC26-DDAA-40BE-2E55-A09A0F83E9FC,TestPhone2,-55.0,8.0,610402530.866507,13.15765905380249
2020-05-05 16:15:30.868,F395EC26-DDAA-40BE-2E55-A09A0F83E9FC,TestPhone2,-55.0,8.0,610402530.866541,13.157693028450012
2020-05-05 16:15:30.935,F395EC26-DDAA-40BE-2E55-A09A0F83E9FC,TestPhone2,-72.0,8.0,610402530.933984,13.225136041641235
2020-05-05 16:15:30.937,F395EC26-DDAA-40BE-2E55-A09A0F83E9FC,TestPhone2,-72.0,8.0,610402530.935642,13.226794004440308
2020-05-05 16:15:31.044,F395EC26-DDAA-40BE-2E55-A09A0F83E9FC,TestPhone2,-71.0,8.0,610402531.042595,13.333747029304504
2020-05-05 16:15:31.045,F395EC26-DDAA-40BE-2E55-A09A0F83E9FC,TestPhone2,-71.0,8.0,610402531.042634,13.333786010742188
2020-05-05 16:15:31.081,F395EC26-DDAA-40BE-2E55-A09A0F83E9FC,TestPhone2,-56.0,8.0,610402531.079309,13.370460987091064
2020-05-05 16:15:31.082,F395EC26-DDAA-40BE-2E55-A09A0F83E9FC,TestPhone2,-56.0,8.0,610402531.081285,13.372437000274658
2020-05-05 16:15:31.121,F395EC26-DDAA-40BE-2E55-A09A0F83E9FC,TestPhone2,-64.0,8.0,610402531.119481,13.410632967948914
2020-05-05 16:15:31.121,F395EC26-DDAA-40BE-2E55-A09A0F83E9FC,TestPhone2,-64.0,8.0,610402531.119515,13.410666942596436
2020-05-05 16:15:31.156,F395EC26-DDAA-40BE-2E55-A09A0F83E9FC,TestPhone2,-69.0,8.0,610402531.15441,13.44556200504303
2020-05-05 16:15:31.156,F395EC26-DDAA-40BE-2E55-A09A0F83E9FC,TestPhone2,-69.0,8.0,610402531.155537,13.446689009666443
2020-05-05 16:15:31.196,F395EC26-DDAA-40BE-2E55-A09A0F83E9FC,TestPhone2,-57.0,8.0,610402531.195095,13.486246943473816
2020-05-05 16:15:31.197,F395EC26-DDAA-40BE-2E55-A09A0F83E9FC,TestPhone2,-57.0,8.0,610402531.195133,13.486284971237183
2020-05-05 16:15:31.237,F395EC26-DDAA-40BE-2E55-A09A0F83E9FC,TestPhone2,-63.0,8.0,610402531.236236,13.527387976646423
2020-05-05 16:15:31.238,F395EC26-DDAA-40BE-2E55-A09A0F83E9FC,TestPhone2,-63.0,8.0,610402531.23627,13.527421951293945
2020-05-05 16:15:31.406,F395EC26-DDAA-40BE-2E55-A09A0F83E9FC,TestPhone2,-66.0,8.0,610402531.405054,13.696205973625183
2020-05-05 16:15:31.406,F395EC26-DDAA-40BE-2E55-A09A0F83E9FC,TestPhone2,-67.0,8.0,610402531.405078,13.696230053901672
2020-05-05 16:15:31.444,F395EC26-DDAA-40BE-2E55-A09A0F83E9FC,TestPhone2,-58.0,8.0,610402531.44254,13.733692049980164
2020-05-05 16:15:31.444,F395EC26-DDAA-40BE-2E55-A09A0F83E9FC,TestPhone2,-58.0,8.0,610402531.442574,13.733726024627686
2020-05-05 16:15:31.585,F395EC26-DDAA-40BE-2E55-A09A0F83E9FC,TestPhone2,-61.0,8.0,610402531.584353,13.875504970550537
2020-05-05 16:15:31.586,F395EC26-DDAA-40BE-2E55-A09A0F83E9FC,TestPhone2,-61.0,8.0,610402531.584386,13.875537991523743
2020-05-05 16:15:31.621,F395EC26-DDAA-40BE-2E55-A09A0F83E9FC,TestPhone2,-60.0,8.0,610402531.619598,13.910750031471252
2020-05-05 16:15:31.621,F395EC26-DDAA-40BE-2E55-A09A0F83E9FC,TestPhone2,-60.0,8.0,610402531.61963,13.910781979560852
2020-05-05 16:15:31.649,F395EC26-DDAA-40BE-2E55-A09A0F83E9FC,TestPhone2,-62.0,8.0,610402531.648327,13.939478993415833
2020-05-05 16:15:31.650,F395EC26-DDAA-40BE-2E55-A09A0F83E9FC,TestPhone2,-62.0,8.0,610402531.648374,13.939525961875916
2020-05-05 16:15:31.682,F395EC26-DDAA-40BE-2E55-A09A0F83E9FC,TestPhone2,-62.0,8.0,610402531.681037,13.972188949584961
2020-05-05 16:15:31.683,F395EC26-DDAA-40BE-2E55-A09A0F83E9FC,TestPhone2,-62.0,8.0,610402531.681068,13.972219944000244
2020-05-05 16:15:31.825,F395EC26-DDAA-40BE-2E55-A09A0F83E9FC,TestPhone2,-63.0,8.0,610402531.823845,14.114997029304504
2020-05-05 16:15:31.826,F395EC26-DDAA-40BE-2E55-A09A0F83E9FC,TestPhone2,-63.0,8.0,610402531.823901,14.115053057670593
2020-05-05 16:15:31.940,F395EC26-DDAA-40BE-2E55-A09A0F83E9FC,TestPhone2,-65.0,8.0,610402531.939205,14.230357050895691
2020-05-05 16:15:31.941,F395EC26-DDAA-40BE-2E55-A09A0F83E9FC,TestPhone2,-65.0,8.0,610402531.939239,14.230391025543213
2020-05-05 16:15:31.973,F395EC26-DDAA-40BE-2E55-A09A0F83E9FC,TestPhone2,-59.0,8.0,610402531.971585,14.262737035751343
2020-05-05 16:15:31.973,F395EC26-DDAA-40BE-2E55-A09A0F83E9FC,TestPhone2,-59.0,8.0,610402531.97162,14.262771964073181
2020-05-05 16:15:32.007,F395EC26-DDAA-40BE-2E55-A09A0F83E9FC,TestPhone2,-59.0,8.0,610402532.005551,14.296702980995178
2020-05-05 16:15:32.007,F395EC26-DDAA-40BE-2E55-A09A0F83E9FC,TestPhone2,-59.0,8.0,610402532.005587,14.296738982200623
2020-05-05 16:15:32.046,F395EC26-DDAA-40BE-2E55-A09A0F83E9FC,TestPhone2,-70.0,8.0,610402532.044937,14.336089015007019
2020-05-05 16:15:32.047,F395EC26-DDAA-40BE-2E55-A09A0F83E9FC,TestPhone2,-70.0,8.0,610402532.044973,14.336125016212463
2020-05-05 16:15:32.087,F395EC26-DDAA-40BE-2E55-A09A0F83E9FC,TestPhone2,-60.0,8.0,610402532.085898,14.377050042152405
2020-05-05 16:15:32.088,F395EC26-DDAA-40BE-2E55-A09A0F83E9FC,TestPhone2,-60.0,8.0,610402532.085947,14.37709903717041
2020-05-05 16:15:32.148,F395EC26-DDAA-40BE-2E55-A09A0F83E9FC,TestPhone2,-57.0,8.0,610402532.146904,14.438055992126465
2020-05-05 16:15:32.149,F395EC26-DDAA-40BE-2E55-A09A0F83E9FC,TestPhone2,-57.0,8.0,610402532.146937,14.43808901309967
2020-05-05 16:15:32.218,F395EC26-DDAA-40BE-2E55-A09A0F83E9FC,TestPhone2,-68.0,8.0,610402532.216698,14.507850050926208
2020-05-05 16:15:32.218,F395EC26-DDAA-40BE-2E55-A09A0F83E9FC,TestPhone2,-68.0,8.0,610402532.216732,14.50788402557373
2020-05-05 16:15:32.247,F395EC26-DDAA-40BE-2E55-A09A0F83E9FC,TestPhone2,-56.0,8.0,610402532.245872,14.537024021148682
2020-05-05 16:15:32.248,F395EC26-DDAA-40BE-2E55-A09A0F83E9FC,TestPhone2,-57.0,8.0,610402532.245906,14.537057995796204
2020-05-05 16:15:32.280,F395EC26-DDAA-40BE-2E55-A09A0F83E9FC,TestPhone2,-66.0,8.0,610402532.278869,14.570021033287048
2020-05-05 16:15:32.281,F395EC26-DDAA-40BE-2E55-A09A0F83E9FC,TestPhone2,-66.0,8.0,610402532.278905,14.570057034492493
2020-05-05 16:15:32.389,F395EC26-DDAA-40BE-2E55-A09A0F83E9FC,TestPhone2,-58.0,8.0,610402532.387577,14.678729057312012
2020-05-05 16:15:32.389,F395EC26-DDAA-40BE-2E55-A09A0F83E9FC,TestPhone2,-58.0,8.0,610402532.387611,14.678763031959534
2020-05-05 16:15:32.454,F395EC26-DDAA-40BE-2E55-A09A0F83E9FC,TestPhone2,-67.0,8.0,610402532.452968,14.744120001792908
2020-05-05 16:15:32.525,F395EC26-DDAA-40BE-2E55-A09A0F83E9FC,TestPhone2,-79.0,8.0,610402532.524339,14.815490961074829
2020-05-05 16:15:32.526,F395EC26-DDAA-40BE-2E55-A09A0F83E9FC,TestPhone2,-83.0,8.0,610402532.524377,14.815528988838196
2020-05-05 16:15:32.561,F395EC26-DDAA-40BE-2E55-A09A0F83E9FC,TestPhone2,-66.0,8.0,610402532.559529,14.850680947303772
2020-05-05 16:15:32.561,F395EC26-DDAA-40BE-2E55-A09A0F83E9FC,TestPhone2,-66.0,8.0,610402532.559562,14.850713968276978
2020-05-05 16:15:32.659,F395EC26-DDAA-40BE-2E55-A09A0F83E9FC,TestPhone2,-61.0,8.0,610402532.657629,14.94878101348877
2020-05-05 16:15:32.689,F395EC26-DDAA-40BE-2E55-A09A0F83E9FC,TestPhone2,-64.0,8.0,610402532.688112,14.9792640209198
2020-05-05 16:15:32.691,F395EC26-DDAA-40BE-2E55-A09A0F83E9FC,TestPhone2,-64.0,8.0,610402532.689703,14.980854988098145
2020-05-05 16:15:32.723,F395EC26-DDAA-40BE-2E55-A09A0F83E9FC,TestPhone2,-60.0,8.0,610402532.721788,15.012940049171448
2020-05-05 16:15:32.724,F395EC26-DDAA-40BE-2E55-A09A0F83E9FC,TestPhone2,-60.0,8.0,610402532.721821,15.012972950935364
2020-05-05 16:15:32.867,F395EC26-DDAA-40BE-2E55-A09A0F83E9FC,TestPhone2,-59.0,8.0,610402532.866367,15.157518982887268
2020-05-05 16:15:32.868,F395EC26-DDAA-40BE-2E55-A09A0F83E9FC,TestPhone2,-60.0,8.0,610402532.866403,15.157554984092712
2020-05-05 16:15:32.909,F395EC26-DDAA-40BE-2E55-A09A0F83E9FC,TestPhone2,-61.0,8.0,610402532.90753,15.198681950569153
2020-05-05 16:15:32.909,F395EC26-DDAA-40BE-2E55-A09A0F83E9FC,TestPhone2,-61.0,8.0,610402532.907573,15.19872498512268
2020-05-05 16:15:32.940,F395EC26-DDAA-40BE-2E55-A09A0F83E9FC,TestPhone2,-63.0,8.0,610402532.939239,15.230391025543213
2020-05-05 16:15:32.942,F395EC26-DDAA-40BE-2E55-A09A0F83E9FC,TestPhone2,-63.0,8.0,610402532.940817,15.231968998908997
2020-05-05 16:15:32.977,F395EC26-DDAA-40BE-2E55-A09A0F83E9FC,TestPhone2,-59.0,8.0,610402532.975512,15.266664028167725
2020-05-05 16:15:32.977,F395EC26-DDAA-40BE-2E55-A09A0F83E9FC,TestPhone2,-59.0,8.0,610402532.975547,15.266698956489563
2020-05-05 16:15:33.006,F395EC26-DDAA-40BE-2E55-A09A0F83E9FC,TestPhone2,-61.0,8.0,610402533.005291,15.296442985534668
2020-05-05 16:15:33.007,F395EC26-DDAA-40BE-2E55-A09A0F83E9FC,TestPhone2,-62.0,8.0,610402533.005328,15.296480059623718
2020-05-05 16:15:33.039,F395EC26-DDAA-40BE-2E55-A09A0F83E9FC,TestPhone2,-64.0,8.0,610402533.038344,15.329496026039124
2020-05-05 16:15:33.040,F395EC26-DDAA-40BE-2E55-A09A0F83E9FC,TestPhone2,-64.0,8.0,610402533.038379,15.329530954360962
2020-05-05 16:15:33.148,F395EC26-DDAA-40BE-2E55-A09A0F83E9FC,TestPhone2,-63.0,8.0,610402533.146572,15.437723994255066
2020-05-05 16:15:33.149,F395EC26-DDAA-40BE-2E55-A09A0F83E9FC,TestPhone2,-63.0,8.0,610402533.146608,15.43775999546051
2020-05-05 16:15:33.224,F395EC26-DDAA-40BE-2E55-A09A0F83E9FC,TestPhone2,-61.0,8.0,610402533.223138,15.51428997516632
2020-05-05 16:15:33.225,F395EC26-DDAA-40BE-2E55-A09A0F83E9FC,TestPhone2,-61.0,8.0,610402533.223176,15.514328002929688
2020-05-05 16:15:33.256,F395EC26-DDAA-40BE-2E55-A09A0F83E9FC,TestPhone2,-66.0,8.0,610402533.254443,15.545595049858093
2020-05-05 16:15:33.256,F395EC26-DDAA-40BE-2E55-A09A0F83E9FC,TestPhone2,-66.0,8.0,610402533.254477,15.545629024505615
2020-05-05 16:15:33.285,F395EC26-DDAA-40BE-2E55-A09A0F83E9FC,TestPhone2,-64.0,8.0,610402533.282773,15.573925018310547
2020-05-05 16:15:33.286,F395EC26-DDAA-40BE-2E55-A09A0F83E9FC,TestPhone2,-64.0,8.0,610402533.284227,15.575379014015198
2020-05-05 16:15:33.316,F395EC26-DDAA-40BE-2E55-A09A0F83E9FC,TestPhone2,-63.0,8.0,610402533.315062,15.606214046478271
2020-05-05 16:15:33.318,F395EC26-DDAA-40BE-2E55-A09A0F83E9FC,TestPhone2,-63.0,8.0,610402533.317034,15.60818600654602
2020-05-05 16:15:33.387,F395EC26-DDAA-40BE-2E55-A09A0F83E9FC,TestPhone2,-67.0,8.0,610402533.386257,15.677409052848816
2020-05-05 16:15:33.388,F395EC26-DDAA-40BE-2E55-A09A0F83E9FC,TestPhone2,-67.0,8.0,610402533.386294,15.677446007728577
2020-05-05 16:15:33.426,F395EC26-DDAA-40BE-2E55-A09A0F83E9FC,TestPhone2,-66.0,8.0,610402533.424437,15.715589046478271
2020-05-05 16:15:33.426,F395EC26-DDAA-40BE-2E55-A09A0F83E9FC,TestPhone2,-66.0,8.0,610402533.42447,15.715621948242188
2020-05-05 16:15:33.462,F395EC26-DDAA-40BE-2E55-A09A0F83E9FC,TestPhone2,-67.0,8.0,610402533.46101,15.752161979675293
2020-05-05 16:15:33.463,F395EC26-DDAA-40BE-2E55-A09A0F83E9FC,TestPhone2,-67.0,8.0,610402533.461048,15.75220000743866
2020-05-05 16:15:33.530,F395EC26-DDAA-40BE-2E55-A09A0F83E9FC,TestPhone2,-66.0,8.0,610402533.529118,15.82026994228363
2020-05-05 16:15:33.559,F395EC26-DDAA-40BE-2E55-A09A0F83E9FC,TestPhone2,-69.0,8.0,610402533.557566,15.848718047142029
2020-05-05 16:15:33.559,F395EC26-DDAA-40BE-2E55-A09A0F83E9FC,TestPhone2,-69.0,8.0,610402533.557599,15.848750948905945
2020-05-05 16:15:33.588,F395EC26-DDAA-40BE-2E55-A09A0F83E9FC,TestPhone2,-70.0,8.0,610402533.586826,15.877977967262268
2020-05-05 16:15:33.589,F395EC26-DDAA-40BE-2E55-A09A0F83E9FC,TestPhone2,-70.0,8.0,610402533.58686,15.87801194190979
2020-05-05 16:15:33.624,F395EC26-DDAA-40BE-2E55-A09A0F83E9FC,TestPhone2,-59.0,8.0,610402533.622719,15.913871049880981
2020-05-05 16:15:33.625,F395EC26-DDAA-40BE-2E55-A09A0F83E9FC,TestPhone2,-59.0,8.0,610402533.622752,15.913903951644897
2020-05-05 16:15:33.758,F395EC26-DDAA-40BE-2E55-A09A0F83E9FC,TestPhone2,-71.0,8.0,610402533.757487,16.048639059066772
2020-05-05 16:15:33.759,F395EC26-DDAA-40BE-2E55-A09A0F83E9FC,TestPhone2,-71.0,8.0,610402533.757523,16.048674941062927
2020-05-05 16:15:33.863,F395EC26-DDAA-40BE-2E55-A09A0F83E9FC,TestPhone2,-58.0,8.0,610402533.862532,16.15368402004242
2020-05-05 16:15:33.931,F395EC26-DDAA-40BE-2E55-A09A0F83E9FC,TestPhone2,-65.0,8.0,610402533.929837,16.220988988876343
2020-05-05 16:15:33.933,F395EC26-DDAA-40BE-2E55-A09A0F83E9FC,TestPhone2,-64.0,8.0,610402533.931641,16.222792983055115
2020-05-05 16:15:34.101,F395EC26-DDAA-40BE-2E55-A09A0F83E9FC,TestPhone2,-77.0,8.0,610402534.100001,16.39115297794342
2020-05-05 16:15:34.102,F395EC26-DDAA-40BE-2E55-A09A0F83E9FC,TestPhone2,-76.0,8.0,610402534.100037,16.391188979148865
2020-05-05 16:15:34.133,F395EC26-DDAA-40BE-2E55-A09A0F83E9FC,TestPhone2,-74.0,8.0,610402534.132037,16.42318904399872
2020-05-05 16:15:34.134,F395EC26-DDAA-40BE-2E55-A09A0F83E9FC,TestPhone2,-74.0,8.0,610402534.132073,16.423225045204163
2020-05-05 16:15:34.169,F395EC26-DDAA-40BE-2E55-A09A0F83E9FC,TestPhone2,-58.0,8.0,610402534.168141,16.459293007850647
2020-05-05 16:15:34.170,F395EC26-DDAA-40BE-2E55-A09A0F83E9FC,TestPhone2,-59.0,8.0,610402534.168178,16.459329962730408
2020-05-05 16:15:34.209,F395EC26-DDAA-40BE-2E55-A09A0F83E9FC,TestPhone2,-66.0,8.0,610402534.207826,16.49897801876068
2020-05-05 16:15:34.357,F395EC26-DDAA-40BE-2E55-A09A0F83E9FC,TestPhone2,-68.0,8.0,610402534.356102,16.64725399017334
2020-05-05 16:15:34.358,F395EC26-DDAA-40BE-2E55-A09A0F83E9FC,TestPhone2,-68.0,8.0,610402534.356137,16.647289037704468
2020-05-05 16:15:34.422,F395EC26-DDAA-40BE-2E55-A09A0F83E9FC,TestPhone2,-62.0,8.0,610402534.421475,16.712627053260803
2020-05-05 16:15:34.423,F395EC26-DDAA-40BE-2E55-A09A0F83E9FC,TestPhone2,-62.0,8.0,610402534.421511,16.712663054466248
2020-05-05 16:15:34.461,F395EC26-DDAA-40BE-2E55-A09A0F83E9FC,TestPhone2,-69.0,8.0,610402534.460114,16.75126600265503
2020-05-05 16:15:34.501,F395EC26-DDAA-40BE-2E55-A09A0F83E9FC,TestPhone2,-63.0,8.0,610402534.499985,16.791136980056763
2020-05-05 16:15:34.502,F395EC26-DDAA-40BE-2E55-A09A0F83E9FC,TestPhone2,-62.0,8.0,610402534.500018,16.79117000102997
2020-05-05 16:15:34.535,F395EC26-DDAA-40BE-2E55-A09A0F83E9FC,TestPhone2,-64.0,8.0,610402534.533661,16.82481300830841
2020-05-05 16:15:34.536,F395EC26-DDAA-40BE-2E55-A09A0F83E9FC,TestPhone2,-64.0,8.0,610402534.535458,16.8266099691391
2020-05-05 16:15:34.646,F395EC26-DDAA-40BE-2E55-A09A0F83E9FC,TestPhone2,-65.0,8.0,610402534.644752,16.935904026031494
2020-05-05 16:15:34.647,F395EC26-DDAA-40BE-2E55-A09A0F83E9FC,TestPhone2,-65.0,8.0,610402534.644794,16.935945987701416
2020-05-05 16:15:34.685,F395EC26-DDAA-40BE-2E55-A09A0F83E9FC,TestPhone2,-62.0,8.0,610402534.68355,16.97470200061798
2020-05-05 16:15:34.685,F395EC26-DDAA-40BE-2E55-A09A0F83E9FC,TestPhone2,-62.0,8.0,610402534.683585,16.97473704814911
2020-05-05 16:15:34.722,F395EC26-DDAA-40BE-2E55-A09A0F83E9FC,TestPhone2,-61.0,8.0,610402534.721259,17.01241099834442
2020-05-05 16:15:34.723,F395EC26-DDAA-40BE-2E55-A09A0F83E9FC,TestPhone2,-61.0,8.0,610402534.721296,17.012447953224182
2020-05-05 16:15:34.798,F395EC26-DDAA-40BE-2E55-A09A0F83E9FC,TestPhone2,-62.0,8.0,610402534.796712,17.08786404132843
2020-05-05 16:15:34.799,F395EC26-DDAA-40BE-2E55-A09A0F83E9FC,TestPhone2,-62.0,8.0,610402534.796745,17.087896943092346
2020-05-05 16:15:34.945,F395EC26-DDAA-40BE-2E55-A09A0F83E9FC,TestPhone2,-63.0,8.0,610402534.944171,17.235322952270508
2020-05-05 16:15:34.946,F395EC26-DDAA-40BE-2E55-A09A0F83E9FC,TestPhone2,-62.0,8.0,610402534.944206,17.235357999801636
2020-05-05 16:15:34.979,F395EC26-DDAA-40BE-2E55-A09A0F83E9FC,TestPhone2,-61.0,8.0,610402534.97831,17.26946198940277
2020-05-05 16:15:34.980,F395EC26-DDAA-40BE-2E55-A09A0F83E9FC,TestPhone2,-61.0,8.0,610402534.978345,17.2694970369339
2020-05-05 16:15:35.013,F395EC26-DDAA-40BE-2E55-A09A0F83E9FC,TestPhone2,-64.0,8.0,610402535.01146,17.30261194705963
2020-05-05 16:15:35.013,F395EC26-DDAA-40BE-2E55-A09A0F83E9FC,TestPhone2,-64.0,8.0,610402535.011497,17.30264902114868
2020-05-05 16:15:35.052,F395EC26-DDAA-40BE-2E55-A09A0F83E9FC,TestPhone2,-66.0,8.0,610402535.051335,17.34248697757721
2020-05-05 16:15:35.053,F395EC26-DDAA-40BE-2E55-A09A0F83E9FC,TestPhone2,-65.0,8.0,610402535.051369,17.34252095222473
2020-05-05 16:15:35.086,F395EC26-DDAA-40BE-2E55-A09A0F83E9FC,TestPhone2,-61.0,8.0,610402535.084575,17.37572705745697
2020-05-05 16:15:35.086,F395EC26-DDAA-40BE-2E55-A09A0F83E9FC,TestPhone2,-61.0,8.0,610402535.084608,17.375759959220886
2020-05-05 16:15:35.145,F395EC26-DDAA-40BE-2E55-A09A0F83E9FC,TestPhone2,-63.0,8.0,610402535.14439,17.43554198741913
2020-05-05 16:15:35.146,F395EC26-DDAA-40BE-2E55-A09A0F83E9FC,TestPhone2,-63.0,8.0,610402535.144424,17.43557596206665
2020-05-05 16:15:35.181,F395EC26-DDAA-40BE-2E55-A09A0F83E9FC,TestPhone2,-68.0,8.0,610402535.179763,17.47091495990753
2020-05-05 16:15:35.182,F395EC26-DDAA-40BE-2E55-A09A0F83E9FC,TestPhone2,-67.0,8.0,610402535.179798,17.47095000743866
2020-05-05 16:15:35.219,F395EC26-DDAA-40BE-2E55-A09A0F83E9FC,TestPhone2,-61.0,8.0,610402535.218334,17.509485960006714
2020-05-05 16:15:35.220,F395EC26-DDAA-40BE-2E55-A09A0F83E9FC,TestPhone2,-61.0,8.0,610402535.218366,17.509518027305603
2020-05-05 16:15:35.250,F395EC26-DDAA-40BE-2E55-A09A0F83E9FC,TestPhone2,-64.0,8.0,610402535.248881,17.540032982826233
2020-05-05 16:15:35.251,F395EC26-DDAA-40BE-2E55-A09A0F83E9FC,TestPhone2,-64.0,8.0,610402535.248916,17.54006803035736
2020-05-05 16:15:35.285,F395EC26-DDAA-40BE-2E55-A09A0F83E9FC,TestPhone2,-66.0,8.0,610402535.283823,17.57497501373291
2020-05-05 16:15:35.286,F395EC26-DDAA-40BE-2E55-A09A0F83E9FC,TestPhone2,-66.0,8.0,610402535.283856,17.575008034706116
2020-05-05 16:15:35.326,F395EC26-DDAA-40BE-2E55-A09A0F83E9FC,TestPhone2,-60.0,8.0,610402535.324568,17.61572003364563
2020-05-05 16:15:35.326,F395EC26-DDAA-40BE-2E55-A09A0F83E9FC,TestPhone2,-60.0,8.0,610402535.324619,17.615771055221558
2020-05-05 16:15:35.425,F395EC26-DDAA-40BE-2E55-A09A0F83E9FC,TestPhone2,-64.0,8.0,610402535.423038,17.714190006256104
2020-05-05 16:15:35.426,F395EC26-DDAA-40BE-2E55-A09A0F83E9FC,TestPhone2,-64.0,8.0,610402535.425041,17.716192960739136
2020-05-05 16:15:35.466,F395EC26-DDAA-40BE-2E55-A09A0F83E9FC,TestPhone2,-60.0,8.0,610402535.464702,17.75585401058197
2020-05-05 16:15:35.466,F395EC26-DDAA-40BE-2E55-A09A0F83E9FC,TestPhone2,-60.0,8.0,610402535.464739,17.75589096546173
2020-05-05 16:15:35.495,F395EC26-DDAA-40BE-2E55-A09A0F83E9FC,TestPhone2,-63.0,8.0,610402535.494104,17.785256028175354
2020-05-05 16:15:35.497,F395EC26-DDAA-40BE-2E55-A09A0F83E9FC,TestPhone2,-63.0,8.0,610402535.495868,17.787019968032837
2020-05-05 16:15:35.527,F395EC26-DDAA-40BE-2E55-A09A0F83E9FC,TestPhone2,-64.0,8.0,610402535.526332,17.81748402118683
2020-05-05 16:15:35.528,F395EC26-DDAA-40BE-2E55-A09A0F83E9FC,TestPhone2,-64.0,8.0,610402535.526366,17.81751799583435
2020-05-05 16:15:35.631,F395EC26-DDAA-40BE-2E55-A09A0F83E9FC,TestPhone2,-61.0,8.0,610402535.628902,17.920053958892822
2020-05-05 16:15:35.632,F395EC26-DDAA-40BE-2E55-A09A0F83E9FC,TestPhone2,-61.0,8.0,610402535.628936,17.920088052749634
2020-05-05 16:15:35.667,F395EC26-DDAA-40BE-2E55-A09A0F83E9FC,TestPhone2,-63.0,8.0,610402535.666372,17.957523941993713
2020-05-05 16:15:35.668,F395EC26-DDAA-40BE-2E55-A09A0F83E9FC,TestPhone2,-63.0,8.0,610402535.666416,17.957568049430847
2020-05-05 16:15:35.708,F395EC26-DDAA-40BE-2E55-A09A0F83E9FC,TestPhone2,-59.0,8.0,610402535.70732,17.998471975326538
2020-05-05 16:15:35.709,F395EC26-DDAA-40BE-2E55-A09A0F83E9FC,TestPhone2,-59.0,8.0,610402535.707353,17.998504996299744
2020-05-05 16:15:35.738,F395EC26-DDAA-40BE-2E55-A09A0F83E9FC,TestPhone2,-60.0,8.0,610402535.736863,18.02801501750946
2020-05-05 16:15:35.739,F395EC26-DDAA-40BE-2E55-A09A0F83E9FC,TestPhone2,-60.0,8.0,610402535.736896,18.028048038482666
2020-05-05 16:15:35.773,F395EC26-DDAA-40BE-2E55-A09A0F83E9FC,TestPhone2,-63.0,8.0,610402535.77215,18.063302040100098
2020-05-05 16:15:35.774,F395EC26-DDAA-40BE-2E55-A09A0F83E9FC,TestPhone2,-63.0,8.0,610402535.772186,18.063338041305542
2020-05-05 16:15:35.806,F395EC26-DDAA-40BE-2E55-A09A0F83E9FC,TestPhone2,-59.0,8.0,610402535.804617,18.09576904773712
2020-05-05 16:15:35.806,F395EC26-DDAA-40BE-2E55-A09A0F83E9FC,TestPhone2,-59.0,8.0,610402535.80465,18.095801949501038
2020-05-05 16:15:35.937,F395EC26-DDAA-40BE-2E55-A09A0F83E9FC,TestPhone2,-59.0,8.0,610402535.935845,18.226997017860413
2020-05-05 16:15:35.939,F395EC26-DDAA-40BE-2E55-A09A0F83E9FC,TestPhone2,-59.0,8.0,610402535.937922,18.229074001312256
2020-05-05 16:15:35.971,F395EC26-DDAA-40BE-2E55-A09A0F83E9FC,TestPhone2,-60.0,8.0,610402535.969402,18.2605539560318
2020-05-05 16:15:35.971,F395EC26-DDAA-40BE-2E55-A09A0F83E9FC,TestPhone2,-60.0,8.0,610402535.969442,18.26059401035309
2020-05-05 16:15:36.007,F395EC26-DDAA-40BE-2E55-A09A0F83E9FC,TestPhone2,-60.0,8.0,610402536.006276,18.297428011894226
2020-05-05 16:15:36.007,F395EC26-DDAA-40BE-2E55-A09A0F83E9FC,TestPhone2,-61.0,8.0,610402536.006301,18.29745304584503
2020-05-05 16:15:36.041,F395EC26-DDAA-40BE-2E55-A09A0F83E9FC,TestPhone2,-59.0,8.0,610402536.03963,18.330782055854797
2020-05-05 16:15:36.041,F395EC26-DDAA-40BE-2E55-A09A0F83E9FC,TestPhone2,-58.0,8.0,610402536.039684,18.330836057662964
2020-05-05 16:15:36.077,F395EC26-DDAA-40BE-2E55-A09A0F83E9FC,TestPhone2,-59.0,8.0,610402536.075552,18.366703987121582
2020-05-05 16:15:36.077,F395EC26-DDAA-40BE-2E55-A09A0F83E9FC,TestPhone2,-59.0,8.0,610402536.075585,18.366737008094788
2020-05-05 16:15:36.140,F395EC26-DDAA-40BE-2E55-A09A0F83E9FC,TestPhone2,-60.0,8.0,610402536.139222,18.430374026298523
2020-05-05 16:15:36.141,F395EC26-DDAA-40BE-2E55-A09A0F83E9FC,TestPhone2,-60.0,8.0,610402536.139276,18.43042802810669
2020-05-05 16:15:36.176,F395EC26-DDAA-40BE-2E55-A09A0F83E9FC,TestPhone2,-58.0,8.0,610402536.174988,18.466140031814575
2020-05-05 16:15:36.177,F395EC26-DDAA-40BE-2E55-A09A0F83E9FC,TestPhone2,-58.0,8.0,610402536.175028,18.466179966926575
2020-05-05 16:15:36.241,F395EC26-DDAA-40BE-2E55-A09A0F83E9FC,TestPhone2,-60.0,8.0,610402536.240068,18.531219959259033
2020-05-05 16:15:36.242,F395EC26-DDAA-40BE-2E55-A09A0F83E9FC,TestPhone2,-60.0,8.0,610402536.240104,18.531255960464478
2020-05-05 16:15:36.344,F395EC26-DDAA-40BE-2E55-A09A0F83E9FC,TestPhone2,-59.0,8.0,610402536.342783,18.63393497467041
2020-05-05 16:15:36.345,F395EC26-DDAA-40BE-2E55-A09A0F83E9FC,TestPhone2,-59.0,8.0,610402536.342818,18.633970022201538
2020-05-05 16:15:36.383,F395EC26-DDAA-40BE-2E55-A09A0F83E9FC,TestPhone2,-61.0,8.0,610402536.38219,18.673341989517212
2020-05-05 16:15:36.384,F395EC26-DDAA-40BE-2E55-A09A0F83E9FC,TestPhone2,-61.0,8.0,610402536.382225,18.67337703704834
2020-05-05 16:15:36.422,F395EC26-DDAA-40BE-2E55-A09A0F83E9FC,TestPhone2,-58.0,8.0,610402536.421273,18.712424993515015
2020-05-05 16:15:36.423,F395EC26-DDAA-40BE-2E55-A09A0F83E9FC,TestPhone2,-58.0,8.0,610402536.421307,18.712458968162537
2020-05-05 16:15:36.520,F395EC26-DDAA-40BE-2E55-A09A0F83E9FC,TestPhone2,-58.0,8.0,610402536.51864,18.809792041778564
2020-05-05 16:15:36.520,F395EC26-DDAA-40BE-2E55-A09A0F83E9FC,TestPhone2,-58.0,8.0,610402536.518675,18.809826970100403
2020-05-05 16:15:36.624,F395EC26-DDAA-40BE-2E55-A09A0F83E9FC,TestPhone2,-61.0,8.0,610402536.623233,18.914384961128235
2020-05-05 16:15:36.625,F395EC26-DDAA-40BE-2E55-A09A0F83E9FC,TestPhone2,-61.0,8.0,610402536.62327,18.914422035217285
2020-05-05 16:15:36.663,F395EC26-DDAA-40BE-2E55-A09A0F83E9FC,TestPhone2,-57.0,8.0,610402536.660337,18.951488971710205
2020-05-05 16:15:36.663,F395EC26-DDAA-40BE-2E55-A09A0F83E9FC,TestPhone2,-58.0,8.0,610402536.662076,18.953227996826172
2020-05-05 16:15:36.696,F395EC26-DDAA-40BE-2E55-A09A0F83E9FC,TestPhone2,-60.0,8.0,610402536.695202,18.986353993415833
2020-05-05 16:15:36.697,F395EC26-DDAA-40BE-2E55-A09A0F83E9FC,TestPhone2,-60.0,8.0,610402536.695243,18.986395001411438
2020-05-05 16:15:36.839,F395EC26-DDAA-40BE-2E55-A09A0F83E9FC,TestPhone2,-59.0,8.0,610402536.838334,19.129485964775085
2020-05-05 16:15:36.841,F395EC26-DDAA-40BE-2E55-A09A0F83E9FC,TestPhone2,-59.0,8.0,610402536.840362,19.131513953208923
2020-05-05 16:15:36.941,F395EC26-DDAA-40BE-2E55-A09A0F83E9FC,TestPhone2,-60.0,8.0,610402536.938436,19.2295880317688
2020-05-05 16:15:36.941,F395EC26-DDAA-40BE-2E55-A09A0F83E9FC,TestPhone2,-60.0,8.0,610402536.939521,19.230672955513
2020-05-05 16:15:37.013,F395EC26-DDAA-40BE-2E55-A09A0F83E9FC,TestPhone2,-58.0,8.0,610402537.012124,19.30327594280243
2020-05-05 16:15:37.015,F395EC26-DDAA-40BE-2E55-A09A0F83E9FC,TestPhone2,-58.0,8.0,610402537.013788,19.30493998527527
2020-05-05 16:15:37.122,F395EC26-DDAA-40BE-2E55-A09A0F83E9FC,TestPhone2,-58.0,8.0,610402537.120819,19.41197097301483
2020-05-05 16:15:37.123,F395EC26-DDAA-40BE-2E55-A09A0F83E9FC,TestPhone2,-58.0,8.0,610402537.120868,19.412019968032837
2020-05-05 16:15:37.225,F395EC26-DDAA-40BE-2E55-A09A0F83E9FC,TestPhone2,-59.0,8.0,610402537.224013,19.515164971351624
2020-05-05 16:15:37.226,F395EC26-DDAA-40BE-2E55-A09A0F83E9FC,TestPhone2,-59.0,8.0,610402537.22405,19.515202045440674
2020-05-05 16:15:37.262,F395EC26-DDAA-40BE-2E55-A09A0F83E9FC,TestPhone2,-58.0,8.0,610402537.260911,19.55206298828125
2020-05-05 16:15:37.263,F395EC26-DDAA-40BE-2E55-A09A0F83E9FC,TestPhone2,-58.0,8.0,610402537.260943,19.55209505558014
2020-05-05 16:15:37.297,F395EC26-DDAA-40BE-2E55-A09A0F83E9FC,TestPhone2,-63.0,8.0,610402537.295739,19.586891055107117
2020-05-05 16:15:37.298,F395EC26-DDAA-40BE-2E55-A09A0F83E9FC,TestPhone2,-64.0,8.0,610402537.295788,19.586940050125122
2020-05-05 16:15:37.327,F395EC26-DDAA-40BE-2E55-A09A0F83E9FC,TestPhone2,-59.0,8.0,610402537.326375,19.61752700805664
2020-05-05 16:15:37.328,F395EC26-DDAA-40BE-2E55-A09A0F83E9FC,TestPhone2,-59.0,8.0,610402537.326413,19.617565035820007
2020-05-05 16:15:37.358,F395EC26-DDAA-40BE-2E55-A09A0F83E9FC,TestPhone2,-58.0,8.0,610402537.357224,19.648375988006592
2020-05-05 16:15:37.359,F395EC26-DDAA-40BE-2E55-A09A0F83E9FC,TestPhone2,-58.0,8.0,610402537.357257,19.648409008979797
2020-05-05 16:15:37.506,F395EC26-DDAA-40BE-2E55-A09A0F83E9FC,TestPhone2,-58.0,8.0,610402537.50468,19.79583203792572
2020-05-05 16:15:37.506,F395EC26-DDAA-40BE-2E55-A09A0F83E9FC,TestPhone2,-58.0,8.0,610402537.504713,19.795865058898926
2020-05-05 16:15:37.542,F395EC26-DDAA-40BE-2E55-A09A0F83E9FC,TestPhone2,-63.0,8.0,610402537.540684,19.831835985183716
2020-05-05 16:15:37.542,F395EC26-DDAA-40BE-2E55-A09A0F83E9FC,TestPhone2,-63.0,8.0,610402537.54072,19.83187198638916
2020-05-05 16:15:37.578,F395EC26-DDAA-40BE-2E55-A09A0F83E9FC,TestPhone2,-59.0,8.0,610402537.577335,19.868487000465393
2020-05-05 16:15:37.580,F395EC26-DDAA-40BE-2E55-A09A0F83E9FC,TestPhone2,-59.0,8.0,610402537.578962,19.870113968849182
2020-05-05 16:15:37.616,F395EC26-DDAA-40BE-2E55-A09A0F83E9FC,TestPhone2,-57.0,8.0,610402537.614972,19.906123995780945
2020-05-05 16:15:37.617,F395EC26-DDAA-40BE-2E55-A09A0F83E9FC,TestPhone2,-57.0,8.0,610402537.615004,19.906155943870544
2020-05-05 16:15:37.683,F395EC26-DDAA-40BE-2E55-A09A0F83E9FC,TestPhone2,-58.0,8.0,610402537.681758,19.972910046577454
2020-05-05 16:15:37.684,F395EC26-DDAA-40BE-2E55-A09A0F83E9FC,TestPhone2,-58.0,8.0,610402537.681791,19.97294294834137
2020-05-05 16:15:37.721,F395EC26-DDAA-40BE-2E55-A09A0F83E9FC,TestPhone2,-57.0,8.0,610402537.719629,20.010781049728394
2020-05-05 16:15:37.721,F395EC26-DDAA-40BE-2E55-A09A0F83E9FC,TestPhone2,-57.0,8.0,610402537.719662,20.01081395149231
2020-05-05 16:15:37.757,F395EC26-DDAA-40BE-2E55-A09A0F83E9FC,TestPhone2,-61.0,8.0,610402537.755368,20.046519994735718
2020-05-05 16:15:37.758,F395EC26-DDAA-40BE-2E55-A09A0F83E9FC,TestPhone2,-61.0,8.0,610402537.755381,20.04653298854828
2020-05-05 16:15:37.789,F395EC26-DDAA-40BE-2E55-A09A0F83E9FC,TestPhone2,-61.0,8.0,610402537.788125,20.07927703857422
2020-05-05 16:15:37.790,F395EC26-DDAA-40BE-2E55-A09A0F83E9FC,TestPhone2,-61.0,8.0,610402537.788159,20.07931101322174
2020-05-05 16:15:37.829,F395EC26-DDAA-40BE-2E55-A09A0F83E9FC,TestPhone2,-58.0,8.0,610402537.828424,20.11957597732544
2020-05-05 16:15:37.830,F395EC26-DDAA-40BE-2E55-A09A0F83E9FC,TestPhone2,-58.0,8.0,610402537.828457,20.119608998298645
2020-05-05 16:15:37.865,F395EC26-DDAA-40BE-2E55-A09A0F83E9FC,TestPhone2,-57.0,8.0,610402537.864129,20.15528094768524
2020-05-05 16:15:37.899,F395EC26-DDAA-40BE-2E55-A09A0F83E9FC,TestPhone2,-60.0,8.0,610402537.898123,20.18927502632141
2020-05-05 16:15:37.900,F395EC26-DDAA-40BE-2E55-A09A0F83E9FC,TestPhone2,-60.0,8.0,610402537.898156,20.189308047294617
2020-05-05 16:15:37.930,F395EC26-DDAA-40BE-2E55-A09A0F83E9FC,TestPhone2,-57.0,8.0,610402537.927182,20.218333959579468
2020-05-05 16:15:37.930,F395EC26-DDAA-40BE-2E55-A09A0F83E9FC,TestPhone2,-58.0,8.0,610402537.928966,20.220118045806885
2020-05-05 16:15:38.039,F395EC26-DDAA-40BE-2E55-A09A0F83E9FC,TestPhone2,-57.0,8.0,610402538.038338,20.329489946365356
2020-05-05 16:15:38.040,F395EC26-DDAA-40BE-2E55-A09A0F83E9FC,TestPhone2,-57.0,8.0,610402538.038378,20.329530000686646
2020-05-05 16:15:38.143,F395EC26-DDAA-40BE-2E55-A09A0F83E9FC,TestPhone2,-60.0,8.0,610402538.142005,20.433156967163086
2020-05-05 16:15:38.144,F395EC26-DDAA-40BE-2E55-A09A0F83E9FC,TestPhone2,-60.0,8.0,610402538.142041,20.43319296836853
2020-05-05 16:15:38.175,F395EC26-DDAA-40BE-2E55-A09A0F83E9FC,TestPhone2,-57.0,8.0,610402538.173571,20.464722990989685
2020-05-05 16:15:38.176,F395EC26-DDAA-40BE-2E55-A09A0F83E9FC,TestPhone2,-57.0,8.0,610402538.173732,20.464884042739868
2020-05-05 16:15:38.247,F395EC26-DDAA-40BE-2E55-A09A0F83E9FC,TestPhone2,-60.0,8.0,610402538.245047,20.5361989736557
2020-05-05 16:15:38.248,F395EC26-DDAA-40BE-2E55-A09A0F83E9FC,TestPhone2,-60.0,8.0,610402538.246845,20.537997007369995
2020-05-05 16:15:38.319,F395EC26-DDAA-40BE-2E55-A09A0F83E9FC,TestPhone2,-58.0,8.0,610402538.318439,20.609591007232666
2020-05-05 16:15:38.465,F395EC26-DDAA-40BE-2E55-A09A0F83E9FC,TestPhone2,-59.0,8.0,610402538.4642,20.755352020263672
2020-05-05 16:15:38.504,F395EC26-DDAA-40BE-2E55-A09A0F83E9FC,TestPhone2,-59.0,8.0,610402538.503151,20.794303059577942
2020-05-05 16:15:38.505,F395EC26-DDAA-40BE-2E55-A09A0F83E9FC,TestPhone2,-59.0,8.0,610402538.503185,20.794337034225464
2020-05-05 16:15:38.542,F395EC26-DDAA-40BE-2E55-A09A0F83E9FC,TestPhone2,-56.0,8.0,610402538.541379,20.832530975341797
2020-05-05 16:15:38.543,F395EC26-DDAA-40BE-2E55-A09A0F83E9FC,TestPhone2,-56.0,8.0,610402538.541412,20.832563996315002
2020-05-05 16:15:38.613,F395EC26-DDAA-40BE-2E55-A09A0F83E9FC,TestPhone2,-59.0,8.0,610402538.610418,20.901569962501526
2020-05-05 16:15:38.613,F395EC26-DDAA-40BE-2E55-A09A0F83E9FC,TestPhone2,-59.0,8.0,610402538.612117,20.903269052505493
2020-05-05 16:15:38.756,F395EC26-DDAA-40BE-2E55-A09A0F83E9FC,TestPhone2,-55.0,8.0,610402538.754822,21.045974016189575
2020-05-05 16:15:38.758,F395EC26-DDAA-40BE-2E55-A09A0F83E9FC,TestPhone2,-55.0,8.0,610402538.756656,21.047808051109314
2020-05-05 16:15:38.830,F395EC26-DDAA-40BE-2E55-A09A0F83E9FC,TestPhone2,-64.0,8.0,610402538.829303,21.120455026626587
2020-05-05 16:15:39.265,F395EC26-DDAA-40BE-2E55-A09A0F83E9FC,TestPhone2,-55.0,8.0,610402539.263706,21.554857969284058
2020-05-05 16:15:39.266,F395EC26-DDAA-40BE-2E55-A09A0F83E9FC,TestPhone2,-55.0,8.0,610402539.265426,21.556578040122986
2020-05-05 16:15:39.378,F395EC26-DDAA-40BE-2E55-A09A0F83E9FC,TestPhone2,-67.0,8.0,610402539.377552,21.66870403289795
2020-05-05 16:15:39.381,F395EC26-DDAA-40BE-2E55-A09A0F83E9FC,TestPhone2,-67.0,8.0,610402539.379382,21.670534014701843
2020-05-05 16:15:39.456,F395EC26-DDAA-40BE-2E55-A09A0F83E9FC,TestPhone2,-54.0,8.0,610402539.454483,21.74563503265381
2020-05-05 16:15:39.456,F395EC26-DDAA-40BE-2E55-A09A0F83E9FC,TestPhone2,-55.0,8.0,610402539.454515,21.745666980743408
2020-05-05 16:15:39.560,F395EC26-DDAA-40BE-2E55-A09A0F83E9FC,TestPhone2,-69.0,8.0,610402539.558768,21.84992003440857
2020-05-05 16:15:39.561,F395EC26-DDAA-40BE-2E55-A09A0F83E9FC,TestPhone2,-69.0,8.0,610402539.5588,21.84995198249817
2020-05-05 16:15:39.625,F395EC26-DDAA-40BE-2E55-A09A0F83E9FC,TestPhone2,-53.0,8.0,610402539.624055,21.915207028388977
2020-05-05 16:15:39.627,F395EC26-DDAA-40BE-2E55-A09A0F83E9FC,TestPhone2,-53.0,8.0,610402539.625712,21.916864037513733
2020-05-05 16:15:39.693,F395EC26-DDAA-40BE-2E55-A09A0F83E9FC,TestPhone2,-60.0,8.0,610402539.691689,21.98284101486206
2020-05-05 16:15:39.694,F395EC26-DDAA-40BE-2E55-A09A0F83E9FC,TestPhone2,-60.0,8.0,610402539.691733,21.982885003089905
2020-05-05 16:15:39.730,F395EC26-DDAA-40BE-2E55-A09A0F83E9FC,TestPhone2,-62.0,8.0,610402539.728472,22.01962399482727
2020-05-05 16:15:39.730,F395EC26-DDAA-40BE-2E55-A09A0F83E9FC,TestPhone2,-62.0,8.0,610402539.728511,22.019662976264954
2020-05-05 16:15:39.873,F395EC26-DDAA-40BE-2E55-A09A0F83E9FC,TestPhone2,-58.0,8.0,610402539.871718,22.162870049476624
2020-05-05 16:15:39.874,F395EC26-DDAA-40BE-2E55-A09A0F83E9FC,TestPhone2,-58.0,8.0,610402539.871753,22.162904977798462
2020-05-05 16:15:39.947,F395EC26-DDAA-40BE-2E55-A09A0F83E9FC,TestPhone2,-53.0,8.0,610402539.946224,22.23737597465515
2020-05-05 16:15:39.948,F395EC26-DDAA-40BE-2E55-A09A0F83E9FC,TestPhone2,-53.0,8.0,610402539.946264,22.23741602897644
2020-05-05 16:15:39.983,F395EC26-DDAA-40BE-2E55-A09A0F83E9FC,TestPhone2,-54.0,8.0,610402539.981902,22.273054003715515
2020-05-05 16:15:39.984,F395EC26-DDAA-40BE-2E55-A09A0F83E9FC,TestPhone2,-54.0,8.0,610402539.981934,22.273085951805115
2020-05-05 16:15:40.021,F395EC26-DDAA-40BE-2E55-A09A0F83E9FC,TestPhone2,-55.0,8.0,610402540.020212,22.31136405467987
2020-05-05 16:15:40.022,F395EC26-DDAA-40BE-2E55-A09A0F83E9FC,TestPhone2,-55.0,8.0,610402540.020253,22.311404943466187
2020-05-05 16:15:40.163,F395EC26-DDAA-40BE-2E55-A09A0F83E9FC,TestPhone2,-56.0,8.0,610402540.161523,22.452674984931946
2020-05-05 16:15:40.163,F395EC26-DDAA-40BE-2E55-A09A0F83E9FC,TestPhone2,-56.0,8.0,610402540.161558,22.452710032463074
2020-05-05 16:15:40.231,F395EC26-DDAA-40BE-2E55-A09A0F83E9FC,TestPhone2,-55.0,8.0,610402540.230128,22.52128005027771
2020-05-05 16:15:40.232,F395EC26-DDAA-40BE-2E55-A09A0F83E9FC,TestPhone2,-55.0,8.0,610402540.230162,22.521314024925232
2020-05-05 16:15:40.262,F395EC26-DDAA-40BE-2E55-A09A0F83E9FC,TestPhone2,-57.0,8.0,610402540.261011,22.552163004875183
2020-05-05 16:15:40.264,F395EC26-DDAA-40BE-2E55-A09A0F83E9FC,TestPhone2,-57.0,8.0,610402540.26295,22.554101943969727
2020-05-05 16:15:40.333,F395EC26-DDAA-40BE-2E55-A09A0F83E9FC,TestPhone2,-55.0,8.0,610402540.331851,22.623003005981445
2020-05-05 16:15:40.334,F395EC26-DDAA-40BE-2E55-A09A0F83E9FC,TestPhone2,-55.0,8.0,610402540.331884,22.62303602695465
2020-05-05 16:15:40.409,F395EC26-DDAA-40BE-2E55-A09A0F83E9FC,TestPhone2,-56.0,8.0,610402540.40775,22.698902010917664
2020-05-05 16:15:40.410,F395EC26-DDAA-40BE-2E55-A09A0F83E9FC,TestPhone2,-56.0,8.0,610402540.407785,22.69893705844879
2020-05-05 16:15:40.443,F395EC26-DDAA-40BE-2E55-A09A0F83E9FC,TestPhone2,-57.0,8.0,610402540.442185,22.73333704471588
2020-05-05 16:15:40.444,F395EC26-DDAA-40BE-2E55-A09A0F83E9FC,TestPhone2,-57.0,8.0,610402540.442222,22.733373999595642
2020-05-05 16:15:40.591,F395EC26-DDAA-40BE-2E55-A09A0F83E9FC,TestPhone2,-59.0,8.0,610402540.590223,22.881374955177307
2020-05-05 16:15:40.592,F395EC26-DDAA-40BE-2E55-A09A0F83E9FC,TestPhone2,-59.0,8.0,610402540.590256,22.881407976150513
2020-05-05 16:15:40.629,F395EC26-DDAA-40BE-2E55-A09A0F83E9FC,TestPhone2,-57.0,8.0,610402540.628214,22.919366002082825
2020-05-05 16:15:40.631,F395EC26-DDAA-40BE-2E55-A09A0F83E9FC,TestPhone2,-57.0,8.0,610402540.629806,22.920958042144775
2020-05-05 16:15:40.879,F395EC26-DDAA-40BE-2E55-A09A0F83E9FC,TestPhone2,-57.0,8.0,610402540.878268,23.16942000389099
2020-05-05 16:15:40.880,F395EC26-DDAA-40BE-2E55-A09A0F83E9FC,TestPhone2,-57.0,8.0,610402540.878307,23.169458985328674
2020-05-05 16:15:41.062,F395EC26-DDAA-40BE-2E55-A09A0F83E9FC,TestPhone2,-56.0,8.0,610402541.060658,23.351809978485107
2020-05-05 16:15:41.063,F395EC26-DDAA-40BE-2E55-A09A0F83E9FC,TestPhone2,-56.0,8.0,610402541.060691,23.351842999458313
2020-05-05 16:15:41.131,F395EC26-DDAA-40BE-2E55-A09A0F83E9FC,TestPhone2,-61.0,8.0,610402541.129818,23.42096996307373
2020-05-05 16:15:41.132,F395EC26-DDAA-40BE-2E55-A09A0F83E9FC,TestPhone2,-61.0,8.0,610402541.129859,23.421010971069336
2020-05-05 16:15:41.164,F395EC26-DDAA-40BE-2E55-A09A0F83E9FC,TestPhone2,-57.0,8.0,610402541.162911,23.454063057899475
2020-05-05 16:15:41.165,F395EC26-DDAA-40BE-2E55-A09A0F83E9FC,TestPhone2,-57.0,8.0,610402541.163934,23.45508599281311
2020-05-05 16:15:41.225,F395EC26-DDAA-40BE-2E55-A09A0F83E9FC,TestPhone2,-58.0,8.0,610402541.223835,23.514986991882324
2020-05-05 16:15:41.291,F395EC26-DDAA-40BE-2E55-A09A0F83E9FC,TestPhone2,-61.0,8.0,610402541.290357,23.581508994102478
2020-05-05 16:15:41.292,F395EC26-DDAA-40BE-2E55-A09A0F83E9FC,TestPhone2,-61.0,8.0,610402541.29039,23.581542015075684
2020-05-05 16:15:41.428,F395EC26-DDAA-40BE-2E55-A09A0F83E9FC,TestPhone2,-58.0,8.0,610402541.427099,23.71825098991394
2020-05-05 16:15:41.429,F395EC26-DDAA-40BE-2E55-A09A0F83E9FC,TestPhone2,-59.0,8.0,610402541.427132,23.718284010887146
2020-05-05 16:15:41.611,F395EC26-DDAA-40BE-2E55-A09A0F83E9FC,TestPhone2,-59.0,8.0,610402541.610474,23.901625990867615
2020-05-05 16:15:41.711,F395EC26-DDAA-40BE-2E55-A09A0F83E9FC,TestPhone2,-57.0,8.0,610402541.709796,24.000947952270508
2020-05-05 16:15:41.712,F395EC26-DDAA-40BE-2E55-A09A0F83E9FC,TestPhone2,-57.0,8.0,610402541.70983,24.00098204612732
2020-05-05 16:15:41.838,F395EC26-DDAA-40BE-2E55-A09A0F83E9FC,TestPhone2,-63.0,8.0,610402541.836586,24.127737998962402
2020-05-05 16:15:41.838,F395EC26-DDAA-40BE-2E55-A09A0F83E9FC,TestPhone2,-62.0,8.0,610402541.836622,24.127774000167847
2020-05-05 16:15:42.011,F395EC26-DDAA-40BE-2E55-A09A0F83E9FC,TestPhone2,-59.0,8.0,610402542.010217,24.301368951797485
2020-05-05 16:15:42.012,F395EC26-DDAA-40BE-2E55-A09A0F83E9FC,TestPhone2,-59.0,8.0,610402542.010251,24.301403045654297
2020-05-05 16:15:42.089,F395EC26-DDAA-40BE-2E55-A09A0F83E9FC,TestPhone2,-59.0,8.0,610402542.087539,24.37869095802307
2020-05-05 16:15:42.089,F395EC26-DDAA-40BE-2E55-A09A0F83E9FC,TestPhone2,-59.0,8.0,610402542.087574,24.3787260055542
2020-05-05 16:15:42.121,F395EC26-DDAA-40BE-2E55-A09A0F83E9FC,TestPhone2,-53.0,8.0,610402542.120411,24.41156303882599
2020-05-05 16:15:42.123,F395EC26-DDAA-40BE-2E55-A09A0F83E9FC,TestPhone2,-53.0,8.0,610402542.122053,24.41320502758026
2020-05-05 16:15:42.260,F395EC26-DDAA-40BE-2E55-A09A0F83E9FC,TestPhone2,-61.0,8.0,610402542.258844,24.54999601840973
2020-05-05 16:15:42.261,F395EC26-DDAA-40BE-2E55-A09A0F83E9FC,TestPhone2,-60.0,8.0,610402542.258876,24.55002796649933
2020-05-05 16:15:42.325,F395EC26-DDAA-40BE-2E55-A09A0F83E9FC,TestPhone2,-52.0,8.0,610402542.324474,24.615625977516174
2020-05-05 16:15:42.326,F395EC26-DDAA-40BE-2E55-A09A0F83E9FC,TestPhone2,-53.0,8.0,610402542.324508,24.615659952163696
2020-05-05 16:15:42.435,F395EC26-DDAA-40BE-2E55-A09A0F83E9FC,TestPhone2,-62.0,8.0,610402542.433991,24.72514295578003
2020-05-05 16:15:42.436,F395EC26-DDAA-40BE-2E55-A09A0F83E9FC,TestPhone2,-61.0,8.0,610402542.434024,24.725175976753235
2020-05-05 16:15:42.624,F395EC26-DDAA-40BE-2E55-A09A0F83E9FC,TestPhone2,-62.0,8.0,610402542.621856,24.913007974624634
2020-05-05 16:15:42.624,F395EC26-DDAA-40BE-2E55-A09A0F83E9FC,TestPhone2,-62.0,8.0,610402542.621872,24.913023948669434
2020-05-05 16:15:42.663,F395EC26-DDAA-40BE-2E55-A09A0F83E9FC,TestPhone2,-56.0,8.0,610402542.662048,24.953199982643127
2020-05-05 16:15:42.733,F395EC26-DDAA-40BE-2E55-A09A0F83E9FC,TestPhone2,-57.0,8.0,610402542.731586,25.022737979888916
2020-05-05 16:15:42.734,F395EC26-DDAA-40BE-2E55-A09A0F83E9FC,TestPhone2,-57.0,8.0,610402542.732986,25.0241379737854
2020-05-05 16:15:42.808,F395EC26-DDAA-40BE-2E55-A09A0F83E9FC,TestPhone2,-62.0,8.0,610402542.806565,25.09771704673767
2020-05-05 16:15:42.808,F395EC26-DDAA-40BE-2E55-A09A0F83E9FC,TestPhone2,-63.0,8.0,610402542.806601,25.097753047943115
2020-05-05 16:15:42.844,F395EC26-DDAA-40BE-2E55-A09A0F83E9FC,TestPhone2,-59.0,8.0,610402542.842973,25.134124994277954
2020-05-05 16:15:42.846,F395EC26-DDAA-40BE-2E55-A09A0F83E9FC,TestPhone2,-59.0,8.0,610402542.844627,25.13577902317047
2020-05-05 16:15:42.924,F395EC26-DDAA-40BE-2E55-A09A0F83E9FC,TestPhone2,-57.0,8.0,610402542.922843,25.2139949798584
2020-05-05 16:15:42.925,F395EC26-DDAA-40BE-2E55-A09A0F83E9FC,TestPhone2,-57.0,8.0,610402542.924484,25.215636014938354
2020-05-05 16:15:42.962,F395EC26-DDAA-40BE-2E55-A09A0F83E9FC,TestPhone2,-60.0,8.0,610402542.960573,25.2517249584198
2020-05-05 16:15:42.963,F395EC26-DDAA-40BE-2E55-A09A0F83E9FC,TestPhone2,-60.0,8.0,610402542.962045,25.253196954727173
2020-05-05 16:15:43.333,F395EC26-DDAA-40BE-2E55-A09A0F83E9FC,TestPhone2,-63.0,8.0,610402543.331837,25.622989058494568
2020-05-05 16:15:43.334,F395EC26-DDAA-40BE-2E55-A09A0F83E9FC,TestPhone2,-63.0,8.0,610402543.331869,25.623021006584167
2020-05-05 16:15:43.441,F395EC26-DDAA-40BE-2E55-A09A0F83E9FC,TestPhone2,-63.0,8.0,610402543.440329,25.731480956077576
2020-05-05 16:15:43.443,F395EC26-DDAA-40BE-2E55-A09A0F83E9FC,TestPhone2,-64.0,8.0,610402543.441972,25.733124017715454
2020-05-05 16:15:43.516,F395EC26-DDAA-40BE-2E55-A09A0F83E9FC,TestPhone2,-68.0,8.0,610402543.515243,25.806395053863525
2020-05-05 16:15:43.517,F395EC26-DDAA-40BE-2E55-A09A0F83E9FC,TestPhone2,-68.0,8.0,610402543.51528,25.806432008743286
2020-05-05 16:15:43.635,F395EC26-DDAA-40BE-2E55-A09A0F83E9FC,TestPhone2,-60.0,8.0,610402543.634145,25.925297021865845
2020-05-05 16:15:43.636,F395EC26-DDAA-40BE-2E55-A09A0F83E9FC,TestPhone2,-60.0,8.0,610402543.635206,25.926357984542847
2020-05-05 16:15:43.761,F395EC26-DDAA-40BE-2E55-A09A0F83E9FC,TestPhone2,-51.0,8.0,610402543.759802,26.05095398426056
2020-05-05 16:15:43.862,F395EC26-DDAA-40BE-2E55-A09A0F83E9FC,TestPhone2,-58.0,8.0,610402543.860942,26.15209400653839
2020-05-05 16:15:44.104,F395EC26-DDAA-40BE-2E55-A09A0F83E9FC,TestPhone2,-52.0,8.0,610402544.1033,26.39445197582245
2020-05-05 16:15:44.169,F395EC26-DDAA-40BE-2E55-A09A0F83E9FC,TestPhone2,-58.0,8.0,610402544.168098,26.45924997329712
2020-05-05 16:15:44.306,F395EC26-DDAA-40BE-2E55-A09A0F83E9FC,TestPhone2,-52.0,8.0,610402544.305226,26.596377968788147
2020-05-05 16:15:44.307,F395EC26-DDAA-40BE-2E55-A09A0F83E9FC,TestPhone2,-52.0,8.0,610402544.305261,26.596413016319275
2020-05-05 16:15:44.415,F395EC26-DDAA-40BE-2E55-A09A0F83E9FC,TestPhone2,-56.0,8.0,610402544.414488,26.705639958381653
2020-05-05 16:15:44.416,F395EC26-DDAA-40BE-2E55-A09A0F83E9FC,TestPhone2,-56.0,8.0,610402544.414522,26.705674052238464
2020-05-05 16:15:44.487,F395EC26-DDAA-40BE-2E55-A09A0F83E9FC,TestPhone2,-53.0,8.0,610402544.485836,26.77698802947998
2020-05-05 16:15:44.488,F395EC26-DDAA-40BE-2E55-A09A0F83E9FC,TestPhone2,-53.0,8.0,610402544.486923,26.778074979782104
2020-05-05 16:15:44.521,F395EC26-DDAA-40BE-2E55-A09A0F83E9FC,TestPhone2,-63.0,8.0,610402544.520048,26.81120002269745
2020-05-05 16:15:44.522,F395EC26-DDAA-40BE-2E55-A09A0F83E9FC,TestPhone2,-63.0,8.0,610402544.521219,26.812371015548706
2020-05-05 16:15:44.661,F395EC26-DDAA-40BE-2E55-A09A0F83E9FC,TestPhone2,-52.0,8.0,610402544.660396,26.951547980308533
2020-05-05 16:15:44.662,F395EC26-DDAA-40BE-2E55-A09A0F83E9FC,TestPhone2,-52.0,8.0,610402544.660432,26.951583981513977
2020-05-05 16:15:44.837,F395EC26-DDAA-40BE-2E55-A09A0F83E9FC,TestPhone2,-52.0,8.0,610402544.836088,27.12723994255066
2020-05-05 16:15:44.838,F395EC26-DDAA-40BE-2E55-A09A0F83E9FC,TestPhone2,-52.0,8.0,610402544.836121,27.127272963523865
2020-05-05 16:15:44.969,F395EC26-DDAA-40BE-2E55-A09A0F83E9FC,TestPhone2,-54.0,8.0,610402544.967711,27.25886297225952
2020-05-05 16:15:44.969,F395EC26-DDAA-40BE-2E55-A09A0F83E9FC,TestPhone2,-54.0,8.0,610402544.967743,27.25889503955841
2020-05-05 16:15:44.999,F395EC26-DDAA-40BE-2E55-A09A0F83E9FC,TestPhone2,-52.0,8.0,610402544.998088,27.28924000263214
2020-05-05 16:15:45.000,F395EC26-DDAA-40BE-2E55-A09A0F83E9FC,TestPhone2,-52.0,8.0,610402544.999199,27.290351033210754
2020-05-05 16:15:45.071,F395EC26-DDAA-40BE-2E55-A09A0F83E9FC,TestPhone2,-65.0,8.0,610402545.069782,27.360934019088745
2020-05-05 16:15:45.072,F395EC26-DDAA-40BE-2E55-A09A0F83E9FC,TestPhone2,-65.0,8.0,610402545.069815,27.36096704006195
2020-05-05 16:15:45.142,F395EC26-DDAA-40BE-2E55-A09A0F83E9FC,TestPhone2,-55.0,8.0,610402545.140497,27.43164896965027
2020-05-05 16:15:45.143,F395EC26-DDAA-40BE-2E55-A09A0F83E9FC,TestPhone2,-55.0,8.0,610402545.140535,27.431686997413635
2020-05-05 16:15:45.308,F395EC26-DDAA-40BE-2E55-A09A0F83E9FC,TestPhone2,-54.0,8.0,610402545.306798,27.597949981689453
2020-05-05 16:15:45.309,F395EC26-DDAA-40BE-2E55-A09A0F83E9FC,TestPhone2,-54.0,8.0,610402545.306832,27.597983956336975
2020-05-05 16:15:45.369,F395EC26-DDAA-40BE-2E55-A09A0F83E9FC,TestPhone2,-53.0,8.0,610402545.368348,27.659500002861023
2020-05-05 16:15:45.370,F395EC26-DDAA-40BE-2E55-A09A0F83E9FC,TestPhone2,-53.0,8.0,610402545.369472,27.660624027252197
2020-05-05 16:15:45.480,F395EC26-DDAA-40BE-2E55-A09A0F83E9FC,TestPhone2,-54.0,8.0,610402545.478658,27.76980996131897
2020-05-05 16:15:45.481,F395EC26-DDAA-40BE-2E55-A09A0F83E9FC,TestPhone2,-54.0,8.0,610402545.479711,27.77086305618286
2020-05-05 16:15:45.544,F395EC26-DDAA-40BE-2E55-A09A0F83E9FC,TestPhone2,-53.0,8.0,610402545.543342,27.83449399471283
2020-05-05 16:15:45.545,F395EC26-DDAA-40BE-2E55-A09A0F83E9FC,TestPhone2,-53.0,8.0,610402545.544403,27.83555495738983
2020-05-05 16:15:45.614,F395EC26-DDAA-40BE-2E55-A09A0F83E9FC,TestPhone2,-65.0,8.0,610402545.612556,27.90370798110962
2020-05-05 16:15:45.614,F395EC26-DDAA-40BE-2E55-A09A0F83E9FC,TestPhone2,-65.0,8.0,610402545.612597,27.903748989105225
2020-05-05 16:15:45.790,F395EC26-DDAA-40BE-2E55-A09A0F83E9FC,TestPhone2,-65.0,8.0,610402545.788641,28.079792976379395
2020-05-05 16:15:45.791,F395EC26-DDAA-40BE-2E55-A09A0F83E9FC,TestPhone2,-65.0,8.0,610402545.788673,28.079825043678284
2020-05-05 16:15:45.919,F395EC26-DDAA-40BE-2E55-A09A0F83E9FC,TestPhone2,-52.0,8.0,610402545.917775,28.208927035331726
2020-05-05 16:15:45.920,F395EC26-DDAA-40BE-2E55-A09A0F83E9FC,TestPhone2,-53.0,8.0,610402545.919103,28.210255026817322
2020-05-05 16:15:45.987,F395EC26-DDAA-40BE-2E55-A09A0F83E9FC,TestPhone2,-61.0,8.0,610402545.985834,28.276986002922058
2020-05-05 16:15:46.022,F395EC26-DDAA-40BE-2E55-A09A0F83E9FC,TestPhone2,-55.0,8.0,610402546.020845,28.311997056007385
2020-05-05 16:15:46.023,F395EC26-DDAA-40BE-2E55-A09A0F83E9FC,TestPhone2,-55.0,8.0,610402546.020882,28.312034010887146
2020-05-05 16:15:46.093,F395EC26-DDAA-40BE-2E55-A09A0F83E9FC,TestPhone2,-53.0,8.0,610402546.091511,28.382663011550903
2020-05-05 16:15:46.093,F395EC26-DDAA-40BE-2E55-A09A0F83E9FC,TestPhone2,-53.0,8.0,610402546.091544,28.38269603252411
2020-05-05 16:15:46.354,F395EC26-DDAA-40BE-2E55-A09A0F83E9FC,TestPhone2,-60.0,8.0,610402546.353379,28.64453101158142
2020-05-05 16:15:46.386,F395EC26-DDAA-40BE-2E55-A09A0F83E9FC,TestPhone2,-56.0,8.0,610402546.38463,28.675781965255737
2020-05-05 16:15:46.387,F395EC26-DDAA-40BE-2E55-A09A0F83E9FC,TestPhone2,-57.0,8.0,610402546.384666,28.67581796646118
2020-05-05 16:15:46.526,F395EC26-DDAA-40BE-2E55-A09A0F83E9FC,TestPhone2,-59.0,8.0,610402546.524653,28.815804958343506
2020-05-05 16:15:46.630,F395EC26-DDAA-40BE-2E55-A09A0F83E9FC,TestPhone2,-53.0,8.0,610402546.628634,28.919785976409912
2020-05-05 16:15:46.632,F395EC26-DDAA-40BE-2E55-A09A0F83E9FC,TestPhone2,-53.0,8.0,610402546.630114,28.921265959739685
2020-05-05 16:15:46.698,F395EC26-DDAA-40BE-2E55-A09A0F83E9FC,TestPhone2,-59.0,8.0,610402546.696882,28.98803400993347
2020-05-05 16:15:46.699,F395EC26-DDAA-40BE-2E55-A09A0F83E9FC,TestPhone2,-59.0,8.0,610402546.696923,28.988075017929077
2020-05-05 16:15:46.830,F395EC26-DDAA-40BE-2E55-A09A0F83E9FC,TestPhone2,-54.0,8.0,610402546.82911,29.120262026786804
2020-05-05 16:15:46.831,F395EC26-DDAA-40BE-2E55-A09A0F83E9FC,TestPhone2,-54.0,8.0,610402546.829145,29.120296955108643
2020-05-05 16:15:46.868,F395EC26-DDAA-40BE-2E55-A09A0F83E9FC,TestPhone2,-58.0,8.0,610402546.866854,29.158005952835083
2020-05-05 16:15:46.870,F395EC26-DDAA-40BE-2E55-A09A0F83E9FC,TestPhone2,-58.0,8.0,610402546.868495,29.15964698791504
2020-05-05 16:15:46.942,F395EC26-DDAA-40BE-2E55-A09A0F83E9FC,TestPhone2,-56.0,8.0,610402546.940513,29.231665015220642
2020-05-05 16:15:46.943,F395EC26-DDAA-40BE-2E55-A09A0F83E9FC,TestPhone2,-57.0,8.0,610402546.942128,29.233279943466187
2020-05-05 16:15:47.010,F395EC26-DDAA-40BE-2E55-A09A0F83E9FC,TestPhone2,-55.0,8.0,610402547.009078,29.300230026245117
2020-05-05 16:15:47.011,F395EC26-DDAA-40BE-2E55-A09A0F83E9FC,TestPhone2,-55.0,8.0,610402547.009113,29.300264954566956
2020-05-05 16:15:47.051,F395EC26-DDAA-40BE-2E55-A09A0F83E9FC,TestPhone2,-57.0,8.0,610402547.049835,29.340986967086792
2020-05-05 16:15:47.052,F395EC26-DDAA-40BE-2E55-A09A0F83E9FC,TestPhone2,-57.0,8.0,610402547.049869,29.341020941734314
2020-05-05 16:15:47.122,F395EC26-DDAA-40BE-2E55-A09A0F83E9FC,TestPhone2,-58.0,8.0,610402547.120833,29.411985039711
2020-05-05 16:15:47.123,F395EC26-DDAA-40BE-2E55-A09A0F83E9FC,TestPhone2,-58.0,8.0,610402547.12087,29.41202199459076
2020-05-05 16:15:47.193,F395EC26-DDAA-40BE-2E55-A09A0F83E9FC,TestPhone2,-55.0,8.0,610402547.191458,29.48260998725891
2020-05-05 16:15:47.193,F395EC26-DDAA-40BE-2E55-A09A0F83E9FC,TestPhone2,-55.0,8.0,610402547.191491,29.482643008232117
2020-05-05 16:15:47.303,F395EC26-DDAA-40BE-2E55-A09A0F83E9FC,TestPhone2,-58.0,8.0,610402547.301705,29.592857003211975
2020-05-05 16:15:47.304,F395EC26-DDAA-40BE-2E55-A09A0F83E9FC,TestPhone2,-58.0,8.0,610402547.301739,29.592890977859497
2020-05-05 16:15:47.479,F395EC26-DDAA-40BE-2E55-A09A0F83E9FC,TestPhone2,-59.0,8.0,610402547.477579,29.768730998039246
2020-05-05 16:15:47.479,F395EC26-DDAA-40BE-2E55-A09A0F83E9FC,TestPhone2,-59.0,8.0,610402547.477611,29.768762946128845
2020-05-05 16:15:47.551,F395EC26-DDAA-40BE-2E55-A09A0F83E9FC,TestPhone2,-59.0,8.0,610402547.550272,29.841423988342285
2020-05-05 16:15:47.552,F395EC26-DDAA-40BE-2E55-A09A0F83E9FC,TestPhone2,-59.0,8.0,610402547.550305,29.84145700931549
2020-05-05 16:15:47.763,F395EC26-DDAA-40BE-2E55-A09A0F83E9FC,TestPhone2,-53.0,8.0,610402547.761959,30.05311095714569
2020-05-05 16:15:47.765,F395EC26-DDAA-40BE-2E55-A09A0F83E9FC,TestPhone2,-53.0,8.0,610402547.763584,30.054736018180847
2020-05-05 16:15:47.831,F395EC26-DDAA-40BE-2E55-A09A0F83E9FC,TestPhone2,-57.0,8.0,610402547.829977,30.121129035949707
2020-05-05 16:15:47.833,F395EC26-DDAA-40BE-2E55-A09A0F83E9FC,TestPhone2,-57.0,8.0,610402547.831649,30.122800946235657
2020-05-05 16:15:47.894,F395EC26-DDAA-40BE-2E55-A09A0F83E9FC,TestPhone2,-55.0,8.0,610402547.892459,30.183611035346985
2020-05-05 16:15:47.895,F395EC26-DDAA-40BE-2E55-A09A0F83E9FC,TestPhone2,-55.0,8.0,610402547.894045,30.18519699573517
2020-05-05 16:15:48.070,F395EC26-DDAA-40BE-2E55-A09A0F83E9FC,TestPhone2,-54.0,8.0,610402548.068537,30.359688997268677
2020-05-05 16:15:48.070,F395EC26-DDAA-40BE-2E55-A09A0F83E9FC,TestPhone2,-54.0,8.0,610402548.068571,30.3597229719162
2020-05-05 16:15:48.142,F395EC26-DDAA-40BE-2E55-A09A0F83E9FC,TestPhone2,-53.0,8.0,610402548.141033,30.43218505382538
2020-05-05 16:15:48.143,F395EC26-DDAA-40BE-2E55-A09A0F83E9FC,TestPhone2,-53.0,8.0,610402548.141068,30.432219982147217
2020-05-05 16:15:48.182,F395EC26-DDAA-40BE-2E55-A09A0F83E9FC,TestPhone2,-57.0,8.0,610402548.180902,30.47205400466919
2020-05-05 16:15:48.183,F395EC26-DDAA-40BE-2E55-A09A0F83E9FC,TestPhone2,-57.0,8.0,610402548.180942,30.47209405899048
2020-05-05 16:15:48.210,F395EC26-DDAA-40BE-2E55-A09A0F83E9FC,TestPhone2,-57.0,8.0,610402548.208566,30.499717950820923
2020-05-05 16:15:48.211,F395EC26-DDAA-40BE-2E55-A09A0F83E9FC,TestPhone2,-56.0,8.0,610402548.210477,30.50162899494171
2020-05-05 16:15:48.246,F395EC26-DDAA-40BE-2E55-A09A0F83E9FC,TestPhone2,-54.0,8.0,610402548.24494,30.536092042922974
2020-05-05 16:15:48.248,F395EC26-DDAA-40BE-2E55-A09A0F83E9FC,TestPhone2,-55.0,8.0,610402548.246568,30.53771996498108
2020-05-05 16:15:48.362,F395EC26-DDAA-40BE-2E55-A09A0F83E9FC,TestPhone2,-60.0,8.0,610402548.360968,30.652119994163513
2020-05-05 16:15:48.363,F395EC26-DDAA-40BE-2E55-A09A0F83E9FC,TestPhone2,-61.0,8.0,610402548.361002,30.652153968811035
2020-05-05 16:15:48.428,F395EC26-DDAA-40BE-2E55-A09A0F83E9FC,TestPhone2,-61.0,8.0,610402548.42683,30.717982053756714
2020-05-05 16:15:48.429,F395EC26-DDAA-40BE-2E55-A09A0F83E9FC,TestPhone2,-62.0,8.0,610402548.426843,30.717995047569275
2020-05-05 16:15:48.494,F395EC26-DDAA-40BE-2E55-A09A0F83E9FC,TestPhone2,-54.0,8.0,610402548.492663,30.783815026283264
2020-05-05 16:15:48.496,F395EC26-DDAA-40BE-2E55-A09A0F83E9FC,TestPhone2,-54.0,8.0,610402548.494858,30.786010026931763
2020-05-05 16:15:48.626,F395EC26-DDAA-40BE-2E55-A09A0F83E9FC,TestPhone2,-60.0,8.0,610402548.623692,30.914844036102295
2020-05-05 16:15:48.626,F395EC26-DDAA-40BE-2E55-A09A0F83E9FC,TestPhone2,-60.0,8.0,610402548.623706,30.914857983589172
2020-05-05 16:15:48.731,F395EC26-DDAA-40BE-2E55-A09A0F83E9FC,TestPhone2,-62.0,8.0,610402548.730235,31.021386981010437
2020-05-05 16:15:48.732,F395EC26-DDAA-40BE-2E55-A09A0F83E9FC,TestPhone2,-62.0,8.0,610402548.730269,31.02142095565796
2020-05-05 16:15:48.921,F395EC26-DDAA-40BE-2E55-A09A0F83E9FC,TestPhone2,-63.0,8.0,610402548.919872,31.211024045944214
2020-05-05 16:15:48.922,F395EC26-DDAA-40BE-2E55-A09A0F83E9FC,TestPhone2,-64.0,8.0,610402548.919904,31.211055994033813
2020-05-05 16:15:48.957,F395EC26-DDAA-40BE-2E55-A09A0F83E9FC,TestPhone2,-54.0,8.0,610402548.956051,31.24720299243927
2020-05-05 16:15:48.959,F395EC26-DDAA-40BE-2E55-A09A0F83E9FC,TestPhone2,-54.0,8.0,610402548.957748,31.248900055885315
2020-05-05 16:15:48.987,F395EC26-DDAA-40BE-2E55-A09A0F83E9FC,TestPhone2,-54.0,8.0,610402548.985726,31.276877999305725
2020-05-05 16:15:48.989,F395EC26-DDAA-40BE-2E55-A09A0F83E9FC,TestPhone2,-54.0,8.0,610402548.987616,31.278767943382263
2020-05-05 16:15:49.025,F395EC26-DDAA-40BE-2E55-A09A0F83E9FC,TestPhone2,-72.0,8.0,610402549.02426,31.315412044525146
2020-05-05 16:15:49.026,F395EC26-DDAA-40BE-2E55-A09A0F83E9FC,TestPhone2,-72.0,8.0,610402549.024294,31.31544601917267
2020-05-05 16:15:49.095,F395EC26-DDAA-40BE-2E55-A09A0F83E9FC,TestPhone2,-65.0,8.0,610402549.094026,31.385177969932556
2020-05-05 16:15:49.096,F395EC26-DDAA-40BE-2E55-A09A0F83E9FC,TestPhone2,-65.0,8.0,610402549.094058,31.385210037231445
2020-05-05 16:15:49.275,F395EC26-DDAA-40BE-2E55-A09A0F83E9FC,TestPhone2,-63.0,8.0,610402549.273985,31.565137028694153
2020-05-05 16:15:49.276,F395EC26-DDAA-40BE-2E55-A09A0F83E9FC,TestPhone2,-63.0,8.0,610402549.27402,31.56517195701599
2020-05-05 16:15:49.382,F395EC26-DDAA-40BE-2E55-A09A0F83E9FC,TestPhone2,-78.0,8.0,610402549.381437,31.67258894443512
2020-05-05 16:15:49.384,F395EC26-DDAA-40BE-2E55-A09A0F83E9FC,TestPhone2,-77.0,8.0,610402549.383271,31.67442297935486
2020-05-05 16:15:49.645,F395EC26-DDAA-40BE-2E55-A09A0F83E9FC,TestPhone2,-61.0,8.0,610402549.643565,31.934717059135437
2020-05-05 16:15:49.646,F395EC26-DDAA-40BE-2E55-A09A0F83E9FC,TestPhone2,-61.0,8.0,610402549.643609,31.93476104736328
2020-05-05 16:15:49.681,F395EC26-DDAA-40BE-2E55-A09A0F83E9FC,TestPhone2,-54.0,8.0,610402549.679078,31.970229983329773
2020-05-05 16:15:49.682,F395EC26-DDAA-40BE-2E55-A09A0F83E9FC,TestPhone2,-54.0,8.0,610402549.680856,31.972007989883423
