timestamp,device_id,device_name,rssi,tx_power,internal_timestamp,time
2020-05-05 16:09:54.959,F395EC26-DDAA-40BE-2E55-A09A0F83E9FC,TestPhone2,-55.0,8.0,610402194.957421,0.0
2020-05-05 16:09:54.960,F395EC26-DDAA-40BE-2E55-A09A0F83E9FC,TestPhone2,-55.0,8.0,610402194.957477,5.602836608886719e-05
2020-05-05 16:09:55.141,F395EC26-DDAA-40BE-2E55-A09A0F83E9FC,TestPhone2,-58.0,8.0,610402195.139942,0.18252110481262207
2020-05-05 16:09:55.142,F395EC26-DDAA-40BE-2E55-A09A0F83E9FC,TestPhone2,-58.0,8.0,610402195.139987,0.18256604671478271
2020-05-05 16:09:55.178,F395EC26-DDAA-40BE-2E55-A09A0F83E9FC,TestPhone2,-61.0,8.0,610402195.177125,0.2197040319442749
2020-05-05 16:09:55.249,F395EC26-DDAA-40BE-2E55-A09A0F83E9FC,TestPhone2,-55.0,8.0,610402195.24772,0.29029905796051025
2020-05-05 16:09:55.250,F395EC26-DDAA-40BE-2E55-A09A0F83E9FC,TestPhone2,-55.0,8.0,610402195.247765,0.2903439998626709
2020-05-05 16:09:55.287,F395EC26-DDAA-40BE-2E55-A09A0F83E9FC,TestPhone2,-62.0,8.0,610402195.285383,0.3279620409011841
2020-05-05 16:09:55.323,F395EC26-DDAA-40BE-2E55-A09A0F83E9FC,TestPhone2,-57.0,8.0,610402195.322116,0.36469507217407227
2020-05-05 16:09:55.324,F395EC26-DDAA-40BE-2E55-A09A0F83E9FC,TestPhone2,-57.0,8.0,610402195.32216,0.3647390604019165
2020-05-05 16:09:55.360,F395EC26-DDAA-40BE-2E55-A09A0F83E9FC,TestPhone2,-52.0,8.0,610402195.35741,0.3999890089035034
2020-05-05 16:09:55.360,F395EC26-DDAA-40BE-2E55-A09A0F83E9FC,TestPhone2,-52.0,8.0,610402195.357424,0.4000030755996704
2020-05-05 16:09:55.395,F395EC26-DDAA-40BE-2E55-A09A0F83E9FC,TestPhone2,-58.0,8.0,610402195.394096,0.4366750717163086
2020-05-05 16:09:55.465,F395EC26-DDAA-40BE-2E55-A09A0F83E9FC,TestPhone2,-63.0,8.0,610402195.464428,0.5070070028305054
2020-05-05 16:09:55.466,F395EC26-DDAA-40BE-2E55-A09A0F83E9FC,TestPhone2,-64.0,8.0,610402195.464462,0.5070410966873169
2020-05-05 16:09:55.537,F395EC26-DDAA-40BE-2E55-A09A0F83E9FC,TestPhone2,-62.0,8.0,610402195.53578,0.5783590078353882
2020-05-05 16:09:55.572,F395EC26-DDAA-40BE-2E55-A09A0F83E9FC,TestPhone2,-59.0,8.0,610402195.571344,0.6139230728149414
2020-05-05 16:09:55.573,F395EC26-DDAA-40BE-2E55-A09A0F83E9FC,TestPhone2,-59.0,8.0,610402195.571378,0.6139570474624634
2020-05-05 16:09:55.608,F395EC26-DDAA-40BE-2E55-A09A0F83E9FC,TestPhone2,-53.0,8.0,610402195.607351,0.6499300003051758
2020-05-05 16:09:55.609,F395EC26-DDAA-40BE-2E55-A09A0F83E9FC,TestPhone2,-54.0,8.0,610402195.607387,0.6499660015106201
2020-05-05 16:09:55.648,F395EC26-DDAA-40BE-2E55-A09A0F83E9FC,TestPhone2,-60.0,8.0,610402195.646832,0.6894110441207886
2020-05-05 16:09:55.683,F395EC26-DDAA-40BE-2E55-A09A0F83E9FC,TestPhone2,-58.0,8.0,610402195.681165,0.7237440347671509
2020-05-05 16:09:55.684,F395EC26-DDAA-40BE-2E55-A09A0F83E9FC,TestPhone2,-58.0,8.0,610402195.682987,0.725566029548645
2020-05-05 16:09:55.721,F395EC26-DDAA-40BE-2E55-A09A0F83E9FC,TestPhone2,-54.0,8.0,610402195.719719,0.7622981071472168
2020-05-05 16:09:55.721,F395EC26-DDAA-40BE-2E55-A09A0F83E9FC,TestPhone2,-54.0,8.0,610402195.719754,0.7623330354690552
2020-05-05 16:09:55.754,F395EC26-DDAA-40BE-2E55-A09A0F83E9FC,TestPhone2,-60.0,8.0,610402195.753352,0.7959311008453369
2020-05-05 16:09:55.784,F395EC26-DDAA-40BE-2E55-A09A0F83E9FC,TestPhone2,-60.0,8.0,610402195.781863,0.8244420289993286
2020-05-05 16:09:55.823,F395EC26-DDAA-40BE-2E55-A09A0F83E9FC,TestPhone2,-56.0,8.0,610402195.82198,0.8645590543746948
2020-05-05 16:09:55.824,F395EC26-DDAA-40BE-2E55-A09A0F83E9FC,TestPhone2,-56.0,8.0,610402195.822016,0.8645950555801392
2020-05-05 16:09:55.897,F395EC26-DDAA-40BE-2E55-A09A0F83E9FC,TestPhone2,-60.0,8.0,610402195.896046,0.9386250972747803
2020-05-05 16:09:55.898,F395EC26-DDAA-40BE-2E55-A09A0F83E9FC,TestPhone2,-60.0,8.0,610402195.896079,0.9386579990386963
2020-05-05 16:09:55.928,F395EC26-DDAA-40BE-2E55-A09A0F83E9FC,TestPhone2,-55.0,8.0,610402195.927131,0.969710111618042
2020-05-05 16:09:55.929,F395EC26-DDAA-40BE-2E55-A09A0F83E9FC,TestPhone2,-55.0,8.0,610402195.927177,0.969756007194519
2020-05-05 16:09:55.968,F395EC26-DDAA-40BE-2E55-A09A0F83E9FC,TestPhone2,-54.0,8.0,610402195.96655,1.0091290473937988
2020-05-05 16:09:55.968,F395EC26-DDAA-40BE-2E55-A09A0F83E9FC,TestPhone2,-54.0,8.0,610402195.966607,1.009186029434204
2020-05-05 16:09:55.998,F395EC26-DDAA-40BE-2E55-A09A0F83E9FC,TestPhone2,-59.0,8.0,610402195.997175,1.039754033088684
2020-05-05 16:09:55.999,F395EC26-DDAA-40BE-2E55-A09A0F83E9FC,TestPhone2,-60.0,8.0,610402195.997217,1.0397961139678955
2020-05-05 16:09:56.132,F395EC26-DDAA-40BE-2E55-A09A0F83E9FC,TestPhone2,-59.0,8.0,610402196.131368,1.1739470958709717
2020-05-05 16:09:56.134,F395EC26-DDAA-40BE-2E55-A09A0F83E9FC,TestPhone2,-59.0,8.0,610402196.133241,1.1758201122283936
2020-05-05 16:09:56.167,F395EC26-DDAA-40BE-2E55-A09A0F83E9FC,TestPhone2,-55.0,8.0,610402196.165701,1.208280086517334
2020-05-05 16:09:56.168,F395EC26-DDAA-40BE-2E55-A09A0F83E9FC,TestPhone2,-54.0,8.0,610402196.165736,1.2083150148391724
2020-05-05 16:09:56.202,F395EC26-DDAA-40BE-2E55-A09A0F83E9FC,TestPhone2,-54.0,8.0,610402196.20146,1.2440390586853027
2020-05-05 16:09:56.203,F395EC26-DDAA-40BE-2E55-A09A0F83E9FC,TestPhone2,-54.0,8.0,610402196.201492,1.2440710067749023
2020-05-05 16:09:56.236,F395EC26-DDAA-40BE-2E55-A09A0F83E9FC,TestPhone2,-59.0,8.0,610402196.234675,1.2772541046142578
2020-05-05 16:09:56.236,F395EC26-DDAA-40BE-2E55-A09A0F83E9FC,TestPhone2,-59.0,8.0,610402196.23471,1.2772890329360962
2020-05-05 16:09:56.487,F395EC26-DDAA-40BE-2E55-A09A0F83E9FC,TestPhone2,-61.0,8.0,610402196.486204,1.5287830829620361
2020-05-05 16:09:56.488,F395EC26-DDAA-40BE-2E55-A09A0F83E9FC,TestPhone2,-61.0,8.0,610402196.486241,1.5288200378417969
2020-05-05 16:09:56.585,F395EC26-DDAA-40BE-2E55-A09A0F83E9FC,TestPhone2,-51.0,8.0,610402196.583961,1.6265400648117065
2020-05-05 16:09:56.647,F395EC26-DDAA-40BE-2E55-A09A0F83E9FC,TestPhone2,-52.0,8.0,610402196.646747,1.6893260478973389
2020-05-05 16:09:56.648,F395EC26-DDAA-40BE-2E55-A09A0F83E9FC,TestPhone2,-52.0,8.0,610402196.646766,1.6893450021743774
2020-05-05 16:09:56.780,F395EC26-DDAA-40BE-2E55-A09A0F83E9FC,TestPhone2,-54.0,8.0,610402196.7786,1.8211790323257446
2020-05-05 16:09:56.781,F395EC26-DDAA-40BE-2E55-A09A0F83E9FC,TestPhone2,-54.0,8.0,610402196.778636,1.821215033531189
2020-05-05 16:09:56.813,F395EC26-DDAA-40BE-2E55-A09A0F83E9FC,TestPhone2,-53.0,8.0,610402196.812322,1.8549010753631592
2020-05-05 16:09:56.814,F395EC26-DDAA-40BE-2E55-A09A0F83E9FC,TestPhone2,-53.0,8.0,610402196.812357,1.8549360036849976
2020-05-05 16:09:56.849,F395EC26-DDAA-40BE-2E55-A09A0F83E9FC,TestPhone2,-72.0,8.0,610402196.8484,1.8909790515899658
2020-05-05 16:09:56.850,F395EC26-DDAA-40BE-2E55-A09A0F83E9FC,TestPhone2,-71.0,8.0,610402196.848448,1.8910270929336548
2020-05-05 16:09:56.885,F395EC26-DDAA-40BE-2E55-A09A0F83E9FC,TestPhone2,-58.0,8.0,610402196.883885,1.9264640808105469
2020-05-05 16:09:56.886,F395EC26-DDAA-40BE-2E55-A09A0F83E9FC,TestPhone2,-58.0,8.0,610402196.883926,1.9265050888061523
2020-05-05 16:09:56.915,F395EC26-DDAA-40BE-2E55-A09A0F83E9FC,TestPhone2,-57.0,8.0,610402196.914052,1.956631064414978
2020-05-05 16:09:56.916,F395EC26-DDAA-40BE-2E55-A09A0F83E9FC,TestPhone2,-57.0,8.0,610402196.91409,1.9566690921783447
2020-05-05 16:09:57.064,F395EC26-DDAA-40BE-2E55-A09A0F83E9FC,TestPhone2,-61.0,8.0,610402197.062679,2.1052581071853638
2020-05-05 16:09:57.064,F395EC26-DDAA-40BE-2E55-A09A0F83E9FC,TestPhone2,-61.0,8.0,610402197.062715,2.105294108390808
2020-05-05 16:09:57.134,F395EC26-DDAA-40BE-2E55-A09A0F83E9FC,TestPhone2,-61.0,8.0,610402197.133319,2.1758980751037598
2020-05-05 16:09:57.135,F395EC26-DDAA-40BE-2E55-A09A0F83E9FC,TestPhone2,-61.0,8.0,610402197.133353,2.1759320497512817
2020-05-05 16:09:57.171,F395EC26-DDAA-40BE-2E55-A09A0F83E9FC,TestPhone2,-61.0,8.0,610402197.170247,2.2128260135650635
2020-05-05 16:09:57.172,F395EC26-DDAA-40BE-2E55-A09A0F83E9FC,TestPhone2,-61.0,8.0,610402197.170287,2.2128660678863525
2020-05-05 16:09:57.211,F395EC26-DDAA-40BE-2E55-A09A0F83E9FC,TestPhone2,-56.0,8.0,610402197.209778,2.252357006072998
2020-05-05 16:09:57.212,F395EC26-DDAA-40BE-2E55-A09A0F83E9FC,TestPhone2,-56.0,8.0,610402197.209824,2.2524030208587646
2020-05-05 16:09:57.325,F395EC26-DDAA-40BE-2E55-A09A0F83E9FC,TestPhone2,-63.0,8.0,610402197.324246,2.3668251037597656
2020-05-05 16:09:57.326,F395EC26-DDAA-40BE-2E55-A09A0F83E9FC,TestPhone2,-63.0,8.0,610402197.324281,2.366860032081604
2020-05-05 16:09:57.395,F395EC26-DDAA-40BE-2E55-A09A0F83E9FC,TestPhone2,-58.0,8.0,610402197.393934,2.436513066291809
2020-05-05 16:09:57.396,F395EC26-DDAA-40BE-2E55-A09A0F83E9FC,TestPhone2,-58.0,8.0,610402197.393969,2.436548113822937
2020-05-05 16:09:57.534,F395EC26-DDAA-40BE-2E55-A09A0F83E9FC,TestPhone2,-63.0,8.0,610402197.53283,2.5754090547561646
2020-05-05 16:09:57.535,F395EC26-DDAA-40BE-2E55-A09A0F83E9FC,TestPhone2,-63.0,8.0,610402197.532912,2.5754910707473755
2020-05-05 16:09:57.573,F395EC26-DDAA-40BE-2E55-A09A0F83E9FC,TestPhone2,-62.0,8.0,610402197.571837,2.614416003227234
2020-05-05 16:09:57.574,F395EC26-DDAA-40BE-2E55-A09A0F83E9FC,TestPhone2,-62.0,8.0,610402197.573525,2.616104006767273
2020-05-05 16:09:57.612,F395EC26-DDAA-40BE-2E55-A09A0F83E9FC,TestPhone2,-62.0,8.0,610402197.609973,2.652552008628845
2020-05-05 16:09:57.612,F395EC26-DDAA-40BE-2E55-A09A0F83E9FC,TestPhone2,-62.0,8.0,610402197.611291,2.653870105743408
2020-05-05 16:09:57.654,F395EC26-DDAA-40BE-2E55-A09A0F83E9FC,TestPhone2,-64.0,8.0,610402197.652665,2.695244073867798
2020-05-05 16:09:57.655,F395EC26-DDAA-40BE-2E55-A09A0F83E9FC,TestPhone2,-64.0,8.0,610402197.6527,2.6952790021896362
2020-05-05 16:09:57.688,F395EC26-DDAA-40BE-2E55-A09A0F83E9FC,TestPhone2,-62.0,8.0,610402197.687134,2.7297130823135376
2020-05-05 16:09:57.689,F395EC26-DDAA-40BE-2E55-A09A0F83E9FC,TestPhone2,-62.0,8.0,610402197.687169,2.729748010635376
2020-05-05 16:09:57.717,F395EC26-DDAA-40BE-2E55-A09A0F83E9FC,TestPhone2,-62.0,8.0,610402197.716417,2.75899600982666
2020-05-05 16:09:57.718,F395EC26-DDAA-40BE-2E55-A09A0F83E9FC,TestPhone2,-62.0,8.0,610402197.716454,2.7590330839157104
2020-05-05 16:09:57.782,F395EC26-DDAA-40BE-2E55-A09A0F83E9FC,TestPhone2,-62.0,8.0,610402197.781129,2.8237080574035645
2020-05-05 16:09:57.784,F395EC26-DDAA-40BE-2E55-A09A0F83E9FC,TestPhone2,-62.0,8.0,610402197.782749,2.8253281116485596
2020-05-05 16:09:57.817,F395EC26-DDAA-40BE-2E55-A09A0F83E9FC,TestPhone2,-62.0,8.0,610402197.815655,2.8582340478897095
2020-05-05 16:09:57.818,F395EC26-DDAA-40BE-2E55-A09A0F83E9FC,TestPhone2,-62.0,8.0,610402197.817299,2.8598780632019043
2020-05-05 16:09:57.918,F395EC26-DDAA-40BE-2E55-A09A0F83E9FC,TestPhone2,-61.0,8.0,610402197.917162,2.959740996360779
2020-05-05 16:09:57.919,F395EC26-DDAA-40BE-2E55-A09A0F83E9FC,TestPhone2,-61.0,8.0,610402197.917198,2.959776997566223
2020-05-05 16:09:57.954,F395EC26-DDAA-40BE-2E55-A09A0F83E9FC,TestPhone2,-63.0,8.0,610402197.953146,2.9957250356674194
2020-05-05 16:09:57.955,F395EC26-DDAA-40BE-2E55-A09A0F83E9FC,TestPhone2,-63.0,8.0,610402197.953182,2.9957610368728638
2020-05-05 16:09:57.996,F395EC26-DDAA-40BE-2E55-A09A0F83E9FC,TestPhone2,-62.0,8.0,610402197.994769,3.0373480319976807
2020-05-05 16:09:57.997,F395EC26-DDAA-40BE-2E55-A09A0F83E9FC,TestPhone2,-62.0,8.0,610402197.994813,3.037392020225525
2020-05-05 16:09:58.063,F395EC26-DDAA-40BE-2E55-A09A0F83E9FC,TestPhone2,-61.0,8.0,610402198.062118,3.104697108268738
2020-05-05 16:09:58.064,F395EC26-DDAA-40BE-2E55-A09A0F83E9FC,TestPhone2,-61.0,8.0,610402198.06215,3.1047290563583374
2020-05-05 16:09:58.098,F395EC26-DDAA-40BE-2E55-A09A0F83E9FC,TestPhone2,-62.0,8.0,610402198.096927,3.1395061016082764
2020-05-05 16:09:58.099,F395EC26-DDAA-40BE-2E55-A09A0F83E9FC,TestPhone2,-62.0,8.0,610402198.096985,3.139564037322998
2020-05-05 16:09:58.132,F395EC26-DDAA-40BE-2E55-A09A0F83E9FC,TestPhone2,-64.0,8.0,610402198.131222,3.173801064491272
2020-05-05 16:09:58.133,F395EC26-DDAA-40BE-2E55-A09A0F83E9FC,TestPhone2,-63.0,8.0,610402198.131257,3.1738361120224
2020-05-05 16:09:58.238,F395EC26-DDAA-40BE-2E55-A09A0F83E9FC,TestPhone2,-63.0,8.0,610402198.236514,3.279093027114868
2020-05-05 16:09:58.239,F395EC26-DDAA-40BE-2E55-A09A0F83E9FC,TestPhone2,-63.0,8.0,610402198.238227,3.280806064605713
2020-05-05 16:09:58.277,F395EC26-DDAA-40BE-2E55-A09A0F83E9FC,TestPhone2,-61.0,8.0,610402198.275511,3.318090081214905
2020-05-05 16:09:58.277,F395EC26-DDAA-40BE-2E55-A09A0F83E9FC,TestPhone2,-61.0,8.0,610402198.275545,3.3181240558624268
2020-05-05 16:09:58.383,F395EC26-DDAA-40BE-2E55-A09A0F83E9FC,TestPhone2,-64.0,8.0,610402198.381532,3.424111008644104
2020-05-05 16:09:58.383,F395EC26-DDAA-40BE-2E55-A09A0F83E9FC,TestPhone2,-64.0,8.0,610402198.381571,3.4241501092910767
2020-05-05 16:09:58.417,F395EC26-DDAA-40BE-2E55-A09A0F83E9FC,TestPhone2,-59.0,8.0,610402198.415966,3.4585450887680054
2020-05-05 16:09:58.418,F395EC26-DDAA-40BE-2E55-A09A0F83E9FC,TestPhone2,-60.0,8.0,610402198.416001,3.4585800170898438
2020-05-05 16:09:58.454,F395EC26-DDAA-40BE-2E55-A09A0F83E9FC,TestPhone2,-61.0,8.0,610402198.453206,3.4957849979400635
2020-05-05 16:09:58.455,F395EC26-DDAA-40BE-2E55-A09A0F83E9FC,TestPhone2,-61.0,8.0,610402198.45324,3.495819091796875
2020-05-05 16:09:58.531,F395EC26-DDAA-40BE-2E55-A09A0F83E9FC,TestPhone2,-59.0,8.0,610402198.530047,3.5726261138916016
2020-05-05 16:09:58.532,F395EC26-DDAA-40BE-2E55-A09A0F83E9FC,TestPhone2,-59.0,8.0,610402198.530083,3.5726619958877563
2020-05-05 16:09:58.559,F395EC26-DDAA-40BE-2E55-A09A0F83E9FC,TestPhone2,-61.0,8.0,610402198.558295,3.6008740663528442
2020-05-05 16:09:58.560,F395EC26-DDAA-40BE-2E55-A09A0F83E9FC,TestPhone2,-61.0,8.0,610402198.558333,3.600912094116211
2020-05-05 16:09:58.623,F395EC26-DDAA-40BE-2E55-A09A0F83E9FC,TestPhone2,-67.0,8.0,610402198.621448,3.6640270948410034
2020-05-05 16:09:58.623,F395EC26-DDAA-40BE-2E55-A09A0F83E9FC,TestPhone2,-66.0,8.0,610402198.621483,3.664062023162842
2020-05-05 16:09:58.654,F395EC26-DDAA-40BE-2E55-A09A0F83E9FC,TestPhone2,-58.0,8.0,610402198.653075,3.695654034614563
2020-05-05 16:09:58.656,F395EC26-DDAA-40BE-2E55-A09A0F83E9FC,TestPhone2,-58.0,8.0,610402198.654732,3.697311043739319
2020-05-05 16:09:58.688,F395EC26-DDAA-40BE-2E55-A09A0F83E9FC,TestPhone2,-62.0,8.0,610402198.686621,3.729200005531311
2020-05-05 16:09:58.689,F395EC26-DDAA-40BE-2E55-A09A0F83E9FC,TestPhone2,-62.0,8.0,610402198.686633,3.7292120456695557
2020-05-05 16:09:58.729,F395EC26-DDAA-40BE-2E55-A09A0F83E9FC,TestPhone2,-66.0,8.0,610402198.727701,3.7702800035476685
2020-05-05 16:09:58.729,F395EC26-DDAA-40BE-2E55-A09A0F83E9FC,TestPhone2,-66.0,8.0,610402198.727741,3.7703200578689575
2020-05-05 16:09:58.834,F395EC26-DDAA-40BE-2E55-A09A0F83E9FC,TestPhone2,-68.0,8.0,610402198.832692,3.8752710819244385
2020-05-05 16:09:58.835,F395EC26-DDAA-40BE-2E55-A09A0F83E9FC,TestPhone2,-68.0,8.0,610402198.832724,3.875303030014038
2020-05-05 16:09:58.899,F395EC26-DDAA-40BE-2E55-A09A0F83E9FC,TestPhone2,-58.0,8.0,610402198.89812,3.9406991004943848
2020-05-05 16:09:58.901,F395EC26-DDAA-40BE-2E55-A09A0F83E9FC,TestPhone2,-57.0,8.0,610402198.899788,3.9423670768737793
2020-05-05 16:09:58.936,F395EC26-DDAA-40BE-2E55-A09A0F83E9FC,TestPhone2,-62.0,8.0,610402198.934579,3.9771580696105957
2020-05-05 16:09:58.937,F395EC26-DDAA-40BE-2E55-A09A0F83E9FC,TestPhone2,-62.0,8.0,610402198.93462,3.977199077606201
2020-05-05 16:09:58.973,F395EC26-DDAA-40BE-2E55-A09A0F83E9FC,TestPhone2,-65.0,8.0,610402198.972081,4.014660000801086
2020-05-05 16:09:58.974,F395EC26-DDAA-40BE-2E55-A09A0F83E9FC,TestPhone2,-65.0,8.0,610402198.972116,4.014695048332214
2020-05-05 16:09:59.011,F395EC26-DDAA-40BE-2E55-A09A0F83E9FC,TestPhone2,-57.0,8.0,610402199.009439,4.052018046379089
2020-05-05 16:09:59.012,F395EC26-DDAA-40BE-2E55-A09A0F83E9FC,TestPhone2,-58.0,8.0,610402199.011238,4.0538170337677
2020-05-05 16:09:59.044,F395EC26-DDAA-40BE-2E55-A09A0F83E9FC,TestPhone2,-62.0,8.0,610402199.042542,4.085121035575867
2020-05-05 16:09:59.217,F395EC26-DDAA-40BE-2E55-A09A0F83E9FC,TestPhone2,-65.0,8.0,610402199.216423,4.259002089500427
2020-05-05 16:09:59.247,F395EC26-DDAA-40BE-2E55-A09A0F83E9FC,TestPhone2,-58.0,8.0,610402199.245917,4.288496017456055
2020-05-05 16:09:59.249,F395EC26-DDAA-40BE-2E55-A09A0F83E9FC,TestPhone2,-58.0,8.0,610402199.247538,4.290117025375366
2020-05-05 16:09:59.282,F395EC26-DDAA-40BE-2E55-A09A0F83E9FC,TestPhone2,-62.0,8.0,610402199.280968,4.323547005653381
2020-05-05 16:09:59.321,F395EC26-DDAA-40BE-2E55-A09A0F83E9FC,TestPhone2,-64.0,8.0,610402199.320191,4.362770080566406
2020-05-05 16:09:59.322,F395EC26-DDAA-40BE-2E55-A09A0F83E9FC,TestPhone2,-64.0,8.0,610402199.320233,4.362812042236328
2020-05-05 16:09:59.360,F395EC26-DDAA-40BE-2E55-A09A0F83E9FC,TestPhone2,-58.0,8.0,610402199.359425,4.40200400352478
2020-05-05 16:09:59.361,F395EC26-DDAA-40BE-2E55-A09A0F83E9FC,TestPhone2,-58.0,8.0,610402199.359457,4.402036070823669
2020-05-05 16:09:59.606,F395EC26-DDAA-40BE-2E55-A09A0F83E9FC,TestPhone2,-64.0,8.0,610402199.604663,4.647242069244385
2020-05-05 16:09:59.607,F395EC26-DDAA-40BE-2E55-A09A0F83E9FC,TestPhone2,-64.0,8.0,610402199.604699,4.647278070449829
2020-05-05 16:09:59.814,F395EC26-DDAA-40BE-2E55-A09A0F83E9FC,TestPhone2,-62.0,8.0,610402199.812777,4.8553560972213745
2020-05-05 16:09:59.892,F395EC26-DDAA-40BE-2E55-A09A0F83E9FC,TestPhone2,-58.0,8.0,610402199.891012,4.93359100818634
2020-05-05 16:09:59.893,F395EC26-DDAA-40BE-2E55-A09A0F83E9FC,TestPhone2,-58.0,8.0,610402199.891045,4.933624029159546
2020-05-05 16:09:59.930,F395EC26-DDAA-40BE-2E55-A09A0F83E9FC,TestPhone2,-62.0,8.0,610402199.928284,4.970863103866577
2020-05-05 16:09:59.968,F395EC26-DDAA-40BE-2E55-A09A0F83E9FC,TestPhone2,-65.0,8.0,610402199.966793,5.009371995925903
2020-05-05 16:09:59.969,F395EC26-DDAA-40BE-2E55-A09A0F83E9FC,TestPhone2,-64.0,8.0,610402199.966824,5.009403109550476
2020-05-05 16:10:00.038,F395EC26-DDAA-40BE-2E55-A09A0F83E9FC,TestPhone2,-62.0,8.0,610402200.036907,5.079486012458801
2020-05-05 16:10:00.039,F395EC26-DDAA-40BE-2E55-A09A0F83E9FC,TestPhone2,-62.0,8.0,610402200.036956,5.079535007476807
2020-05-05 16:10:00.070,F395EC26-DDAA-40BE-2E55-A09A0F83E9FC,TestPhone2,-63.0,8.0,610402200.068034,5.110613107681274
2020-05-05 16:10:00.070,F395EC26-DDAA-40BE-2E55-A09A0F83E9FC,TestPhone2,-63.0,8.0,610402200.068047,5.1106261014938354
2020-05-05 16:10:00.137,F395EC26-DDAA-40BE-2E55-A09A0F83E9FC,TestPhone2,-58.0,8.0,610402200.135633,5.17821204662323
2020-05-05 16:10:00.138,F395EC26-DDAA-40BE-2E55-A09A0F83E9FC,TestPhone2,-58.0,8.0,610402200.137307,5.179886102676392
2020-05-05 16:10:00.170,F395EC26-DDAA-40BE-2E55-A09A0F83E9FC,TestPhone2,-60.0,8.0,610402200.167921,5.210500001907349
2020-05-05 16:10:00.170,F395EC26-DDAA-40BE-2E55-A09A0F83E9FC,TestPhone2,-60.0,8.0,610402200.167934,5.21051299571991
2020-05-05 16:10:00.203,F395EC26-DDAA-40BE-2E55-A09A0F83E9FC,TestPhone2,-64.0,8.0,610402200.20147,5.244049072265625
2020-05-05 16:10:00.203,F395EC26-DDAA-40BE-2E55-A09A0F83E9FC,TestPhone2,-64.0,8.0,610402200.201505,5.244084000587463
2020-05-05 16:10:00.276,F395EC26-DDAA-40BE-2E55-A09A0F83E9FC,TestPhone2,-62.0,8.0,610402200.27446,5.3170390129089355
2020-05-05 16:10:00.276,F395EC26-DDAA-40BE-2E55-A09A0F83E9FC,TestPhone2,-62.0,8.0,610402200.274497,5.317076086997986
2020-05-05 16:10:00.314,F395EC26-DDAA-40BE-2E55-A09A0F83E9FC,TestPhone2,-64.0,8.0,610402200.312786,5.355365037918091
2020-05-05 16:10:00.315,F395EC26-DDAA-40BE-2E55-A09A0F83E9FC,TestPhone2,-64.0,8.0,610402200.312824,5.3554030656814575
2020-05-05 16:10:00.486,F395EC26-DDAA-40BE-2E55-A09A0F83E9FC,TestPhone2,-58.0,8.0,610402200.485158,5.527737021446228
2020-05-05 16:10:00.487,F395EC26-DDAA-40BE-2E55-A09A0F83E9FC,TestPhone2,-59.0,8.0,610402200.485207,5.527786016464233
2020-05-05 16:10:00.518,F395EC26-DDAA-40BE-2E55-A09A0F83E9FC,TestPhone2,-60.0,8.0,610402200.517076,5.559655070304871
2020-05-05 16:10:00.519,F395EC26-DDAA-40BE-2E55-A09A0F83E9FC,TestPhone2,-60.0,8.0,610402200.517114,5.559693098068237
2020-05-05 16:10:00.657,F395EC26-DDAA-40BE-2E55-A09A0F83E9FC,TestPhone2,-61.0,8.0,610402200.655763,5.6983420848846436
2020-05-05 16:10:00.658,F395EC26-DDAA-40BE-2E55-A09A0F83E9FC,TestPhone2,-61.0,8.0,610402200.655802,5.698381066322327
2020-05-05 16:10:00.691,F395EC26-DDAA-40BE-2E55-A09A0F83E9FC,TestPhone2,-69.0,8.0,610402200.688352,5.730931043624878
2020-05-05 16:10:00.692,F395EC26-DDAA-40BE-2E55-A09A0F83E9FC,TestPhone2,-70.0,8.0,610402200.69028,5.732859015464783
2020-05-05 16:10:00.726,F395EC26-DDAA-40BE-2E55-A09A0F83E9FC,TestPhone2,-59.0,8.0,610402200.725476,5.768055081367493
2020-05-05 16:10:00.728,F395EC26-DDAA-40BE-2E55-A09A0F83E9FC,TestPhone2,-59.0,8.0,610402200.727096,5.769675016403198
2020-05-05 16:10:00.806,F395EC26-DDAA-40BE-2E55-A09A0F83E9FC,TestPhone2,-67.0,8.0,610402200.805284,5.847863078117371
2020-05-05 16:10:00.807,F395EC26-DDAA-40BE-2E55-A09A0F83E9FC,TestPhone2,-67.0,8.0,610402200.805318,5.847897052764893
2020-05-05 16:10:00.914,F395EC26-DDAA-40BE-2E55-A09A0F83E9FC,TestPhone2,-65.0,8.0,610402200.913211,5.955790042877197
2020-05-05 16:10:00.946,F395EC26-DDAA-40BE-2E55-A09A0F83E9FC,TestPhone2,-60.0,8.0,610402200.944793,5.987372040748596
2020-05-05 16:10:00.947,F395EC26-DDAA-40BE-2E55-A09A0F83E9FC,TestPhone2,-60.0,8.0,610402200.944833,5.987412095069885
2020-05-05 16:10:00.976,F395EC26-DDAA-40BE-2E55-A09A0F83E9FC,TestPhone2,-59.0,8.0,610402200.974834,6.017413020133972
2020-05-05 16:10:00.977,F395EC26-DDAA-40BE-2E55-A09A0F83E9FC,TestPhone2,-59.0,8.0,610402200.974872,6.017451047897339
2020-05-05 16:10:01.010,F395EC26-DDAA-40BE-2E55-A09A0F83E9FC,TestPhone2,-59.0,8.0,610402201.009341,6.051920056343079
2020-05-05 16:10:01.011,F395EC26-DDAA-40BE-2E55-A09A0F83E9FC,TestPhone2,-59.0,8.0,610402201.009375,6.051954030990601
2020-05-05 16:10:01.049,F395EC26-DDAA-40BE-2E55-A09A0F83E9FC,TestPhone2,-66.0,8.0,610402201.047754,6.090333104133606
2020-05-05 16:10:01.049,F395EC26-DDAA-40BE-2E55-A09A0F83E9FC,TestPhone2,-66.0,8.0,610402201.047789,6.090368032455444
2020-05-05 16:10:01.087,F395EC26-DDAA-40BE-2E55-A09A0F83E9FC,TestPhone2,-59.0,8.0,610402201.085605,6.128184080123901
2020-05-05 16:10:01.088,F395EC26-DDAA-40BE-2E55-A09A0F83E9FC,TestPhone2,-59.0,8.0,610402201.086882,6.129461050033569
2020-05-05 16:10:01.124,F395EC26-DDAA-40BE-2E55-A09A0F83E9FC,TestPhone2,-58.0,8.0,610402201.123388,6.165967106819153
2020-05-05 16:10:01.125,F395EC26-DDAA-40BE-2E55-A09A0F83E9FC,TestPhone2,-58.0,8.0,610402201.123428,6.166007041931152
2020-05-05 16:10:01.162,F395EC26-DDAA-40BE-2E55-A09A0F83E9FC,TestPhone2,-66.0,8.0,610402201.161054,6.203633069992065
2020-05-05 16:10:01.163,F395EC26-DDAA-40BE-2E55-A09A0F83E9FC,TestPhone2,-65.0,8.0,610402201.161089,6.203667998313904
2020-05-05 16:10:01.227,F395EC26-DDAA-40BE-2E55-A09A0F83E9FC,TestPhone2,-59.0,8.0,610402201.225789,6.2683680057525635
2020-05-05 16:10:01.228,F395EC26-DDAA-40BE-2E55-A09A0F83E9FC,TestPhone2,-59.0,8.0,610402201.22583,6.268409013748169
2020-05-05 16:10:01.368,F395EC26-DDAA-40BE-2E55-A09A0F83E9FC,TestPhone2,-60.0,8.0,610402201.367373,6.4099520444869995
2020-05-05 16:10:01.369,F395EC26-DDAA-40BE-2E55-A09A0F83E9FC,TestPhone2,-60.0,8.0,610402201.367422,6.410001039505005
2020-05-05 16:10:01.406,F395EC26-DDAA-40BE-2E55-A09A0F83E9FC,TestPhone2,-68.0,8.0,610402201.404896,6.447475075721741
2020-05-05 16:10:01.407,F395EC26-DDAA-40BE-2E55-A09A0F83E9FC,TestPhone2,-68.0,8.0,610402201.404958,6.447537064552307
2020-05-05 16:10:01.436,F395EC26-DDAA-40BE-2E55-A09A0F83E9FC,TestPhone2,-59.0,8.0,610402201.434838,6.4774171113967896
2020-05-05 16:10:01.437,F395EC26-DDAA-40BE-2E55-A09A0F83E9FC,TestPhone2,-59.0,8.0,610402201.434874,6.477453112602234
2020-05-05 16:10:01.618,F395EC26-DDAA-40BE-2E55-A09A0F83E9FC,TestPhone2,-61.0,8.0,610402201.617014,6.659593105316162
2020-05-05 16:10:01.619,F395EC26-DDAA-40BE-2E55-A09A0F83E9FC,TestPhone2,-61.0,8.0,610402201.617053,6.659632086753845
2020-05-05 16:10:01.655,F395EC26-DDAA-40BE-2E55-A09A0F83E9FC,TestPhone2,-71.0,8.0,610402201.654066,6.696645021438599
2020-05-05 16:10:01.656,F395EC26-DDAA-40BE-2E55-A09A0F83E9FC,TestPhone2,-70.0,8.0,610402201.654103,6.696682095527649
2020-05-05 16:10:01.696,F395EC26-DDAA-40BE-2E55-A09A0F83E9FC,TestPhone2,-59.0,8.0,610402201.694804,6.737383008003235
2020-05-05 16:10:01.697,F395EC26-DDAA-40BE-2E55-A09A0F83E9FC,TestPhone2,-59.0,8.0,610402201.69484,6.737419009208679
2020-05-05 16:10:01.724,F395EC26-DDAA-40BE-2E55-A09A0F83E9FC,TestPhone2,-62.0,8.0,610402201.72322,6.765799045562744
2020-05-05 16:10:01.725,F395EC26-DDAA-40BE-2E55-A09A0F83E9FC,TestPhone2,-63.0,8.0,610402201.723255,6.765834093093872
2020-05-05 16:10:01.827,F395EC26-DDAA-40BE-2E55-A09A0F83E9FC,TestPhone2,-64.0,8.0,610402201.825754,6.868333101272583
2020-05-05 16:10:01.828,F395EC26-DDAA-40BE-2E55-A09A0F83E9FC,TestPhone2,-64.0,8.0,610402201.82579,6.868369102478027
2020-05-05 16:10:01.969,F395EC26-DDAA-40BE-2E55-A09A0F83E9FC,TestPhone2,-65.0,8.0,610402201.968287,7.010866045951843
2020-05-05 16:10:01.970,F395EC26-DDAA-40BE-2E55-A09A0F83E9FC,TestPhone2,-65.0,8.0,610402201.968319,7.010898113250732
2020-05-05 16:10:02.001,F395EC26-DDAA-40BE-2E55-A09A0F83E9FC,TestPhone2,-67.0,8.0,610402202.000304,7.042883038520813
2020-05-05 16:10:02.002,F395EC26-DDAA-40BE-2E55-A09A0F83E9FC,TestPhone2,-67.0,8.0,610402202.000343,7.042922019958496
2020-05-05 16:10:02.040,F395EC26-DDAA-40BE-2E55-A09A0F83E9FC,TestPhone2,-60.0,8.0,610402202.038584,7.081163048744202
2020-05-05 16:10:02.040,F395EC26-DDAA-40BE-2E55-A09A0F83E9FC,TestPhone2,-60.0,8.0,610402202.038617,7.081196069717407
2020-05-05 16:10:02.118,F395EC26-DDAA-40BE-2E55-A09A0F83E9FC,TestPhone2,-66.0,8.0,610402202.117209,7.159788012504578
2020-05-05 16:10:02.119,F395EC26-DDAA-40BE-2E55-A09A0F83E9FC,TestPhone2,-66.0,8.0,610402202.117238,7.159817099571228
2020-05-05 16:10:02.150,F395EC26-DDAA-40BE-2E55-A09A0F83E9FC,TestPhone2,-60.0,8.0,610402202.149349,7.191928029060364
2020-05-05 16:10:02.151,F395EC26-DDAA-40BE-2E55-A09A0F83E9FC,TestPhone2,-60.0,8.0,610402202.149388,7.191967010498047
2020-05-05 16:10:02.216,F395EC26-DDAA-40BE-2E55-A09A0F83E9FC,TestPhone2,-65.0,8.0,610402202.214517,7.2570960521698
2020-05-05 16:10:02.216,F395EC26-DDAA-40BE-2E55-A09A0F83E9FC,TestPhone2,-66.0,8.0,610402202.21455,7.257129073143005
2020-05-05 16:10:02.249,F395EC26-DDAA-40BE-2E55-A09A0F83E9FC,TestPhone2,-64.0,8.0,610402202.247685,7.290264010429382
2020-05-05 16:10:02.249,F395EC26-DDAA-40BE-2E55-A09A0F83E9FC,TestPhone2,-63.0,8.0,610402202.24772,7.29029905796051
2020-05-05 16:10:02.282,F395EC26-DDAA-40BE-2E55-A09A0F83E9FC,TestPhone2,-60.0,8.0,610402202.280613,7.323192000389099
2020-05-05 16:10:02.282,F395EC26-DDAA-40BE-2E55-A09A0F83E9FC,TestPhone2,-60.0,8.0,610402202.280647,7.323226094245911
2020-05-05 16:10:02.426,F395EC26-DDAA-40BE-2E55-A09A0F83E9FC,TestPhone2,-66.0,8.0,610402202.424483,7.467061996459961
2020-05-05 16:10:02.426,F395EC26-DDAA-40BE-2E55-A09A0F83E9FC,TestPhone2,-66.0,8.0,610402202.424515,7.46709406375885
2020-05-05 16:10:02.496,F395EC26-DDAA-40BE-2E55-A09A0F83E9FC,TestPhone2,-66.0,8.0,610402202.49533,7.537909030914307
2020-05-05 16:10:02.497,F395EC26-DDAA-40BE-2E55-A09A0F83E9FC,TestPhone2,-66.0,8.0,610402202.495368,7.537947058677673
2020-05-05 16:10:02.532,F395EC26-DDAA-40BE-2E55-A09A0F83E9FC,TestPhone2,-60.0,8.0,610402202.531074,7.5736531019210815
2020-05-05 16:10:02.533,F395EC26-DDAA-40BE-2E55-A09A0F83E9FC,TestPhone2,-60.0,8.0,610402202.531106,7.573685050010681
2020-05-05 16:10:02.569,F395EC26-DDAA-40BE-2E55-A09A0F83E9FC,TestPhone2,-66.0,8.0,610402202.567678,7.610257029533386
2020-05-05 16:10:02.570,F395EC26-DDAA-40BE-2E55-A09A0F83E9FC,TestPhone2,-66.0,8.0,610402202.567712,7.610291004180908
2020-05-05 16:10:02.606,F395EC26-DDAA-40BE-2E55-A09A0F83E9FC,TestPhone2,-66.0,8.0,610402202.604959,7.647538065910339
2020-05-05 16:10:02.608,F395EC26-DDAA-40BE-2E55-A09A0F83E9FC,TestPhone2,-66.0,8.0,610402202.606577,7.649156093597412
2020-05-05 16:10:02.641,F395EC26-DDAA-40BE-2E55-A09A0F83E9FC,TestPhone2,-61.0,8.0,610402202.639486,7.682065010070801
2020-05-05 16:10:02.641,F395EC26-DDAA-40BE-2E55-A09A0F83E9FC,TestPhone2,-61.0,8.0,610402202.639523,7.682102084159851
2020-05-05 16:10:02.674,F395EC26-DDAA-40BE-2E55-A09A0F83E9FC,TestPhone2,-65.0,8.0,610402202.673328,7.715907096862793
2020-05-05 16:10:02.675,F395EC26-DDAA-40BE-2E55-A09A0F83E9FC,TestPhone2,-65.0,8.0,610402202.673363,7.715942025184631
2020-05-05 16:10:02.706,F395EC26-DDAA-40BE-2E55-A09A0F83E9FC,TestPhone2,-66.0,8.0,610402202.705307,7.747886061668396
2020-05-05 16:10:02.707,F395EC26-DDAA-40BE-2E55-A09A0F83E9FC,TestPhone2,-66.0,8.0,610402202.705347,7.7479259967803955
2020-05-05 16:10:02.776,F395EC26-DDAA-40BE-2E55-A09A0F83E9FC,TestPhone2,-61.0,8.0,610402202.774794,7.817373037338257
2020-05-05 16:10:02.777,F395EC26-DDAA-40BE-2E55-A09A0F83E9FC,TestPhone2,-61.0,8.0,610402202.774855,7.817434072494507
2020-05-05 16:10:02.808,F395EC26-DDAA-40BE-2E55-A09A0F83E9FC,TestPhone2,-67.0,8.0,610402202.806049,7.848628044128418
2020-05-05 16:10:02.808,F395EC26-DDAA-40BE-2E55-A09A0F83E9FC,TestPhone2,-67.0,8.0,610402202.806062,7.848641037940979
2020-05-05 16:10:02.849,F395EC26-DDAA-40BE-2E55-A09A0F83E9FC,TestPhone2,-66.0,8.0,610402202.848118,7.890697002410889
2020-05-05 16:10:02.850,F395EC26-DDAA-40BE-2E55-A09A0F83E9FC,TestPhone2,-65.0,8.0,610402202.848152,7.8907310962677
2020-05-05 16:10:02.882,F395EC26-DDAA-40BE-2E55-A09A0F83E9FC,TestPhone2,-59.0,8.0,610402202.880282,7.922861099243164
2020-05-05 16:10:02.883,F395EC26-DDAA-40BE-2E55-A09A0F83E9FC,TestPhone2,-60.0,8.0,610402202.882439,7.925018072128296
2020-05-05 16:10:03.013,F395EC26-DDAA-40BE-2E55-A09A0F83E9FC,TestPhone2,-59.0,8.0,610402203.012288,8.054867029190063
2020-05-05 16:10:03.014,F395EC26-DDAA-40BE-2E55-A09A0F83E9FC,TestPhone2,-59.0,8.0,610402203.012322,8.054901003837585
2020-05-05 16:10:03.078,F395EC26-DDAA-40BE-2E55-A09A0F83E9FC,TestPhone2,-63.0,8.0,610402203.076743,8.119322061538696
2020-05-05 16:10:03.079,F395EC26-DDAA-40BE-2E55-A09A0F83E9FC,TestPhone2,-63.0,8.0,610402203.076756,8.119335055351257
2020-05-05 16:10:03.116,F395EC26-DDAA-40BE-2E55-A09A0F83E9FC,TestPhone2,-59.0,8.0,610402203.114698,8.15727710723877
2020-05-05 16:10:03.116,F395EC26-DDAA-40BE-2E55-A09A0F83E9FC,TestPhone2,-60.0,8.0,610402203.114729,8.157308101654053
2020-05-05 16:10:03.188,F395EC26-DDAA-40BE-2E55-A09A0F83E9FC,TestPhone2,-64.0,8.0,610402203.186498,8.229077100753784
2020-05-05 16:10:03.188,F395EC26-DDAA-40BE-2E55-A09A0F83E9FC,TestPhone2,-64.0,8.0,610402203.186533,8.229112029075623
2020-05-05 16:10:03.314,F395EC26-DDAA-40BE-2E55-A09A0F83E9FC,TestPhone2,-65.0,8.0,610402203.312722,8.355301022529602
2020-05-05 16:10:03.354,F395EC26-DDAA-40BE-2E55-A09A0F83E9FC,TestPhone2,-60.0,8.0,610402203.35283,8.395409107208252
2020-05-05 16:10:03.355,F395EC26-DDAA-40BE-2E55-A09A0F83E9FC,TestPhone2,-60.0,8.0,610402203.352868,8.395447015762329
2020-05-05 16:10:03.446,F395EC26-DDAA-40BE-2E55-A09A0F83E9FC,TestPhone2,-64.0,8.0,610402203.445212,8.487791061401367
2020-05-05 16:10:03.479,F395EC26-DDAA-40BE-2E55-A09A0F83E9FC,TestPhone2,-59.0,8.0,610402203.477756,8.520335078239441
2020-05-05 16:10:03.480,F395EC26-DDAA-40BE-2E55-A09A0F83E9FC,TestPhone2,-59.0,8.0,610402203.477794,8.520373106002808
2020-05-05 16:10:03.517,F395EC26-DDAA-40BE-2E55-A09A0F83E9FC,TestPhone2,-67.0,8.0,610402203.515921,8.558500051498413
2020-05-05 16:10:03.518,F395EC26-DDAA-40BE-2E55-A09A0F83E9FC,TestPhone2,-67.0,8.0,610402203.515968,8.558547019958496
2020-05-05 16:10:03.628,F395EC26-DDAA-40BE-2E55-A09A0F83E9FC,TestPhone2,-68.0,8.0,610402203.626698,8.66927707195282
2020-05-05 16:10:03.629,F395EC26-DDAA-40BE-2E55-A09A0F83E9FC,TestPhone2,-68.0,8.0,610402203.626712,8.669291019439697
2020-05-05 16:10:03.666,F395EC26-DDAA-40BE-2E55-A09A0F83E9FC,TestPhone2,-63.0,8.0,610402203.665253,8.707832098007202
2020-05-05 16:10:03.706,F395EC26-DDAA-40BE-2E55-A09A0F83E9FC,TestPhone2,-58.0,8.0,610402203.705192,8.74777102470398
2020-05-05 16:10:03.707,F395EC26-DDAA-40BE-2E55-A09A0F83E9FC,TestPhone2,-58.0,8.0,610402203.705227,8.747806072235107
2020-05-05 16:10:03.771,F395EC26-DDAA-40BE-2E55-A09A0F83E9FC,TestPhone2,-68.0,8.0,610402203.769596,8.812175035476685
2020-05-05 16:10:03.772,F395EC26-DDAA-40BE-2E55-A09A0F83E9FC,TestPhone2,-69.0,8.0,610402203.769635,8.812214016914368
2020-05-05 16:10:03.841,F395EC26-DDAA-40BE-2E55-A09A0F83E9FC,TestPhone2,-58.0,8.0,610402203.840183,8.88276207447052
2020-05-05 16:10:03.842,F395EC26-DDAA-40BE-2E55-A09A0F83E9FC,TestPhone2,-58.0,8.0,610402203.840217,8.882796049118042
2020-05-05 16:10:03.884,F395EC26-DDAA-40BE-2E55-A09A0F83E9FC,TestPhone2,-68.0,8.0,610402203.883214,8.925793051719666
2020-05-05 16:10:03.885,F395EC26-DDAA-40BE-2E55-A09A0F83E9FC,TestPhone2,-69.0,8.0,610402203.883247,8.925826072692871
2020-05-05 16:10:03.916,F395EC26-DDAA-40BE-2E55-A09A0F83E9FC,TestPhone2,-63.0,8.0,610402203.914819,8.957398056983948
2020-05-05 16:10:03.958,F395EC26-DDAA-40BE-2E55-A09A0F83E9FC,TestPhone2,-58.0,8.0,610402203.957488,9.000066995620728
2020-05-05 16:10:03.959,F395EC26-DDAA-40BE-2E55-A09A0F83E9FC,TestPhone2,-58.0,8.0,610402203.957525,9.000104069709778
2020-05-05 16:10:03.987,F395EC26-DDAA-40BE-2E55-A09A0F83E9FC,TestPhone2,-69.0,8.0,610402203.98615,9.02872908115387
2020-05-05 16:10:03.988,F395EC26-DDAA-40BE-2E55-A09A0F83E9FC,TestPhone2,-69.0,8.0,610402203.986194,9.028773069381714
2020-05-05 16:10:04.026,F395EC26-DDAA-40BE-2E55-A09A0F83E9FC,TestPhone2,-63.0,8.0,610402204.02547,9.0680490732193
2020-05-05 16:10:04.098,F395EC26-DDAA-40BE-2E55-A09A0F83E9FC,TestPhone2,-58.0,8.0,610402204.096602,9.139181017875671
2020-05-05 16:10:04.098,F395EC26-DDAA-40BE-2E55-A09A0F83E9FC,TestPhone2,-58.0,8.0,610402204.096637,9.1392160654068
2020-05-05 16:10:04.131,F395EC26-DDAA-40BE-2E55-A09A0F83E9FC,TestPhone2,-69.0,8.0,610402204.12979,9.172369003295898
2020-05-05 16:10:04.132,F395EC26-DDAA-40BE-2E55-A09A0F83E9FC,TestPhone2,-69.0,8.0,610402204.129828,9.172407031059265
2020-05-05 16:10:04.206,F395EC26-DDAA-40BE-2E55-A09A0F83E9FC,TestPhone2,-58.0,8.0,610402204.205364,9.247943043708801
2020-05-05 16:10:04.207,F395EC26-DDAA-40BE-2E55-A09A0F83E9FC,TestPhone2,-58.0,8.0,610402204.20542,9.24799907207489
2020-05-05 16:10:04.237,F395EC26-DDAA-40BE-2E55-A09A0F83E9FC,TestPhone2,-69.0,8.0,610402204.236458,9.27903699874878
2020-05-05 16:10:04.238,F395EC26-DDAA-40BE-2E55-A09A0F83E9FC,TestPhone2,-69.0,8.0,610402204.236498,9.279077053070068
2020-05-05 16:10:04.274,F395EC26-DDAA-40BE-2E55-A09A0F83E9FC,TestPhone2,-63.0,8.0,610402204.273012,9.315591096878052
2020-05-05 16:10:04.369,F395EC26-DDAA-40BE-2E55-A09A0F83E9FC,TestPhone2,-69.0,8.0,610402204.367993,9.410572052001953
2020-05-05 16:10:04.370,F395EC26-DDAA-40BE-2E55-A09A0F83E9FC,TestPhone2,-69.0,8.0,610402204.368026,9.410605072975159
2020-05-05 16:10:04.400,F395EC26-DDAA-40BE-2E55-A09A0F83E9FC,TestPhone2,-62.0,8.0,610402204.399267,9.441846013069153
2020-05-05 16:10:04.401,F395EC26-DDAA-40BE-2E55-A09A0F83E9FC,TestPhone2,-62.0,8.0,610402204.399299,9.441878080368042
2020-05-05 16:10:04.437,F395EC26-DDAA-40BE-2E55-A09A0F83E9FC,TestPhone2,-58.0,8.0,610402204.435613,9.47819209098816
2020-05-05 16:10:04.437,F395EC26-DDAA-40BE-2E55-A09A0F83E9FC,TestPhone2,-58.0,8.0,610402204.435645,9.478224039077759
2020-05-05 16:10:04.567,F395EC26-DDAA-40BE-2E55-A09A0F83E9FC,TestPhone2,-58.0,8.0,610402204.565443,9.608022093772888
2020-05-05 16:10:04.567,F395EC26-DDAA-40BE-2E55-A09A0F83E9FC,TestPhone2,-58.0,8.0,610402204.565479,9.608058094978333
2020-05-05 16:10:04.600,F395EC26-DDAA-40BE-2E55-A09A0F83E9FC,TestPhone2,-71.0,8.0,610402204.599449,9.642028093338013
2020-05-05 16:10:04.603,F395EC26-DDAA-40BE-2E55-A09A0F83E9FC,TestPhone2,-71.0,8.0,610402204.601581,9.644160032272339
2020-05-05 16:10:04.636,F395EC26-DDAA-40BE-2E55-A09A0F83E9FC,TestPhone2,-63.0,8.0,610402204.634985,9.677564024925232
2020-05-05 16:10:04.637,F395EC26-DDAA-40BE-2E55-A09A0F83E9FC,TestPhone2,-63.0,8.0,610402204.63502,9.67759907245636
2020-05-05 16:10:04.707,F395EC26-DDAA-40BE-2E55-A09A0F83E9FC,TestPhone2,-70.0,8.0,610402204.705545,9.74812400341034
2020-05-05 16:10:04.707,F395EC26-DDAA-40BE-2E55-A09A0F83E9FC,TestPhone2,-71.0,8.0,610402204.705584,9.748163104057312
2020-05-05 16:10:04.855,F395EC26-DDAA-40BE-2E55-A09A0F83E9FC,TestPhone2,-70.0,8.0,610402204.853603,9.8961820602417
2020-05-05 16:10:04.856,F395EC26-DDAA-40BE-2E55-A09A0F83E9FC,TestPhone2,-70.0,8.0,610402204.85365,9.896229028701782
2020-05-05 16:10:04.887,F395EC26-DDAA-40BE-2E55-A09A0F83E9FC,TestPhone2,-64.0,8.0,610402204.885553,9.928132057189941
2020-05-05 16:10:04.888,F395EC26-DDAA-40BE-2E55-A09A0F83E9FC,TestPhone2,-64.0,8.0,610402204.885589,9.928168058395386
2020-05-05 16:10:04.918,F395EC26-DDAA-40BE-2E55-A09A0F83E9FC,TestPhone2,-58.0,8.0,610402204.917492,9.960071086883545
2020-05-05 16:10:04.919,F395EC26-DDAA-40BE-2E55-A09A0F83E9FC,TestPhone2,-58.0,8.0,610402204.917534,9.960113048553467
2020-05-05 16:10:04.950,F395EC26-DDAA-40BE-2E55-A09A0F83E9FC,TestPhone2,-70.0,8.0,610402204.948683,9.991262078285217
2020-05-05 16:10:04.950,F395EC26-DDAA-40BE-2E55-A09A0F83E9FC,TestPhone2,-70.0,8.0,610402204.948691,9.991270065307617
2020-05-05 16:10:04.986,F395EC26-DDAA-40BE-2E55-A09A0F83E9FC,TestPhone2,-64.0,8.0,610402204.984353,10.026932001113892
2020-05-05 16:10:04.986,F395EC26-DDAA-40BE-2E55-A09A0F83E9FC,TestPhone2,-64.0,8.0,610402204.984393,10.02697205543518
2020-05-05 16:10:05.128,F395EC26-DDAA-40BE-2E55-A09A0F83E9FC,TestPhone2,-64.0,8.0,610402205.126598,10.169177055358887
2020-05-05 16:10:05.128,F395EC26-DDAA-40BE-2E55-A09A0F83E9FC,TestPhone2,-64.0,8.0,610402205.126631,10.169210076332092
2020-05-05 16:10:05.164,F395EC26-DDAA-40BE-2E55-A09A0F83E9FC,TestPhone2,-58.0,8.0,610402205.163361,10.205940008163452
2020-05-05 16:10:05.165,F395EC26-DDAA-40BE-2E55-A09A0F83E9FC,TestPhone2,-58.0,8.0,610402205.163417,10.205996036529541
2020-05-05 16:10:05.200,F395EC26-DDAA-40BE-2E55-A09A0F83E9FC,TestPhone2,-69.0,8.0,610402205.198817,10.241396069526672
2020-05-05 16:10:05.201,F395EC26-DDAA-40BE-2E55-A09A0F83E9FC,TestPhone2,-69.0,8.0,610402205.19883,10.241409063339233
2020-05-05 16:10:05.234,F395EC26-DDAA-40BE-2E55-A09A0F83E9FC,TestPhone2,-64.0,8.0,610402205.232769,10.27534806728363
2020-05-05 16:10:05.235,F395EC26-DDAA-40BE-2E55-A09A0F83E9FC,TestPhone2,-64.0,8.0,610402205.234425,10.27700400352478
2020-05-05 16:10:05.271,F395EC26-DDAA-40BE-2E55-A09A0F83E9FC,TestPhone2,-58.0,8.0,610402205.269973,10.312552094459534
2020-05-05 16:10:05.272,F395EC26-DDAA-40BE-2E55-A09A0F83E9FC,TestPhone2,-58.0,8.0,610402205.270005,10.312584042549133
2020-05-05 16:10:05.335,F395EC26-DDAA-40BE-2E55-A09A0F83E9FC,TestPhone2,-66.0,8.0,610402205.333633,10.376212000846863
2020-05-05 16:10:05.335,F395EC26-DDAA-40BE-2E55-A09A0F83E9FC,TestPhone2,-67.0,8.0,610402205.333669,10.376248002052307
2020-05-05 16:10:05.365,F395EC26-DDAA-40BE-2E55-A09A0F83E9FC,TestPhone2,-64.0,8.0,610402205.364073,10.406652092933655
2020-05-05 16:10:05.367,F395EC26-DDAA-40BE-2E55-A09A0F83E9FC,TestPhone2,-64.0,8.0,610402205.365979,10.408558011054993
2020-05-05 16:10:05.428,F395EC26-DDAA-40BE-2E55-A09A0F83E9FC,TestPhone2,-64.0,8.0,610402205.427252,10.469831109046936
2020-05-05 16:10:05.429,F395EC26-DDAA-40BE-2E55-A09A0F83E9FC,TestPhone2,-64.0,8.0,610402205.427285,10.469864010810852
2020-05-05 16:10:05.537,F395EC26-DDAA-40BE-2E55-A09A0F83E9FC,TestPhone2,-58.0,8.0,610402205.536281,10.57886004447937
2020-05-05 16:10:05.538,F395EC26-DDAA-40BE-2E55-A09A0F83E9FC,TestPhone2,-58.0,8.0,610402205.536314,10.578893065452576
2020-05-05 16:10:05.579,F395EC26-DDAA-40BE-2E55-A09A0F83E9FC,TestPhone2,-65.0,8.0,610402205.578506,10.621085047721863
2020-05-05 16:10:05.580,F395EC26-DDAA-40BE-2E55-A09A0F83E9FC,TestPhone2,-65.0,8.0,610402205.578538,10.621116995811462
2020-05-05 16:10:05.639,F395EC26-DDAA-40BE-2E55-A09A0F83E9FC,TestPhone2,-58.0,8.0,610402205.638471,10.681050062179565
2020-05-05 16:10:05.640,F395EC26-DDAA-40BE-2E55-A09A0F83E9FC,TestPhone2,-58.0,8.0,610402205.638511,10.681089997291565
2020-05-05 16:10:05.671,F395EC26-DDAA-40BE-2E55-A09A0F83E9FC,TestPhone2,-65.0,8.0,610402205.669717,10.71229600906372
2020-05-05 16:10:05.672,F395EC26-DDAA-40BE-2E55-A09A0F83E9FC,TestPhone2,-65.0,8.0,610402205.669751,10.712330102920532
2020-05-05 16:10:05.809,F395EC26-DDAA-40BE-2E55-A09A0F83E9FC,TestPhone2,-64.0,8.0,610402205.807649,10.850228071212769
2020-05-05 16:10:05.809,F395EC26-DDAA-40BE-2E55-A09A0F83E9FC,TestPhone2,-64.0,8.0,610402205.807683,10.85026204586029
2020-05-05 16:10:05.887,F395EC26-DDAA-40BE-2E55-A09A0F83E9FC,TestPhone2,-59.0,8.0,610402205.886424,10.9290030002594
2020-05-05 16:10:05.888,F395EC26-DDAA-40BE-2E55-A09A0F83E9FC,TestPhone2,-59.0,8.0,610402205.88646,10.929039001464844
2020-05-05 16:10:05.954,F395EC26-DDAA-40BE-2E55-A09A0F83E9FC,TestPhone2,-69.0,8.0,610402205.953162,10.99574100971222
2020-05-05 16:10:05.955,F395EC26-DDAA-40BE-2E55-A09A0F83E9FC,TestPhone2,-69.0,8.0,610402205.953197,10.995776057243347
2020-05-05 16:10:05.984,F395EC26-DDAA-40BE-2E55-A09A0F83E9FC,TestPhone2,-60.0,8.0,610402205.982967,11.025546073913574
2020-05-05 16:10:06.056,F395EC26-DDAA-40BE-2E55-A09A0F83E9FC,TestPhone2,-64.0,8.0,610402206.054637,11.097216010093689
2020-05-05 16:10:06.056,F395EC26-DDAA-40BE-2E55-A09A0F83E9FC,TestPhone2,-64.0,8.0,610402206.054673,11.097252011299133
2020-05-05 16:10:06.124,F395EC26-DDAA-40BE-2E55-A09A0F83E9FC,TestPhone2,-59.0,8.0,610402206.122684,11.165263056755066
2020-05-05 16:10:06.124,F395EC26-DDAA-40BE-2E55-A09A0F83E9FC,TestPhone2,-59.0,8.0,610402206.12272,11.16529905796051
2020-05-05 16:10:06.158,F395EC26-DDAA-40BE-2E55-A09A0F83E9FC,TestPhone2,-64.0,8.0,610402206.157386,11.199965000152588
2020-05-05 16:10:06.293,F395EC26-DDAA-40BE-2E55-A09A0F83E9FC,TestPhone2,-62.0,8.0,610402206.292451,11.33503007888794
2020-05-05 16:10:06.294,F395EC26-DDAA-40BE-2E55-A09A0F83E9FC,TestPhone2,-62.0,8.0,610402206.29249,11.335069060325623
2020-05-05 16:10:06.325,F395EC26-DDAA-40BE-2E55-A09A0F83E9FC,TestPhone2,-66.0,8.0,610402206.323726,11.366305112838745
2020-05-05 16:10:06.326,F395EC26-DDAA-40BE-2E55-A09A0F83E9FC,TestPhone2,-66.0,8.0,610402206.324841,11.367420077323914
2020-05-05 16:10:06.361,F395EC26-DDAA-40BE-2E55-A09A0F83E9FC,TestPhone2,-58.0,8.0,610402206.359537,11.402116060256958
2020-05-05 16:10:06.361,F395EC26-DDAA-40BE-2E55-A09A0F83E9FC,TestPhone2,-59.0,8.0,610402206.359573,11.402152061462402
2020-05-05 16:10:06.434,F395EC26-DDAA-40BE-2E55-A09A0F83E9FC,TestPhone2,-67.0,8.0,610402206.43321,11.475789070129395
2020-05-05 16:10:06.435,F395EC26-DDAA-40BE-2E55-A09A0F83E9FC,TestPhone2,-67.0,8.0,610402206.433251,11.475830078125
2020-05-05 16:10:06.472,F395EC26-DDAA-40BE-2E55-A09A0F83E9FC,TestPhone2,-58.0,8.0,610402206.471369,11.51394808292389
2020-05-05 16:10:06.473,F395EC26-DDAA-40BE-2E55-A09A0F83E9FC,TestPhone2,-58.0,8.0,610402206.471407,11.513986110687256
2020-05-05 16:10:06.510,F395EC26-DDAA-40BE-2E55-A09A0F83E9FC,TestPhone2,-60.0,8.0,610402206.509737,11.552316069602966
2020-05-05 16:10:06.511,F395EC26-DDAA-40BE-2E55-A09A0F83E9FC,TestPhone2,-60.0,8.0,610402206.509752,11.55233108997345
2020-05-05 16:10:06.799,F395EC26-DDAA-40BE-2E55-A09A0F83E9FC,TestPhone2,-66.0,8.0,610402206.79808,11.840659022331238
2020-05-05 16:10:06.800,F395EC26-DDAA-40BE-2E55-A09A0F83E9FC,TestPhone2,-66.0,8.0,610402206.798117,11.840696096420288
2020-05-05 16:10:06.837,F395EC26-DDAA-40BE-2E55-A09A0F83E9FC,TestPhone2,-58.0,8.0,610402206.836405,11.878984093666077
2020-05-05 16:10:06.838,F395EC26-DDAA-40BE-2E55-A09A0F83E9FC,TestPhone2,-58.0,8.0,610402206.836438,11.879016995429993
2020-05-05 16:10:06.907,F395EC26-DDAA-40BE-2E55-A09A0F83E9FC,TestPhone2,-64.0,8.0,610402206.905679,11.94825804233551
2020-05-05 16:10:06.908,F395EC26-DDAA-40BE-2E55-A09A0F83E9FC,TestPhone2,-64.0,8.0,610402206.905721,11.948300004005432
2020-05-05 16:10:06.936,F395EC26-DDAA-40BE-2E55-A09A0F83E9FC,TestPhone2,-63.0,8.0,610402206.935282,11.977861046791077
2020-05-05 16:10:06.937,F395EC26-DDAA-40BE-2E55-A09A0F83E9FC,TestPhone2,-64.0,8.0,610402206.935314,11.977893114089966
2020-05-05 16:10:06.971,F395EC26-DDAA-40BE-2E55-A09A0F83E9FC,TestPhone2,-58.0,8.0,610402206.969756,12.012335062026978
2020-05-05 16:10:06.973,F395EC26-DDAA-40BE-2E55-A09A0F83E9FC,TestPhone2,-58.0,8.0,610402206.971763,12.014342069625854
2020-05-05 16:10:07.006,F395EC26-DDAA-40BE-2E55-A09A0F83E9FC,TestPhone2,-58.0,8.0,610402207.005118,12.047697067260742
2020-05-05 16:10:07.007,F395EC26-DDAA-40BE-2E55-A09A0F83E9FC,TestPhone2,-58.0,8.0,610402207.005151,12.047730088233948
2020-05-05 16:10:07.082,F395EC26-DDAA-40BE-2E55-A09A0F83E9FC,TestPhone2,-58.0,8.0,610402207.081315,12.123894095420837
2020-05-05 16:10:07.083,F395EC26-DDAA-40BE-2E55-A09A0F83E9FC,TestPhone2,-58.0,8.0,610402207.081347,12.123926043510437
2020-05-05 16:10:07.118,F395EC26-DDAA-40BE-2E55-A09A0F83E9FC,TestPhone2,-58.0,8.0,610402207.117308,12.159887075424194
2020-05-05 16:10:07.119,F395EC26-DDAA-40BE-2E55-A09A0F83E9FC,TestPhone2,-58.0,8.0,610402207.117345,12.159924030303955
2020-05-05 16:10:07.195,F395EC26-DDAA-40BE-2E55-A09A0F83E9FC,TestPhone2,-58.0,8.0,610402207.193742,12.236321091651917
2020-05-05 16:10:07.196,F395EC26-DDAA-40BE-2E55-A09A0F83E9FC,TestPhone2,-58.0,8.0,610402207.193779,12.236358046531677
2020-05-05 16:10:07.331,F395EC26-DDAA-40BE-2E55-A09A0F83E9FC,TestPhone2,-58.0,8.0,610402207.330108,12.372687101364136
2020-05-05 16:10:07.332,F395EC26-DDAA-40BE-2E55-A09A0F83E9FC,TestPhone2,-58.0,8.0,610402207.330143,12.372722029685974
2020-05-05 16:10:07.367,F395EC26-DDAA-40BE-2E55-A09A0F83E9FC,TestPhone2,-59.0,8.0,610402207.366055,12.408634066581726
2020-05-05 16:10:07.368,F395EC26-DDAA-40BE-2E55-A09A0F83E9FC,TestPhone2,-59.0,8.0,610402207.366087,12.408666014671326
2020-05-05 16:10:07.406,F395EC26-DDAA-40BE-2E55-A09A0F83E9FC,TestPhone2,-66.0,8.0,610402207.403655,12.446234107017517
2020-05-05 16:10:07.407,F395EC26-DDAA-40BE-2E55-A09A0F83E9FC,TestPhone2,-66.0,8.0,610402207.405517,12.44809603691101
2020-05-05 16:10:07.475,F395EC26-DDAA-40BE-2E55-A09A0F83E9FC,TestPhone2,-58.0,8.0,610402207.472983,12.515562057495117
2020-05-05 16:10:07.476,F395EC26-DDAA-40BE-2E55-A09A0F83E9FC,TestPhone2,-58.0,8.0,610402207.47475,12.517329096794128
2020-05-05 16:10:07.574,F395EC26-DDAA-40BE-2E55-A09A0F83E9FC,TestPhone2,-58.0,8.0,610402207.573458,12.616037011146545
2020-05-05 16:10:07.575,F395EC26-DDAA-40BE-2E55-A09A0F83E9FC,TestPhone2,-58.0,8.0,610402207.573493,12.616072058677673
2020-05-05 16:10:07.732,F395EC26-DDAA-40BE-2E55-A09A0F83E9FC,TestPhone2,-58.0,8.0,610402207.731143,12.773722052574158
2020-05-05 16:10:07.733,F395EC26-DDAA-40BE-2E55-A09A0F83E9FC,TestPhone2,-59.0,8.0,610402207.731179,12.773758053779602
2020-05-05 16:10:07.767,F395EC26-DDAA-40BE-2E55-A09A0F83E9FC,TestPhone2,-64.0,8.0,610402207.765861,12.808440089225769
2020-05-05 16:10:07.767,F395EC26-DDAA-40BE-2E55-A09A0F83E9FC,TestPhone2,-64.0,8.0,610402207.765892,12.808471083641052
2020-05-05 16:10:07.805,F395EC26-DDAA-40BE-2E55-A09A0F83E9FC,TestPhone2,-58.0,8.0,610402207.803838,12.84641706943512
2020-05-05 16:10:07.837,F395EC26-DDAA-40BE-2E55-A09A0F83E9FC,TestPhone2,-59.0,8.0,610402207.836134,12.878713011741638
2020-05-05 16:10:07.838,F395EC26-DDAA-40BE-2E55-A09A0F83E9FC,TestPhone2,-59.0,8.0,610402207.836166,12.878745079040527
2020-05-05 16:10:07.979,F395EC26-DDAA-40BE-2E55-A09A0F83E9FC,TestPhone2,-59.0,8.0,610402207.977459,13.02003800868988
2020-05-05 16:10:07.979,F395EC26-DDAA-40BE-2E55-A09A0F83E9FC,TestPhone2,-59.0,8.0,610402207.977497,13.020076036453247
2020-05-05 16:10:08.017,F395EC26-DDAA-40BE-2E55-A09A0F83E9FC,TestPhone2,-64.0,8.0,610402208.015624,13.058203101158142
2020-05-05 16:10:08.017,F395EC26-DDAA-40BE-2E55-A09A0F83E9FC,TestPhone2,-64.0,8.0,610402208.01566,13.058239102363586
2020-05-05 16:10:08.084,F395EC26-DDAA-40BE-2E55-A09A0F83E9FC,TestPhone2,-59.0,8.0,610402208.083331,13.12591004371643
2020-05-05 16:10:08.085,F395EC26-DDAA-40BE-2E55-A09A0F83E9FC,TestPhone2,-59.0,8.0,610402208.08337,13.125949025154114
2020-05-05 16:10:08.117,F395EC26-DDAA-40BE-2E55-A09A0F83E9FC,TestPhone2,-64.0,8.0,610402208.115479,13.158058047294617
2020-05-05 16:10:08.117,F395EC26-DDAA-40BE-2E55-A09A0F83E9FC,TestPhone2,-64.0,8.0,610402208.115513,13.158092021942139
2020-05-05 16:10:08.222,F395EC26-DDAA-40BE-2E55-A09A0F83E9FC,TestPhone2,-59.0,8.0,610402208.221217,13.263796091079712
2020-05-05 16:10:08.223,F395EC26-DDAA-40BE-2E55-A09A0F83E9FC,TestPhone2,-59.0,8.0,610402208.22125,13.263829112052917
2020-05-05 16:10:08.256,F395EC26-DDAA-40BE-2E55-A09A0F83E9FC,TestPhone2,-65.0,8.0,610402208.254449,13.297028064727783
2020-05-05 16:10:08.256,F395EC26-DDAA-40BE-2E55-A09A0F83E9FC,TestPhone2,-65.0,8.0,610402208.254481,13.297060012817383
2020-05-05 16:10:08.287,F395EC26-DDAA-40BE-2E55-A09A0F83E9FC,TestPhone2,-58.0,8.0,610402208.285608,13.328187108039856
2020-05-05 16:10:08.353,F395EC26-DDAA-40BE-2E55-A09A0F83E9FC,TestPhone2,-64.0,8.0,610402208.352256,13.394834995269775
2020-05-05 16:10:08.354,F395EC26-DDAA-40BE-2E55-A09A0F83E9FC,TestPhone2,-64.0,8.0,610402208.35229,13.394869089126587
2020-05-05 16:10:08.390,F395EC26-DDAA-40BE-2E55-A09A0F83E9FC,TestPhone2,-57.0,8.0,610402208.388867,13.431446075439453
2020-05-05 16:10:08.526,F395EC26-DDAA-40BE-2E55-A09A0F83E9FC,TestPhone2,-58.0,8.0,610402208.524267,13.566846013069153
2020-05-05 16:10:08.566,F395EC26-DDAA-40BE-2E55-A09A0F83E9FC,TestPhone2,-59.0,8.0,610402208.565228,13.607807040214539
2020-05-05 16:10:08.567,F395EC26-DDAA-40BE-2E55-A09A0F83E9FC,TestPhone2,-59.0,8.0,610402208.565264,13.607843041419983
2020-05-05 16:10:08.604,F395EC26-DDAA-40BE-2E55-A09A0F83E9FC,TestPhone2,-63.0,8.0,610402208.603313,13.645892024040222
2020-05-05 16:10:08.605,F395EC26-DDAA-40BE-2E55-A09A0F83E9FC,TestPhone2,-63.0,8.0,610402208.603349,13.645928025245667
2020-05-05 16:10:08.645,F395EC26-DDAA-40BE-2E55-A09A0F83E9FC,TestPhone2,-58.0,8.0,610402208.643794,13.686372995376587
2020-05-05 16:10:08.680,F395EC26-DDAA-40BE-2E55-A09A0F83E9FC,TestPhone2,-59.0,8.0,610402208.678518,13.721097111701965
2020-05-05 16:10:08.680,F395EC26-DDAA-40BE-2E55-A09A0F83E9FC,TestPhone2,-59.0,8.0,610402208.678556,13.721135020256042
2020-05-05 16:10:08.718,F395EC26-DDAA-40BE-2E55-A09A0F83E9FC,TestPhone2,-64.0,8.0,610402208.716582,13.759160995483398
2020-05-05 16:10:08.719,F395EC26-DDAA-40BE-2E55-A09A0F83E9FC,TestPhone2,-64.0,8.0,610402208.718219,13.7607980966568
2020-05-05 16:10:08.889,F395EC26-DDAA-40BE-2E55-A09A0F83E9FC,TestPhone2,-58.0,8.0,610402208.886815,13.929394006729126
2020-05-05 16:10:08.889,F395EC26-DDAA-40BE-2E55-A09A0F83E9FC,TestPhone2,-58.0,8.0,610402208.886833,13.929412007331848
2020-05-05 16:10:08.918,F395EC26-DDAA-40BE-2E55-A09A0F83E9FC,TestPhone2,-59.0,8.0,610402208.916675,13.959254026412964
2020-05-05 16:10:08.920,F395EC26-DDAA-40BE-2E55-A09A0F83E9FC,TestPhone2,-59.0,8.0,610402208.918964,13.961543083190918
2020-05-05 16:10:08.957,F395EC26-DDAA-40BE-2E55-A09A0F83E9FC,TestPhone2,-62.0,8.0,610402208.955645,13.998224020004272
2020-05-05 16:10:08.957,F395EC26-DDAA-40BE-2E55-A09A0F83E9FC,TestPhone2,-62.0,8.0,610402208.95568,13.9982590675354
2020-05-05 16:10:08.995,F395EC26-DDAA-40BE-2E55-A09A0F83E9FC,TestPhone2,-58.0,8.0,610402208.994096,14.036675095558167
2020-05-05 16:10:08.996,F395EC26-DDAA-40BE-2E55-A09A0F83E9FC,TestPhone2,-58.0,8.0,610402208.994137,14.036716103553772
2020-05-05 16:10:09.031,F395EC26-DDAA-40BE-2E55-A09A0F83E9FC,TestPhone2,-60.0,8.0,610402209.029929,14.072508096694946
2020-05-05 16:10:09.032,F395EC26-DDAA-40BE-2E55-A09A0F83E9FC,TestPhone2,-60.0,8.0,610402209.029966,14.072545051574707
2020-05-05 16:10:09.106,F395EC26-DDAA-40BE-2E55-A09A0F83E9FC,TestPhone2,-58.0,8.0,610402209.105093,14.147672057151794
2020-05-05 16:10:09.107,F395EC26-DDAA-40BE-2E55-A09A0F83E9FC,TestPhone2,-58.0,8.0,610402209.10513,14.147709012031555
2020-05-05 16:10:09.175,F395EC26-DDAA-40BE-2E55-A09A0F83E9FC,TestPhone2,-61.0,8.0,610402209.173768,14.216347098350525
2020-05-05 16:10:09.176,F395EC26-DDAA-40BE-2E55-A09A0F83E9FC,TestPhone2,-61.0,8.0,610402209.173803,14.216382026672363
2020-05-05 16:10:09.212,F395EC26-DDAA-40BE-2E55-A09A0F83E9FC,TestPhone2,-62.0,8.0,610402209.210607,14.253186106681824
2020-05-05 16:10:09.212,F395EC26-DDAA-40BE-2E55-A09A0F83E9FC,TestPhone2,-62.0,8.0,610402209.210646,14.253225088119507
2020-05-05 16:10:09.242,F395EC26-DDAA-40BE-2E55-A09A0F83E9FC,TestPhone2,-58.0,8.0,610402209.24133,14.28390908241272
2020-05-05 16:10:09.243,F395EC26-DDAA-40BE-2E55-A09A0F83E9FC,TestPhone2,-58.0,8.0,610402209.241365,14.283944010734558
2020-05-05 16:10:09.280,F395EC26-DDAA-40BE-2E55-A09A0F83E9FC,TestPhone2,-60.0,8.0,610402209.27873,14.321309089660645
2020-05-05 16:10:09.281,F395EC26-DDAA-40BE-2E55-A09A0F83E9FC,TestPhone2,-60.0,8.0,610402209.278774,14.321353077888489
2020-05-05 16:10:09.314,F395EC26-DDAA-40BE-2E55-A09A0F83E9FC,TestPhone2,-61.0,8.0,610402209.313086,14.35566508769989
2020-05-05 16:10:09.315,F395EC26-DDAA-40BE-2E55-A09A0F83E9FC,TestPhone2,-61.0,8.0,610402209.313122,14.355701088905334
2020-05-05 16:10:09.417,F395EC26-DDAA-40BE-2E55-A09A0F83E9FC,TestPhone2,-60.0,8.0,610402209.416258,14.458837032318115
2020-05-05 16:10:09.418,F395EC26-DDAA-40BE-2E55-A09A0F83E9FC,TestPhone2,-60.0,8.0,610402209.416296,14.458875060081482
2020-05-05 16:10:09.448,F395EC26-DDAA-40BE-2E55-A09A0F83E9FC,TestPhone2,-64.0,8.0,610402209.446449,14.489028096199036
2020-05-05 16:10:09.449,F395EC26-DDAA-40BE-2E55-A09A0F83E9FC,TestPhone2,-64.0,8.0,610402209.448057,14.490636110305786
2020-05-05 16:10:09.525,F395EC26-DDAA-40BE-2E55-A09A0F83E9FC,TestPhone2,-61.0,8.0,610402209.516402,14.55898106098175
2020-05-05 16:10:09.526,F395EC26-DDAA-40BE-2E55-A09A0F83E9FC,TestPhone2,-62.0,8.0,610402209.516422,14.559001088142395
2020-05-05 16:10:09.558,F395EC26-DDAA-40BE-2E55-A09A0F83E9FC,TestPhone2,-62.0,8.0,610402209.55738,14.599959015846252
2020-05-05 16:10:09.559,F395EC26-DDAA-40BE-2E55-A09A0F83E9FC,TestPhone2,-62.0,8.0,610402209.557415,14.59999406337738
2020-05-05 16:10:09.594,F395EC26-DDAA-40BE-2E55-A09A0F83E9FC,TestPhone2,-65.0,8.0,610402209.593244,14.635823011398315
2020-05-05 16:10:09.595,F395EC26-DDAA-40BE-2E55-A09A0F83E9FC,TestPhone2,-65.0,8.0,610402209.59328,14.63585901260376
2020-05-05 16:10:09.629,F395EC26-DDAA-40BE-2E55-A09A0F83E9FC,TestPhone2,-59.0,8.0,610402209.627985,14.67056405544281
2020-05-05 16:10:09.630,F395EC26-DDAA-40BE-2E55-A09A0F83E9FC,TestPhone2,-59.0,8.0,610402209.628023,14.670602083206177
2020-05-05 16:10:09.734,F395EC26-DDAA-40BE-2E55-A09A0F83E9FC,TestPhone2,-65.0,8.0,610402209.733344,14.775923013687134
2020-05-05 16:10:09.735,F395EC26-DDAA-40BE-2E55-A09A0F83E9FC,TestPhone2,-65.0,8.0,610402209.73338,14.775959014892578
2020-05-05 16:10:09.769,F395EC26-DDAA-40BE-2E55-A09A0F83E9FC,TestPhone2,-59.0,8.0,610402209.767623,14.81020200252533
2020-05-05 16:10:09.769,F395EC26-DDAA-40BE-2E55-A09A0F83E9FC,TestPhone2,-59.0,8.0,610402209.767655,14.810234069824219
2020-05-05 16:10:09.806,F395EC26-DDAA-40BE-2E55-A09A0F83E9FC,TestPhone2,-62.0,8.0,610402209.804903,14.847482085227966
2020-05-05 16:10:09.807,F395EC26-DDAA-40BE-2E55-A09A0F83E9FC,TestPhone2,-62.0,8.0,610402209.804941,14.847520112991333
2020-05-05 16:10:09.845,F395EC26-DDAA-40BE-2E55-A09A0F83E9FC,TestPhone2,-66.0,8.0,610402209.84391,14.886489033699036
2020-05-05 16:10:09.846,F395EC26-DDAA-40BE-2E55-A09A0F83E9FC,TestPhone2,-66.0,8.0,610402209.843945,14.886524081230164
2020-05-05 16:10:09.875,F395EC26-DDAA-40BE-2E55-A09A0F83E9FC,TestPhone2,-59.0,8.0,610402209.873789,14.916368007659912
2020-05-05 16:10:09.876,F395EC26-DDAA-40BE-2E55-A09A0F83E9FC,TestPhone2,-59.0,8.0,610402209.873821,14.916400074958801
2020-05-05 16:10:09.906,F395EC26-DDAA-40BE-2E55-A09A0F83E9FC,TestPhone2,-63.0,8.0,610402209.904987,14.947566032409668
2020-05-05 16:10:09.907,F395EC26-DDAA-40BE-2E55-A09A0F83E9FC,TestPhone2,-64.0,8.0,610402209.905024,14.947603106498718
2020-05-05 16:10:09.943,F395EC26-DDAA-40BE-2E55-A09A0F83E9FC,TestPhone2,-66.0,8.0,610402209.941877,14.984456062316895
2020-05-05 16:10:09.944,F395EC26-DDAA-40BE-2E55-A09A0F83E9FC,TestPhone2,-66.0,8.0,610402209.941909,14.984488010406494
2020-05-05 16:10:10.088,F395EC26-DDAA-40BE-2E55-A09A0F83E9FC,TestPhone2,-66.0,8.0,610402210.086722,15.129301071166992
2020-05-05 16:10:10.089,F395EC26-DDAA-40BE-2E55-A09A0F83E9FC,TestPhone2,-66.0,8.0,610402210.086755,15.129334092140198
2020-05-05 16:10:10.129,F395EC26-DDAA-40BE-2E55-A09A0F83E9FC,TestPhone2,-60.0,8.0,610402210.128463,15.171042084693909
2020-05-05 16:10:10.130,F395EC26-DDAA-40BE-2E55-A09A0F83E9FC,TestPhone2,-60.0,8.0,610402210.128499,15.171078085899353
2020-05-05 16:10:10.161,F395EC26-DDAA-40BE-2E55-A09A0F83E9FC,TestPhone2,-65.0,8.0,610402210.159924,15.202503085136414
2020-05-05 16:10:10.162,F395EC26-DDAA-40BE-2E55-A09A0F83E9FC,TestPhone2,-66.0,8.0,610402210.159955,15.202534079551697
2020-05-05 16:10:10.372,F395EC26-DDAA-40BE-2E55-A09A0F83E9FC,TestPhone2,-59.0,8.0,610402210.371069,15.413648009300232
2020-05-05 16:10:10.373,F395EC26-DDAA-40BE-2E55-A09A0F83E9FC,TestPhone2,-59.0,8.0,610402210.371102,15.413681030273438
2020-05-05 16:10:10.403,F395EC26-DDAA-40BE-2E55-A09A0F83E9FC,TestPhone2,-65.0,8.0,610402210.401933,15.444512009620667
2020-05-05 16:10:10.404,F395EC26-DDAA-40BE-2E55-A09A0F83E9FC,TestPhone2,-65.0,8.0,610402210.401966,15.444545030593872
2020-05-05 16:10:10.433,F395EC26-DDAA-40BE-2E55-A09A0F83E9FC,TestPhone2,-63.0,8.0,610402210.432162,15.474741101264954
2020-05-05 16:10:10.434,F395EC26-DDAA-40BE-2E55-A09A0F83E9FC,TestPhone2,-63.0,8.0,610402210.432199,15.474778056144714
2020-05-05 16:10:10.465,F395EC26-DDAA-40BE-2E55-A09A0F83E9FC,TestPhone2,-59.0,8.0,610402210.463878,15.506457090377808
2020-05-05 16:10:10.466,F395EC26-DDAA-40BE-2E55-A09A0F83E9FC,TestPhone2,-59.0,8.0,610402210.463914,15.506493091583252
2020-05-05 16:10:10.568,F395EC26-DDAA-40BE-2E55-A09A0F83E9FC,TestPhone2,-62.0,8.0,610402210.566828,15.60940706729889
2020-05-05 16:10:10.569,F395EC26-DDAA-40BE-2E55-A09A0F83E9FC,TestPhone2,-62.0,8.0,610402210.566863,15.609441995620728
2020-05-05 16:10:10.607,F395EC26-DDAA-40BE-2E55-A09A0F83E9FC,TestPhone2,-59.0,8.0,610402210.606324,15.648903012275696
2020-05-05 16:10:10.608,F395EC26-DDAA-40BE-2E55-A09A0F83E9FC,TestPhone2,-59.0,8.0,610402210.606362,15.648941040039062
2020-05-05 16:10:10.637,F395EC26-DDAA-40BE-2E55-A09A0F83E9FC,TestPhone2,-65.0,8.0,610402210.636122,15.678701043128967
2020-05-05 16:10:10.638,F395EC26-DDAA-40BE-2E55-A09A0F83E9FC,TestPhone2,-65.0,8.0,610402210.636155,15.678734064102173
2020-05-05 16:10:10.678,F395EC26-DDAA-40BE-2E55-A09A0F83E9FC,TestPhone2,-63.0,8.0,610402210.676998,15.719577074050903
2020-05-05 16:10:10.679,F395EC26-DDAA-40BE-2E55-A09A0F83E9FC,TestPhone2,-63.0,8.0,610402210.677033,15.719612002372742
2020-05-05 16:10:10.712,F395EC26-DDAA-40BE-2E55-A09A0F83E9FC,TestPhone2,-60.0,8.0,610402210.710519,15.753098011016846
2020-05-05 16:10:10.712,F395EC26-DDAA-40BE-2E55-A09A0F83E9FC,TestPhone2,-60.0,8.0,610402210.710557,15.753136038780212
2020-05-05 16:10:10.747,F395EC26-DDAA-40BE-2E55-A09A0F83E9FC,TestPhone2,-64.0,8.0,610402210.745901,15.788480043411255
2020-05-05 16:10:10.749,F395EC26-DDAA-40BE-2E55-A09A0F83E9FC,TestPhone2,-64.0,8.0,610402210.747558,15.79013705253601
2020-05-05 16:10:10.787,F395EC26-DDAA-40BE-2E55-A09A0F83E9FC,TestPhone2,-63.0,8.0,610402210.786117,15.828696012496948
2020-05-05 16:10:10.788,F395EC26-DDAA-40BE-2E55-A09A0F83E9FC,TestPhone2,-62.0,8.0,610402210.786151,15.82873010635376
2020-05-05 16:10:10.914,F395EC26-DDAA-40BE-2E55-A09A0F83E9FC,TestPhone2,-63.0,8.0,610402210.91315,15.955729007720947
2020-05-05 16:10:10.915,F395EC26-DDAA-40BE-2E55-A09A0F83E9FC,TestPhone2,-63.0,8.0,610402210.913186,15.955765008926392
2020-05-05 16:10:10.992,F395EC26-DDAA-40BE-2E55-A09A0F83E9FC,TestPhone2,-66.0,8.0,610402210.990149,16.03272807598114
2020-05-05 16:10:10.995,F395EC26-DDAA-40BE-2E55-A09A0F83E9FC,TestPhone2,-67.0,8.0,610402210.990197,16.03277599811554
2020-05-05 16:10:11.024,F395EC26-DDAA-40BE-2E55-A09A0F83E9FC,TestPhone2,-64.0,8.0,610402211.023152,16.065731048583984
2020-05-05 16:10:11.025,F395EC26-DDAA-40BE-2E55-A09A0F83E9FC,TestPhone2,-64.0,8.0,610402211.023187,16.065766096115112
2020-05-05 16:10:11.065,F395EC26-DDAA-40BE-2E55-A09A0F83E9FC,TestPhone2,-60.0,8.0,610402211.063366,16.105945110321045
2020-05-05 16:10:11.065,F395EC26-DDAA-40BE-2E55-A09A0F83E9FC,TestPhone2,-60.0,8.0,610402211.063408,16.105987071990967
2020-05-05 16:10:11.131,F395EC26-DDAA-40BE-2E55-A09A0F83E9FC,TestPhone2,-67.0,8.0,610402211.129497,16.172076106071472
2020-05-05 16:10:11.131,F395EC26-DDAA-40BE-2E55-A09A0F83E9FC,TestPhone2,-67.0,8.0,610402211.129537,16.17211604118347
2020-05-05 16:10:11.205,F395EC26-DDAA-40BE-2E55-A09A0F83E9FC,TestPhone2,-59.0,8.0,610402211.203885,16.246464014053345
2020-05-05 16:10:11.206,F395EC26-DDAA-40BE-2E55-A09A0F83E9FC,TestPhone2,-59.0,8.0,610402211.203921,16.24650001525879
2020-05-05 16:10:11.280,F395EC26-DDAA-40BE-2E55-A09A0F83E9FC,TestPhone2,-62.0,8.0,610402211.278503,16.32108199596405
2020-05-05 16:10:11.280,F395EC26-DDAA-40BE-2E55-A09A0F83E9FC,TestPhone2,-62.0,8.0,610402211.278545,16.32112407684326
2020-05-05 16:10:11.320,F395EC26-DDAA-40BE-2E55-A09A0F83E9FC,TestPhone2,-59.0,8.0,610402211.319235,16.36181402206421
2020-05-05 16:10:11.321,F395EC26-DDAA-40BE-2E55-A09A0F83E9FC,TestPhone2,-59.0,8.0,610402211.319268,16.361847043037415
2020-05-05 16:10:11.350,F395EC26-DDAA-40BE-2E55-A09A0F83E9FC,TestPhone2,-66.0,8.0,610402211.348788,16.391367077827454
2020-05-05 16:10:11.351,F395EC26-DDAA-40BE-2E55-A09A0F83E9FC,TestPhone2,-67.0,8.0,610402211.348826,16.39140510559082
2020-05-05 16:10:11.390,F395EC26-DDAA-40BE-2E55-A09A0F83E9FC,TestPhone2,-63.0,8.0,610402211.388259,16.430838108062744
2020-05-05 16:10:11.391,F395EC26-DDAA-40BE-2E55-A09A0F83E9FC,TestPhone2,-63.0,8.0,610402211.388273,16.43085205554962
2020-05-05 16:10:11.423,F395EC26-DDAA-40BE-2E55-A09A0F83E9FC,TestPhone2,-60.0,8.0,610402211.422166,16.464745044708252
2020-05-05 16:10:11.424,F395EC26-DDAA-40BE-2E55-A09A0F83E9FC,TestPhone2,-60.0,8.0,610402211.422233,16.46481204032898
2020-05-05 16:10:11.522,F395EC26-DDAA-40BE-2E55-A09A0F83E9FC,TestPhone2,-62.0,8.0,610402211.520821,16.56340003013611
2020-05-05 16:10:11.523,F395EC26-DDAA-40BE-2E55-A09A0F83E9FC,TestPhone2,-62.0,8.0,610402211.520856,16.563435077667236
2020-05-05 16:10:11.556,F395EC26-DDAA-40BE-2E55-A09A0F83E9FC,TestPhone2,-60.0,8.0,610402211.554884,16.597463011741638
2020-05-05 16:10:11.558,F395EC26-DDAA-40BE-2E55-A09A0F83E9FC,TestPhone2,-60.0,8.0,610402211.556534,16.5991131067276
2020-05-05 16:10:11.593,F395EC26-DDAA-40BE-2E55-A09A0F83E9FC,TestPhone2,-65.0,8.0,610402211.592175,16.634754061698914
2020-05-05 16:10:11.594,F395EC26-DDAA-40BE-2E55-A09A0F83E9FC,TestPhone2,-65.0,8.0,610402211.592208,16.63478708267212
2020-05-05 16:10:11.629,F395EC26-DDAA-40BE-2E55-A09A0F83E9FC,TestPhone2,-64.0,8.0,610402211.62748,16.670059084892273
2020-05-05 16:10:11.629,F395EC26-DDAA-40BE-2E55-A09A0F83E9FC,TestPhone2,-64.0,8.0,610402211.627514,16.670093059539795
2020-05-05 16:10:11.667,F395EC26-DDAA-40BE-2E55-A09A0F83E9FC,TestPhone2,-60.0,8.0,610402211.666411,16.7089900970459
2020-05-05 16:10:11.668,F395EC26-DDAA-40BE-2E55-A09A0F83E9FC,TestPhone2,-60.0,8.0,610402211.666446,16.709025025367737
2020-05-05 16:10:11.823,F395EC26-DDAA-40BE-2E55-A09A0F83E9FC,TestPhone2,-64.0,8.0,610402211.822402,16.864981055259705
2020-05-05 16:10:11.864,F395EC26-DDAA-40BE-2E55-A09A0F83E9FC,TestPhone2,-63.0,8.0,610402211.862513,16.905092000961304
2020-05-05 16:10:11.864,F395EC26-DDAA-40BE-2E55-A09A0F83E9FC,TestPhone2,-63.0,8.0,610402211.862548,16.90512704849243
2020-05-05 16:10:11.966,F395EC26-DDAA-40BE-2E55-A09A0F83E9FC,TestPhone2,-64.0,8.0,610402211.964763,17.007342100143433
2020-05-05 16:10:12.004,F395EC26-DDAA-40BE-2E55-A09A0F83E9FC,TestPhone2,-63.0,8.0,610402212.003039,17.045618057250977
2020-05-05 16:10:12.043,F395EC26-DDAA-40BE-2E55-A09A0F83E9FC,TestPhone2,-60.0,8.0,610402212.04218,17.0847589969635
2020-05-05 16:10:12.044,F395EC26-DDAA-40BE-2E55-A09A0F83E9FC,TestPhone2,-60.0,8.0,610402212.042216,17.084794998168945
2020-05-05 16:10:12.239,F395EC26-DDAA-40BE-2E55-A09A0F83E9FC,TestPhone2,-62.0,8.0,610402212.237721,17.28030002117157
2020-05-05 16:10:12.240,F395EC26-DDAA-40BE-2E55-A09A0F83E9FC,TestPhone2,-62.0,8.0,610402212.237756,17.280335068702698
2020-05-05 16:10:12.307,F395EC26-DDAA-40BE-2E55-A09A0F83E9FC,TestPhone2,-62.0,8.0,610402212.305825,17.348404049873352
2020-05-05 16:10:12.411,F395EC26-DDAA-40BE-2E55-A09A0F83E9FC,TestPhone2,-60.0,8.0,610402212.410504,17.453083038330078
2020-05-05 16:10:12.440,F395EC26-DDAA-40BE-2E55-A09A0F83E9FC,TestPhone2,-61.0,8.0,610402212.43814,17.480719089508057
2020-05-05 16:10:12.480,F395EC26-DDAA-40BE-2E55-A09A0F83E9FC,TestPhone2,-62.0,8.0,610402212.478541,17.521120071411133
2020-05-05 16:10:12.480,F395EC26-DDAA-40BE-2E55-A09A0F83E9FC,TestPhone2,-62.0,8.0,610402212.478575,17.521154046058655
2020-05-05 16:10:12.551,F395EC26-DDAA-40BE-2E55-A09A0F83E9FC,TestPhone2,-61.0,8.0,610402212.549919,17.592498064041138
2020-05-05 16:10:12.765,F395EC26-DDAA-40BE-2E55-A09A0F83E9FC,TestPhone2,-61.0,8.0,610402212.764359,17.80693805217743
2020-05-05 16:10:12.766,F395EC26-DDAA-40BE-2E55-A09A0F83E9FC,TestPhone2,-61.0,8.0,610402212.764393,17.80697202682495
2020-05-05 16:10:12.802,F395EC26-DDAA-40BE-2E55-A09A0F83E9FC,TestPhone2,-61.0,8.0,610402212.800653,17.843232035636902
2020-05-05 16:10:12.802,F395EC26-DDAA-40BE-2E55-A09A0F83E9FC,TestPhone2,-61.0,8.0,610402212.800686,17.843265056610107
2020-05-05 16:10:12.838,F395EC26-DDAA-40BE-2E55-A09A0F83E9FC,TestPhone2,-61.0,8.0,610402212.836661,17.879240036010742
2020-05-05 16:10:12.839,F395EC26-DDAA-40BE-2E55-A09A0F83E9FC,TestPhone2,-61.0,8.0,610402212.838352,17.88093101978302
2020-05-05 16:10:12.877,F395EC26-DDAA-40BE-2E55-A09A0F83E9FC,TestPhone2,-60.0,8.0,610402212.876441,17.91902005672455
2020-05-05 16:10:12.906,F395EC26-DDAA-40BE-2E55-A09A0F83E9FC,TestPhone2,-60.0,8.0,610402212.904949,17.9475280046463
2020-05-05 16:10:12.907,F395EC26-DDAA-40BE-2E55-A09A0F83E9FC,TestPhone2,-60.0,8.0,610402212.904994,17.94757306575775
2020-05-05 16:10:13.056,F395EC26-DDAA-40BE-2E55-A09A0F83E9FC,TestPhone2,-59.0,8.0,610402213.054546,18.09712505340576
2020-05-05 16:10:13.056,F395EC26-DDAA-40BE-2E55-A09A0F83E9FC,TestPhone2,-59.0,8.0,610402213.054583,18.097162008285522
2020-05-05 16:10:13.090,F395EC26-DDAA-40BE-2E55-A09A0F83E9FC,TestPhone2,-62.0,8.0,610402213.088543,18.13112211227417
2020-05-05 16:10:13.090,F395EC26-DDAA-40BE-2E55-A09A0F83E9FC,TestPhone2,-62.0,8.0,610402213.088577,18.131156086921692
2020-05-05 16:10:13.122,F395EC26-DDAA-40BE-2E55-A09A0F83E9FC,TestPhone2,-61.0,8.0,610402213.121221,18.16380000114441
2020-05-05 16:10:13.124,F395EC26-DDAA-40BE-2E55-A09A0F83E9FC,TestPhone2,-61.0,8.0,610402213.122565,18.165144085884094
2020-05-05 16:10:13.161,F395EC26-DDAA-40BE-2E55-A09A0F83E9FC,TestPhone2,-60.0,8.0,610402213.159979,18.202558040618896
2020-05-05 16:10:13.162,F395EC26-DDAA-40BE-2E55-A09A0F83E9FC,TestPhone2,-60.0,8.0,610402213.160017,18.202596068382263
2020-05-05 16:10:13.333,F395EC26-DDAA-40BE-2E55-A09A0F83E9FC,TestPhone2,-61.0,8.0,610402213.331913,18.374492049217224
2020-05-05 16:10:13.371,F395EC26-DDAA-40BE-2E55-A09A0F83E9FC,TestPhone2,-60.0,8.0,610402213.370244,18.41282308101654
2020-05-05 16:10:13.409,F395EC26-DDAA-40BE-2E55-A09A0F83E9FC,TestPhone2,-62.0,8.0,610402213.407841,18.450420022010803
2020-05-05 16:10:13.410,F395EC26-DDAA-40BE-2E55-A09A0F83E9FC,TestPhone2,-62.0,8.0,610402213.407875,18.450453996658325
2020-05-05 16:10:13.478,F395EC26-DDAA-40BE-2E55-A09A0F83E9FC,TestPhone2,-61.0,8.0,610402213.477417,18.51999604701996
2020-05-05 16:10:13.479,F395EC26-DDAA-40BE-2E55-A09A0F83E9FC,TestPhone2,-61.0,8.0,610402213.477449,18.520028114318848
2020-05-05 16:10:13.512,F395EC26-DDAA-40BE-2E55-A09A0F83E9FC,TestPhone2,-63.0,8.0,610402213.510796,18.553375005722046
2020-05-05 16:10:13.513,F395EC26-DDAA-40BE-2E55-A09A0F83E9FC,TestPhone2,-63.0,8.0,610402213.510832,18.55341100692749
2020-05-05 16:10:13.607,F395EC26-DDAA-40BE-2E55-A09A0F83E9FC,TestPhone2,-61.0,8.0,610402213.605496,18.648075103759766
2020-05-05 16:10:13.608,F395EC26-DDAA-40BE-2E55-A09A0F83E9FC,TestPhone2,-60.0,8.0,610402213.607265,18.64984405040741
2020-05-05 16:10:13.643,F395EC26-DDAA-40BE-2E55-A09A0F83E9FC,TestPhone2,-63.0,8.0,610402213.641962,18.68454110622406
2020-05-05 16:10:13.644,F395EC26-DDAA-40BE-2E55-A09A0F83E9FC,TestPhone2,-63.0,8.0,610402213.641999,18.68457806110382
2020-05-05 16:10:13.676,F395EC26-DDAA-40BE-2E55-A09A0F83E9FC,TestPhone2,-61.0,8.0,610402213.675133,18.71771204471588
2020-05-05 16:10:13.677,F395EC26-DDAA-40BE-2E55-A09A0F83E9FC,TestPhone2,-62.0,8.0,610402213.67517,18.717748999595642
2020-05-05 16:10:13.778,F395EC26-DDAA-40BE-2E55-A09A0F83E9FC,TestPhone2,-63.0,8.0,610402213.776265,18.818844079971313
2020-05-05 16:10:13.779,F395EC26-DDAA-40BE-2E55-A09A0F83E9FC,TestPhone2,-63.0,8.0,610402213.777989,18.820568084716797
2020-05-05 16:10:13.813,F395EC26-DDAA-40BE-2E55-A09A0F83E9FC,TestPhone2,-61.0,8.0,610402213.811597,18.85417604446411
2020-05-05 16:10:13.813,F395EC26-DDAA-40BE-2E55-A09A0F83E9FC,TestPhone2,-61.0,8.0,610402213.811632,18.85421109199524
2020-05-05 16:10:13.911,F395EC26-DDAA-40BE-2E55-A09A0F83E9FC,TestPhone2,-61.0,8.0,610402213.910334,18.95291304588318
2020-05-05 16:10:13.912,F395EC26-DDAA-40BE-2E55-A09A0F83E9FC,TestPhone2,-61.0,8.0,610402213.910378,18.952957034111023
2020-05-05 16:10:14.060,F395EC26-DDAA-40BE-2E55-A09A0F83E9FC,TestPhone2,-61.0,8.0,610402214.058921,19.101500034332275
2020-05-05 16:10:14.061,F395EC26-DDAA-40BE-2E55-A09A0F83E9FC,TestPhone2,-61.0,8.0,610402214.058954,19.10153305530548
2020-05-05 16:10:14.087,F395EC26-DDAA-40BE-2E55-A09A0F83E9FC,TestPhone2,-62.0,8.0,610402214.085518,19.12809705734253
2020-05-05 16:10:14.088,F395EC26-DDAA-40BE-2E55-A09A0F83E9FC,TestPhone2,-63.0,8.0,610402214.08704,19.129619002342224
2020-05-05 16:10:14.193,F395EC26-DDAA-40BE-2E55-A09A0F83E9FC,TestPhone2,-62.0,8.0,610402214.192459,19.23503804206848
2020-05-05 16:10:14.194,F395EC26-DDAA-40BE-2E55-A09A0F83E9FC,TestPhone2,-61.0,8.0,610402214.192499,19.23507809638977
2020-05-05 16:10:14.325,F395EC26-DDAA-40BE-2E55-A09A0F83E9FC,TestPhone2,-67.0,8.0,610402214.324371,19.366950035095215
2020-05-05 16:10:14.327,F395EC26-DDAA-40BE-2E55-A09A0F83E9FC,TestPhone2,-67.0,8.0,610402214.326009,19.368588089942932
2020-05-05 16:10:14.399,F395EC26-DDAA-40BE-2E55-A09A0F83E9FC,TestPhone2,-58.0,8.0,610402214.39772,19.440299034118652
2020-05-05 16:10:14.400,F395EC26-DDAA-40BE-2E55-A09A0F83E9FC,TestPhone2,-58.0,8.0,610402214.397753,19.440332055091858
2020-05-05 16:10:14.434,F395EC26-DDAA-40BE-2E55-A09A0F83E9FC,TestPhone2,-63.0,8.0,610402214.433183,19.475762009620667
2020-05-05 16:10:14.435,F395EC26-DDAA-40BE-2E55-A09A0F83E9FC,TestPhone2,-63.0,8.0,610402214.433223,19.475802063941956
2020-05-05 16:10:14.473,F395EC26-DDAA-40BE-2E55-A09A0F83E9FC,TestPhone2,-65.0,8.0,610402214.471608,19.51418709754944
2020-05-05 16:10:14.474,F395EC26-DDAA-40BE-2E55-A09A0F83E9FC,TestPhone2,-72.0,8.0,610402214.473476,19.5160551071167
2020-05-05 16:10:14.514,F395EC26-DDAA-40BE-2E55-A09A0F83E9FC,TestPhone2,-57.0,8.0,610402214.512678,19.555257081985474
2020-05-05 16:10:14.515,F395EC26-DDAA-40BE-2E55-A09A0F83E9FC,TestPhone2,-57.0,8.0,610402214.512715,19.555294036865234
2020-05-05 16:10:14.577,F395EC26-DDAA-40BE-2E55-A09A0F83E9FC,TestPhone2,-56.0,8.0,610402214.575903,19.61848211288452
2020-05-05 16:10:14.578,F395EC26-DDAA-40BE-2E55-A09A0F83E9FC,TestPhone2,-56.0,8.0,610402214.575941,19.6185200214386
2020-05-05 16:10:14.608,F395EC26-DDAA-40BE-2E55-A09A0F83E9FC,TestPhone2,-68.0,8.0,610402214.606991,19.649570107460022
2020-05-05 16:10:14.609,F395EC26-DDAA-40BE-2E55-A09A0F83E9FC,TestPhone2,-68.0,8.0,610402214.607024,19.649603009223938
2020-05-05 16:10:14.642,F395EC26-DDAA-40BE-2E55-A09A0F83E9FC,TestPhone2,-57.0,8.0,610402214.640567,19.683145999908447
2020-05-05 16:10:14.642,F395EC26-DDAA-40BE-2E55-A09A0F83E9FC,TestPhone2,-57.0,8.0,610402214.640624,19.683203101158142
2020-05-05 16:10:14.680,F395EC26-DDAA-40BE-2E55-A09A0F83E9FC,TestPhone2,-65.0,8.0,610402214.679322,19.721901059150696
2020-05-05 16:10:14.681,F395EC26-DDAA-40BE-2E55-A09A0F83E9FC,TestPhone2,-65.0,8.0,610402214.679356,19.721935033798218
2020-05-05 16:10:14.718,F395EC26-DDAA-40BE-2E55-A09A0F83E9FC,TestPhone2,-61.0,8.0,610402214.716608,19.75918710231781
2020-05-05 16:10:14.718,F395EC26-DDAA-40BE-2E55-A09A0F83E9FC,TestPhone2,-62.0,8.0,610402214.716645,19.75922405719757
2020-05-05 16:10:14.834,F395EC26-DDAA-40BE-2E55-A09A0F83E9FC,TestPhone2,-66.0,8.0,610402214.833417,19.875996112823486
2020-05-05 16:10:14.835,F395EC26-DDAA-40BE-2E55-A09A0F83E9FC,TestPhone2,-64.0,8.0,610402214.833453,19.87603211402893
2020-05-05 16:10:14.939,F395EC26-DDAA-40BE-2E55-A09A0F83E9FC,TestPhone2,-62.0,8.0,610402214.937454,19.980033040046692
2020-05-05 16:10:14.939,F395EC26-DDAA-40BE-2E55-A09A0F83E9FC,TestPhone2,-62.0,8.0,610402214.937487,19.980066061019897
2020-05-05 16:10:14.968,F395EC26-DDAA-40BE-2E55-A09A0F83E9FC,TestPhone2,-64.0,8.0,610402214.967189,20.00976800918579
2020-05-05 16:10:14.970,F395EC26-DDAA-40BE-2E55-A09A0F83E9FC,TestPhone2,-64.0,8.0,610402214.968899,20.011478066444397
2020-05-05 16:10:15.010,F395EC26-DDAA-40BE-2E55-A09A0F83E9FC,TestPhone2,-56.0,8.0,610402215.00903,20.05160903930664
2020-05-05 16:10:15.011,F395EC26-DDAA-40BE-2E55-A09A0F83E9FC,TestPhone2,-56.0,8.0,610402215.009065,20.05164408683777
2020-05-05 16:10:15.196,F395EC26-DDAA-40BE-2E55-A09A0F83E9FC,TestPhone2,-62.0,8.0,610402215.194473,20.237052083015442
2020-05-05 16:10:15.196,F395EC26-DDAA-40BE-2E55-A09A0F83E9FC,TestPhone2,-62.0,8.0,610402215.194506,20.237085103988647
2020-05-05 16:10:15.235,F395EC26-DDAA-40BE-2E55-A09A0F83E9FC,TestPhone2,-56.0,8.0,610402215.234337,20.276916027069092
2020-05-05 16:10:15.236,F395EC26-DDAA-40BE-2E55-A09A0F83E9FC,TestPhone2,-55.0,8.0,610402215.234371,20.276950001716614
2020-05-05 16:10:15.271,F395EC26-DDAA-40BE-2E55-A09A0F83E9FC,TestPhone2,-71.0,8.0,610402215.270082,20.312661051750183
2020-05-05 16:10:15.272,F395EC26-DDAA-40BE-2E55-A09A0F83E9FC,TestPhone2,-72.0,8.0,610402215.270116,20.312695026397705
2020-05-05 16:10:15.341,F395EC26-DDAA-40BE-2E55-A09A0F83E9FC,TestPhone2,-61.0,8.0,610402215.339857,20.3824360370636
2020-05-05 16:10:15.342,F395EC26-DDAA-40BE-2E55-A09A0F83E9FC,TestPhone2,-61.0,8.0,610402215.33989,20.382469058036804
2020-05-05 16:10:15.373,F395EC26-DDAA-40BE-2E55-A09A0F83E9FC,TestPhone2,-56.0,8.0,610402215.370812,20.41339111328125
2020-05-05 16:10:15.374,F395EC26-DDAA-40BE-2E55-A09A0F83E9FC,TestPhone2,-56.0,8.0,610402215.372605,20.415184020996094
2020-05-05 16:10:15.411,F395EC26-DDAA-40BE-2E55-A09A0F83E9FC,TestPhone2,-68.0,8.0,610402215.409993,20.452572107315063
2020-05-05 16:10:15.412,F395EC26-DDAA-40BE-2E55-A09A0F83E9FC,TestPhone2,-68.0,8.0,610402215.410028,20.452607035636902
2020-05-05 16:10:15.452,F395EC26-DDAA-40BE-2E55-A09A0F83E9FC,TestPhone2,-61.0,8.0,610402215.450717,20.493296027183533
2020-05-05 16:10:15.453,F395EC26-DDAA-40BE-2E55-A09A0F83E9FC,TestPhone2,-61.0,8.0,610402215.450751,20.493330001831055
2020-05-05 16:10:15.492,F395EC26-DDAA-40BE-2E55-A09A0F83E9FC,TestPhone2,-55.0,8.0,610402215.491488,20.534067034721375
2020-05-05 16:10:15.493,F395EC26-DDAA-40BE-2E55-A09A0F83E9FC,TestPhone2,-55.0,8.0,610402215.491521,20.53410005569458
2020-05-05 16:10:15.526,F395EC26-DDAA-40BE-2E55-A09A0F83E9FC,TestPhone2,-64.0,8.0,610402215.525024,20.56760311126709
2020-05-05 16:10:15.527,F395EC26-DDAA-40BE-2E55-A09A0F83E9FC,TestPhone2,-64.0,8.0,610402215.525058,20.567637085914612
2020-05-05 16:10:15.701,F395EC26-DDAA-40BE-2E55-A09A0F83E9FC,TestPhone2,-61.0,8.0,610402215.699765,20.74234402179718
2020-05-05 16:10:15.735,F395EC26-DDAA-40BE-2E55-A09A0F83E9FC,TestPhone2,-56.0,8.0,610402215.733633,20.776212096214294
2020-05-05 16:10:15.735,F395EC26-DDAA-40BE-2E55-A09A0F83E9FC,TestPhone2,-56.0,8.0,610402215.733666,20.77624499797821
2020-05-05 16:10:15.763,F395EC26-DDAA-40BE-2E55-A09A0F83E9FC,TestPhone2,-63.0,8.0,610402215.7625,20.805079102516174
2020-05-05 16:10:15.764,F395EC26-DDAA-40BE-2E55-A09A0F83E9FC,TestPhone2,-63.0,8.0,610402215.762536,20.80511510372162
2020-05-05 16:10:15.902,F395EC26-DDAA-40BE-2E55-A09A0F83E9FC,TestPhone2,-61.0,8.0,610402215.901249,20.943828105926514
2020-05-05 16:10:15.903,F395EC26-DDAA-40BE-2E55-A09A0F83E9FC,TestPhone2,-62.0,8.0,610402215.901286,20.943865060806274
2020-05-05 16:10:16.007,F395EC26-DDAA-40BE-2E55-A09A0F83E9FC,TestPhone2,-62.0,8.0,610402216.005554,21.04813301563263
2020-05-05 16:10:16.082,F395EC26-DDAA-40BE-2E55-A09A0F83E9FC,TestPhone2,-57.0,8.0,610402216.080611,21.12319004535675
2020-05-05 16:10:16.082,F395EC26-DDAA-40BE-2E55-A09A0F83E9FC,TestPhone2,-56.0,8.0,610402216.08065,21.123229026794434
2020-05-05 16:10:16.376,F395EC26-DDAA-40BE-2E55-A09A0F83E9FC,TestPhone2,-61.0,8.0,610402216.374529,21.417108058929443
2020-05-05 16:10:16.450,F395EC26-DDAA-40BE-2E55-A09A0F83E9FC,TestPhone2,-56.0,8.0,610402216.449665,21.492244005203247
2020-05-05 16:10:16.451,F395EC26-DDAA-40BE-2E55-A09A0F83E9FC,TestPhone2,-57.0,8.0,610402216.449694,21.492273092269897
2020-05-05 16:10:16.604,F395EC26-DDAA-40BE-2E55-A09A0F83E9FC,TestPhone2,-56.0,8.0,610402216.602754,21.64533305168152
2020-05-05 16:10:16.605,F395EC26-DDAA-40BE-2E55-A09A0F83E9FC,TestPhone2,-56.0,8.0,610402216.60441,21.646989107131958
2020-05-05 16:10:16.663,F395EC26-DDAA-40BE-2E55-A09A0F83E9FC,TestPhone2,-57.0,8.0,610402216.66219,21.704769015312195
2020-05-05 16:10:16.664,F395EC26-DDAA-40BE-2E55-A09A0F83E9FC,TestPhone2,-57.0,8.0,610402216.664038,21.70661699771881
2020-05-05 16:10:16.730,F395EC26-DDAA-40BE-2E55-A09A0F83E9FC,TestPhone2,-61.0,8.0,610402216.729479,21.77205801010132
2020-05-05 16:10:16.731,F395EC26-DDAA-40BE-2E55-A09A0F83E9FC,TestPhone2,-61.0,8.0,610402216.729515,21.772094011306763
2020-05-05 16:10:16.796,F395EC26-DDAA-40BE-2E55-A09A0F83E9FC,TestPhone2,-56.0,8.0,610402216.79495,21.837529063224792
2020-05-05 16:10:16.798,F395EC26-DDAA-40BE-2E55-A09A0F83E9FC,TestPhone2,-56.0,8.0,610402216.796885,21.83946406841278
2020-05-05 16:10:16.871,F395EC26-DDAA-40BE-2E55-A09A0F83E9FC,TestPhone2,-58.0,8.0,610402216.870056,21.91263508796692
2020-05-05 16:10:16.872,F395EC26-DDAA-40BE-2E55-A09A0F83E9FC,TestPhone2,-58.0,8.0,610402216.870092,21.912671089172363
2020-05-05 16:10:16.907,F395EC26-DDAA-40BE-2E55-A09A0F83E9FC,TestPhone2,-61.0,8.0,610402216.905964,21.948543071746826
2020-05-05 16:10:16.909,F395EC26-DDAA-40BE-2E55-A09A0F83E9FC,TestPhone2,-61.0,8.0,610402216.907697,21.950276017189026
2020-05-05 16:10:16.980,F395EC26-DDAA-40BE-2E55-A09A0F83E9FC,TestPhone2,-56.0,8.0,610402216.978104,22.02068305015564
2020-05-05 16:10:16.981,F395EC26-DDAA-40BE-2E55-A09A0F83E9FC,TestPhone2,-56.0,8.0,610402216.978118,22.020696997642517
2020-05-05 16:10:17.160,F395EC26-DDAA-40BE-2E55-A09A0F83E9FC,TestPhone2,-56.0,8.0,610402217.159017,22.20159602165222
2020-05-05 16:10:17.161,F395EC26-DDAA-40BE-2E55-A09A0F83E9FC,TestPhone2,-56.0,8.0,610402217.159051,22.201629996299744
2020-05-05 16:10:17.273,F395EC26-DDAA-40BE-2E55-A09A0F83E9FC,TestPhone2,-60.0,8.0,610402217.271997,22.314576029777527
2020-05-05 16:10:17.274,F395EC26-DDAA-40BE-2E55-A09A0F83E9FC,TestPhone2,-60.0,8.0,610402217.272066,22.314645051956177
2020-05-05 16:10:17.442,F395EC26-DDAA-40BE-2E55-A09A0F83E9FC,TestPhone2,-60.0,8.0,610402217.440482,22.48306107521057
2020-05-05 16:10:17.443,F395EC26-DDAA-40BE-2E55-A09A0F83E9FC,TestPhone2,-60.0,8.0,610402217.442104,22.4846830368042
2020-05-05 16:10:17.510,F395EC26-DDAA-40BE-2E55-A09A0F83E9FC,TestPhone2,-56.0,8.0,610402217.508768,22.551347017288208
2020-05-05 16:10:17.511,F395EC26-DDAA-40BE-2E55-A09A0F83E9FC,TestPhone2,-56.0,8.0,610402217.508806,22.551385045051575
2020-05-05 16:10:17.578,F395EC26-DDAA-40BE-2E55-A09A0F83E9FC,TestPhone2,-58.0,8.0,610402217.575971,22.618550062179565
2020-05-05 16:10:17.579,F395EC26-DDAA-40BE-2E55-A09A0F83E9FC,TestPhone2,-58.0,8.0,610402217.577541,22.62012004852295
2020-05-05 16:10:17.752,F395EC26-DDAA-40BE-2E55-A09A0F83E9FC,TestPhone2,-58.0,8.0,610402217.751322,22.793901085853577
2020-05-05 16:10:17.753,F395EC26-DDAA-40BE-2E55-A09A0F83E9FC,TestPhone2,-58.0,8.0,610402217.751355,22.793934106826782
2020-05-05 16:10:17.882,F395EC26-DDAA-40BE-2E55-A09A0F83E9FC,TestPhone2,-56.0,8.0,610402217.881034,22.92361307144165
2020-05-05 16:10:17.883,F395EC26-DDAA-40BE-2E55-A09A0F83E9FC,TestPhone2,-56.0,8.0,610402217.881067,22.923646092414856
2020-05-05 16:10:17.920,F395EC26-DDAA-40BE-2E55-A09A0F83E9FC,TestPhone2,-58.0,8.0,610402217.918553,22.961132049560547
2020-05-05 16:10:17.921,F395EC26-DDAA-40BE-2E55-A09A0F83E9FC,TestPhone2,-58.0,8.0,610402217.920206,22.962785005569458
2020-05-05 16:10:18.067,F395EC26-DDAA-40BE-2E55-A09A0F83E9FC,TestPhone2,-56.0,8.0,610402218.065534,23.108113050460815
2020-05-05 16:10:18.067,F395EC26-DDAA-40BE-2E55-A09A0F83E9FC,TestPhone2,-56.0,8.0,610402218.06557,23.10814905166626
2020-05-05 16:10:18.101,F395EC26-DDAA-40BE-2E55-A09A0F83E9FC,TestPhone2,-59.0,8.0,610402218.099713,23.142292022705078
2020-05-05 16:10:18.102,F395EC26-DDAA-40BE-2E55-A09A0F83E9FC,TestPhone2,-59.0,8.0,610402218.100743,23.143322110176086
2020-05-05 16:10:18.351,F395EC26-DDAA-40BE-2E55-A09A0F83E9FC,TestPhone2,-61.0,8.0,610402218.349554,23.392132997512817
2020-05-05 16:10:18.351,F395EC26-DDAA-40BE-2E55-A09A0F83E9FC,TestPhone2,-61.0,8.0,610402218.349589,23.392168045043945
2020-05-05 16:10:18.426,F395EC26-DDAA-40BE-2E55-A09A0F83E9FC,TestPhone2,-55.0,8.0,610402218.424497,23.467076063156128
2020-05-05 16:10:18.426,F395EC26-DDAA-40BE-2E55-A09A0F83E9FC,TestPhone2,-55.0,8.0,610402218.424532,23.467111110687256
2020-05-05 16:10:18.523,F395EC26-DDAA-40BE-2E55-A09A0F83E9FC,TestPhone2,-59.0,8.0,610402218.521698,23.564277052879333
2020-05-05 16:10:18.524,F395EC26-DDAA-40BE-2E55-A09A0F83E9FC,TestPhone2,-59.0,8.0,610402218.523346,23.565925002098083
2020-05-05 16:10:18.589,F395EC26-DDAA-40BE-2E55-A09A0F83E9FC,TestPhone2,-55.0,8.0,610402218.587097,23.62967610359192
2020-05-05 16:10:18.590,F395EC26-DDAA-40BE-2E55-A09A0F83E9FC,TestPhone2,-55.0,8.0,610402218.588621,23.631200075149536
2020-05-05 16:10:18.660,F395EC26-DDAA-40BE-2E55-A09A0F83E9FC,TestPhone2,-55.0,8.0,610402218.658876,23.701454997062683
2020-05-05 16:10:18.661,F395EC26-DDAA-40BE-2E55-A09A0F83E9FC,TestPhone2,-55.0,8.0,610402218.65891,23.701489090919495
2020-05-05 16:10:18.765,F395EC26-DDAA-40BE-2E55-A09A0F83E9FC,TestPhone2,-55.0,8.0,610402218.764076,23.806655049324036
2020-05-05 16:10:18.766,F395EC26-DDAA-40BE-2E55-A09A0F83E9FC,TestPhone2,-55.0,8.0,610402218.764113,23.806692004203796
2020-05-05 16:10:18.828,F395EC26-DDAA-40BE-2E55-A09A0F83E9FC,TestPhone2,-55.0,8.0,610402218.827261,23.869840025901794
2020-05-05 16:10:18.830,F395EC26-DDAA-40BE-2E55-A09A0F83E9FC,TestPhone2,-55.0,8.0,610402218.829001,23.871580004692078
2020-05-05 16:10:18.905,F395EC26-DDAA-40BE-2E55-A09A0F83E9FC,TestPhone2,-56.0,8.0,610402218.903449,23.946028113365173
2020-05-05 16:10:18.905,F395EC26-DDAA-40BE-2E55-A09A0F83E9FC,TestPhone2,-56.0,8.0,610402218.903505,23.946084022521973
2020-05-05 16:10:18.940,F395EC26-DDAA-40BE-2E55-A09A0F83E9FC,TestPhone2,-55.0,8.0,610402218.938793,23.981371998786926
2020-05-05 16:10:18.941,F395EC26-DDAA-40BE-2E55-A09A0F83E9FC,TestPhone2,-55.0,8.0,610402218.94036,23.98293900489807
2020-05-05 16:10:19.019,F395EC26-DDAA-40BE-2E55-A09A0F83E9FC,TestPhone2,-55.0,8.0,610402219.01756,24.060139060020447
2020-05-05 16:10:19.019,F395EC26-DDAA-40BE-2E55-A09A0F83E9FC,TestPhone2,-55.0,8.0,610402219.017593,24.060172080993652
2020-05-05 16:10:19.133,F395EC26-DDAA-40BE-2E55-A09A0F83E9FC,TestPhone2,-54.0,8.0,610402219.131549,24.17412805557251
2020-05-05 16:10:19.133,F395EC26-DDAA-40BE-2E55-A09A0F83E9FC,TestPhone2,-55.0,8.0,610402219.131583,24.17416203022003
2020-05-05 16:10:19.331,F395EC26-DDAA-40BE-2E55-A09A0F83E9FC,TestPhone2,-55.0,8.0,610402219.330438,24.373017072677612
2020-05-05 16:10:19.332,F395EC26-DDAA-40BE-2E55-A09A0F83E9FC,TestPhone2,-55.0,8.0,610402219.330475,24.373054027557373
2020-05-05 16:10:19.361,F395EC26-DDAA-40BE-2E55-A09A0F83E9FC,TestPhone2,-58.0,8.0,610402219.359701,24.40228009223938
2020-05-05 16:10:19.362,F395EC26-DDAA-40BE-2E55-A09A0F83E9FC,TestPhone2,-59.0,8.0,610402219.359743,24.4023220539093
2020-05-05 16:10:19.391,F395EC26-DDAA-40BE-2E55-A09A0F83E9FC,TestPhone2,-58.0,8.0,610402219.390157,24.432736039161682
2020-05-05 16:10:19.392,F395EC26-DDAA-40BE-2E55-A09A0F83E9FC,TestPhone2,-58.0,8.0,610402219.390191,24.432770013809204
2020-05-05 16:10:19.426,F395EC26-DDAA-40BE-2E55-A09A0F83E9FC,TestPhone2,-56.0,8.0,610402219.424524,24.467103004455566
2020-05-05 16:10:19.426,F395EC26-DDAA-40BE-2E55-A09A0F83E9FC,TestPhone2,-57.0,8.0,610402219.42456,24.46713900566101
2020-05-05 16:10:19.796,F395EC26-DDAA-40BE-2E55-A09A0F83E9FC,TestPhone2,-58.0,8.0,610402219.795516,24.83809506893158
2020-05-05 16:10:19.798,F395EC26-DDAA-40BE-2E55-A09A0F83E9FC,TestPhone2,-58.0,8.0,610402219.79714,24.83971905708313
2020-05-05 16:10:19.975,F395EC26-DDAA-40BE-2E55-A09A0F83E9FC,TestPhone2,-57.0,8.0,610402219.973552,25.016131043434143
2020-05-05 16:10:19.976,F395EC26-DDAA-40BE-2E55-A09A0F83E9FC,TestPhone2,-57.0,8.0,610402219.973591,25.016170024871826
2020-05-05 16:10:20.090,F395EC26-DDAA-40BE-2E55-A09A0F83E9FC,TestPhone2,-69.0,8.0,610402220.088072,25.130650997161865
2020-05-05 16:10:20.090,F395EC26-DDAA-40BE-2E55-A09A0F83E9FC,TestPhone2,-69.0,8.0,610402220.0895,25.132079005241394
2020-05-05 16:10:20.172,F395EC26-DDAA-40BE-2E55-A09A0F83E9FC,TestPhone2,-57.0,8.0,610402220.170879,25.21345806121826
2020-05-05 16:10:20.173,F395EC26-DDAA-40BE-2E55-A09A0F83E9FC,TestPhone2,-57.0,8.0,610402220.170913,25.213492035865784
2020-05-05 16:10:20.209,F395EC26-DDAA-40BE-2E55-A09A0F83E9FC,TestPhone2,-57.0,8.0,610402220.20763,25.250209093093872
2020-05-05 16:10:20.272,F395EC26-DDAA-40BE-2E55-A09A0F83E9FC,TestPhone2,-67.0,8.0,610402220.270586,25.313165068626404
2020-05-05 16:10:20.273,F395EC26-DDAA-40BE-2E55-A09A0F83E9FC,TestPhone2,-68.0,8.0,610402220.272251,25.31483006477356
2020-05-05 16:10:20.413,F395EC26-DDAA-40BE-2E55-A09A0F83E9FC,TestPhone2,-58.0,8.0,610402220.411827,25.454406023025513
2020-05-05 16:10:20.414,F395EC26-DDAA-40BE-2E55-A09A0F83E9FC,TestPhone2,-58.0,8.0,610402220.413328,25.455907106399536
2020-05-05 16:10:20.451,F395EC26-DDAA-40BE-2E55-A09A0F83E9FC,TestPhone2,-66.0,8.0,610402220.449637,25.492216110229492
2020-05-05 16:10:20.452,F395EC26-DDAA-40BE-2E55-A09A0F83E9FC,TestPhone2,-66.0,8.0,610402220.45136,25.49393904209137
2020-05-05 16:10:20.519,F395EC26-DDAA-40BE-2E55-A09A0F83E9FC,TestPhone2,-59.0,8.0,610402220.518307,25.560886025428772
2020-05-05 16:10:20.520,F395EC26-DDAA-40BE-2E55-A09A0F83E9FC,TestPhone2,-59.0,8.0,610402220.518342,25.5609210729599
2020-05-05 16:10:20.590,F395EC26-DDAA-40BE-2E55-A09A0F83E9FC,TestPhone2,-57.0,8.0,610402220.589044,25.631623029708862
2020-05-05 16:10:20.591,F395EC26-DDAA-40BE-2E55-A09A0F83E9FC,TestPhone2,-57.0,8.0,610402220.589081,25.631660103797913
2020-05-05 16:10:20.695,F395EC26-DDAA-40BE-2E55-A09A0F83E9FC,TestPhone2,-57.0,8.0,610402220.693558,25.73613703250885
2020-05-05 16:10:20.696,F395EC26-DDAA-40BE-2E55-A09A0F83E9FC,TestPhone2,-57.0,8.0,610402220.693594,25.736173033714294
2020-05-05 16:10:20.770,F395EC26-DDAA-40BE-2E55-A09A0F83E9FC,TestPhone2,-56.0,8.0,610402220.768688,25.811267018318176
2020-05-05 16:10:20.771,F395EC26-DDAA-40BE-2E55-A09A0F83E9FC,TestPhone2,-56.0,8.0,610402220.768722,25.811301112174988
2020-05-05 16:10:20.948,F395EC26-DDAA-40BE-2E55-A09A0F83E9FC,TestPhone2,-56.0,8.0,610402220.947141,25.989720106124878
2020-05-05 16:10:20.949,F395EC26-DDAA-40BE-2E55-A09A0F83E9FC,TestPhone2,-56.0,8.0,610402220.947175,25.9897540807724
2020-05-05 16:10:21.018,F395EC26-DDAA-40BE-2E55-A09A0F83E9FC,TestPhone2,-59.0,8.0,610402221.017354,26.059933066368103
2020-05-05 16:10:21.019,F395EC26-DDAA-40BE-2E55-A09A0F83E9FC,TestPhone2,-59.0,8.0,610402221.017388,26.059967041015625
2020-05-05 16:10:21.052,F395EC26-DDAA-40BE-2E55-A09A0F83E9FC,TestPhone2,-58.0,8.0,610402221.050594,26.093173027038574
2020-05-05 16:10:21.053,F395EC26-DDAA-40BE-2E55-A09A0F83E9FC,TestPhone2,-58.0,8.0,610402221.051634,26.094213008880615
2020-05-05 16:10:21.189,F395EC26-DDAA-40BE-2E55-A09A0F83E9FC,TestPhone2,-59.0,8.0,610402221.187793,26.230372071266174
2020-05-05 16:10:21.190,F395EC26-DDAA-40BE-2E55-A09A0F83E9FC,TestPhone2,-59.0,8.0,610402221.187837,26.23041605949402
2020-05-05 16:10:21.257,F395EC26-DDAA-40BE-2E55-A09A0F83E9FC,TestPhone2,-59.0,8.0,610402221.255842,26.298421025276184
2020-05-05 16:10:21.258,F395EC26-DDAA-40BE-2E55-A09A0F83E9FC,TestPhone2,-59.0,8.0,610402221.255876,26.298454999923706
2020-05-05 16:10:21.360,F395EC26-DDAA-40BE-2E55-A09A0F83E9FC,TestPhone2,-59.0,8.0,610402221.358904,26.401483058929443
2020-05-05 16:10:21.361,F395EC26-DDAA-40BE-2E55-A09A0F83E9FC,TestPhone2,-59.0,8.0,610402221.35894,26.401519060134888
2020-05-05 16:10:21.433,F395EC26-DDAA-40BE-2E55-A09A0F83E9FC,TestPhone2,-61.0,8.0,610402221.432222,26.474801063537598
2020-05-05 16:10:21.434,F395EC26-DDAA-40BE-2E55-A09A0F83E9FC,TestPhone2,-61.0,8.0,610402221.432262,26.474840998649597
2020-05-05 16:10:21.470,F395EC26-DDAA-40BE-2E55-A09A0F83E9FC,TestPhone2,-56.0,8.0,610402221.468768,26.51134705543518
2020-05-05 16:10:21.472,F395EC26-DDAA-40BE-2E55-A09A0F83E9FC,TestPhone2,-56.0,8.0,610402221.470454,26.513033032417297
2020-05-05 16:10:21.601,F395EC26-DDAA-40BE-2E55-A09A0F83E9FC,TestPhone2,-61.0,8.0,610402221.599873,26.642452001571655
2020-05-05 16:10:21.603,F395EC26-DDAA-40BE-2E55-A09A0F83E9FC,TestPhone2,-61.0,8.0,610402221.602481,26.645060062408447
2020-05-05 16:10:21.730,F395EC26-DDAA-40BE-2E55-A09A0F83E9FC,TestPhone2,-59.0,8.0,610402221.729003,26.771582007408142
2020-05-05 16:10:21.731,F395EC26-DDAA-40BE-2E55-A09A0F83E9FC,TestPhone2,-59.0,8.0,610402221.729035,26.77161407470703
2020-05-05 16:10:21.797,F395EC26-DDAA-40BE-2E55-A09A0F83E9FC,TestPhone2,-62.0,8.0,610402221.79585,26.8384290933609
2020-05-05 16:10:21.798,F395EC26-DDAA-40BE-2E55-A09A0F83E9FC,TestPhone2,-62.0,8.0,610402221.795882,26.8384610414505
2020-05-05 16:10:21.968,F395EC26-DDAA-40BE-2E55-A09A0F83E9FC,TestPhone2,-64.0,8.0,610402221.967244,27.009823083877563
2020-05-05 16:10:21.969,F395EC26-DDAA-40BE-2E55-A09A0F83E9FC,TestPhone2,-63.0,8.0,610402221.967285,27.00986409187317
2020-05-05 16:10:22.035,F395EC26-DDAA-40BE-2E55-A09A0F83E9FC,TestPhone2,-55.0,8.0,610402222.033188,27.075767040252686
2020-05-05 16:10:22.035,F395EC26-DDAA-40BE-2E55-A09A0F83E9FC,TestPhone2,-55.0,8.0,610402222.0332,27.07577908039093
2020-05-05 16:10:22.072,F395EC26-DDAA-40BE-2E55-A09A0F83E9FC,TestPhone2,-61.0,8.0,610402222.071109,27.113688111305237
2020-05-05 16:10:22.073,F395EC26-DDAA-40BE-2E55-A09A0F83E9FC,TestPhone2,-61.0,8.0,610402222.072055,27.114634037017822
2020-05-05 16:10:22.142,F395EC26-DDAA-40BE-2E55-A09A0F83E9FC,TestPhone2,-66.0,8.0,610402222.140072,27.182651042938232
2020-05-05 16:10:22.143,F395EC26-DDAA-40BE-2E55-A09A0F83E9FC,TestPhone2,-66.0,8.0,610402222.141868,27.184447050094604
2020-05-05 16:10:22.219,F395EC26-DDAA-40BE-2E55-A09A0F83E9FC,TestPhone2,-55.0,8.0,610402222.218485,27.261064052581787
2020-05-05 16:10:22.220,F395EC26-DDAA-40BE-2E55-A09A0F83E9FC,TestPhone2,-55.0,8.0,610402222.21852,27.261099100112915
2020-05-05 16:10:22.327,F395EC26-DDAA-40BE-2E55-A09A0F83E9FC,TestPhone2,-66.0,8.0,610402222.326032,27.368611097335815
2020-05-05 16:10:22.328,F395EC26-DDAA-40BE-2E55-A09A0F83E9FC,TestPhone2,-66.0,8.0,610402222.326066,27.368645071983337
2020-05-05 16:10:22.398,F395EC26-DDAA-40BE-2E55-A09A0F83E9FC,TestPhone2,-55.0,8.0,610402222.396689,27.439268112182617
2020-05-05 16:10:22.398,F395EC26-DDAA-40BE-2E55-A09A0F83E9FC,TestPhone2,-55.0,8.0,610402222.396726,27.439305067062378
2020-05-05 16:10:22.500,F395EC26-DDAA-40BE-2E55-A09A0F83E9FC,TestPhone2,-64.0,8.0,610402222.498911,27.541490077972412
2020-05-05 16:10:22.501,F395EC26-DDAA-40BE-2E55-A09A0F83E9FC,TestPhone2,-64.0,8.0,610402222.498944,27.541523098945618
2020-05-05 16:10:22.569,F395EC26-DDAA-40BE-2E55-A09A0F83E9FC,TestPhone2,-55.0,8.0,610402222.567977,27.61055600643158
2020-05-05 16:10:22.637,F395EC26-DDAA-40BE-2E55-A09A0F83E9FC,TestPhone2,-56.0,8.0,610402222.635941,27.67852008342743
2020-05-05 16:10:22.638,F395EC26-DDAA-40BE-2E55-A09A0F83E9FC,TestPhone2,-56.0,8.0,610402222.635975,27.67855405807495
2020-05-05 16:10:22.685,F395EC26-DDAA-40BE-2E55-A09A0F83E9FC,TestPhone2,-59.0,8.0,610402222.66495,27.707529067993164
2020-05-05 16:10:22.686,F395EC26-DDAA-40BE-2E55-A09A0F83E9FC,TestPhone2,-58.0,8.0,610402222.66643,27.709009051322937
2020-05-05 16:10:22.772,F395EC26-DDAA-40BE-2E55-A09A0F83E9FC,TestPhone2,-55.0,8.0,610402222.771389,27.813968062400818
2020-05-05 16:10:22.773,F395EC26-DDAA-40BE-2E55-A09A0F83E9FC,TestPhone2,-55.0,8.0,610402222.77142,27.8139990568161
2020-05-05 16:10:22.807,F395EC26-DDAA-40BE-2E55-A09A0F83E9FC,TestPhone2,-55.0,8.0,610402222.806041,27.848620057106018
2020-05-05 16:10:22.808,F395EC26-DDAA-40BE-2E55-A09A0F83E9FC,TestPhone2,-55.0,8.0,610402222.806076,27.848655104637146
2020-05-05 16:10:22.876,F395EC26-DDAA-40BE-2E55-A09A0F83E9FC,TestPhone2,-52.0,8.0,610402222.874981,27.91756010055542
2020-05-05 16:10:22.877,F395EC26-DDAA-40BE-2E55-A09A0F83E9FC,TestPhone2,-52.0,8.0,610402222.875014,27.917593002319336
2020-05-05 16:10:22.939,F395EC26-DDAA-40BE-2E55-A09A0F83E9FC,TestPhone2,-58.0,8.0,610402222.937731,27.980310082435608
2020-05-05 16:10:22.940,F395EC26-DDAA-40BE-2E55-A09A0F83E9FC,TestPhone2,-59.0,8.0,610402222.937767,27.980346083641052
2020-05-05 16:10:23.014,F395EC26-DDAA-40BE-2E55-A09A0F83E9FC,TestPhone2,-54.0,8.0,610402223.012465,28.055044054985046
2020-05-05 16:10:23.015,F395EC26-DDAA-40BE-2E55-A09A0F83E9FC,TestPhone2,-54.0,8.0,610402223.012498,28.055077075958252
2020-05-05 16:10:23.119,F395EC26-DDAA-40BE-2E55-A09A0F83E9FC,TestPhone2,-59.0,8.0,610402223.117733,28.160312056541443
2020-05-05 16:10:23.120,F395EC26-DDAA-40BE-2E55-A09A0F83E9FC,TestPhone2,-59.0,8.0,610402223.119373,28.161952018737793
2020-05-05 16:10:23.435,F395EC26-DDAA-40BE-2E55-A09A0F83E9FC,TestPhone2,-51.0,8.0,610402223.434318,28.47689700126648
2020-05-05 16:10:23.436,F395EC26-DDAA-40BE-2E55-A09A0F83E9FC,TestPhone2,-51.0,8.0,610402223.434354,28.476933002471924
2020-05-05 16:10:23.494,F395EC26-DDAA-40BE-2E55-A09A0F83E9FC,TestPhone2,-59.0,8.0,610402223.493166,28.53574502468109
2020-05-05 16:10:23.495,F395EC26-DDAA-40BE-2E55-A09A0F83E9FC,TestPhone2,-59.0,8.0,610402223.493204,28.535783052444458
2020-05-05 16:10:23.594,F395EC26-DDAA-40BE-2E55-A09A0F83E9FC,TestPhone2,-52.0,8.0,610402223.592698,28.635277032852173
2020-05-05 16:10:23.595,F395EC26-DDAA-40BE-2E55-A09A0F83E9FC,TestPhone2,-52.0,8.0,610402223.593802,28.636381030082703
2020-05-05 16:10:23.736,F395EC26-DDAA-40BE-2E55-A09A0F83E9FC,TestPhone2,-56.0,8.0,610402223.734833,28.777412056922913
2020-05-05 16:10:23.737,F395EC26-DDAA-40BE-2E55-A09A0F83E9FC,TestPhone2,-56.0,8.0,610402223.734866,28.777445077896118
2020-05-05 16:10:23.773,F395EC26-DDAA-40BE-2E55-A09A0F83E9FC,TestPhone2,-52.0,8.0,610402223.772106,28.814685106277466
2020-05-05 16:10:23.774,F395EC26-DDAA-40BE-2E55-A09A0F83E9FC,TestPhone2,-52.0,8.0,610402223.77214,28.814719080924988
2020-05-05 16:10:23.910,F395EC26-DDAA-40BE-2E55-A09A0F83E9FC,TestPhone2,-55.0,8.0,610402223.908804,28.951383113861084
2020-05-05 16:10:24.010,F395EC26-DDAA-40BE-2E55-A09A0F83E9FC,TestPhone2,-56.0,8.0,610402224.008309,29.050888061523438
2020-05-05 16:10:24.010,F395EC26-DDAA-40BE-2E55-A09A0F83E9FC,TestPhone2,-56.0,8.0,610402224.009458,29.052037000656128
2020-05-05 16:10:24.126,F395EC26-DDAA-40BE-2E55-A09A0F83E9FC,TestPhone2,-53.0,8.0,610402224.125409,29.167988061904907
2020-05-05 16:10:24.190,F395EC26-DDAA-40BE-2E55-A09A0F83E9FC,TestPhone2,-57.0,8.0,610402224.188511,29.23109006881714
2020-05-05 16:10:24.190,F395EC26-DDAA-40BE-2E55-A09A0F83E9FC,TestPhone2,-57.0,8.0,610402224.188553,29.23113203048706
2020-05-05 16:10:24.329,F395EC26-DDAA-40BE-2E55-A09A0F83E9FC,TestPhone2,-50.0,8.0,610402224.328286,29.37086510658264
2020-05-05 16:10:24.330,F395EC26-DDAA-40BE-2E55-A09A0F83E9FC,TestPhone2,-50.0,8.0,610402224.328321,29.37090003490448
2020-05-05 16:10:24.436,F395EC26-DDAA-40BE-2E55-A09A0F83E9FC,TestPhone2,-52.0,8.0,610402224.435175,29.47775399684906
2020-05-05 16:10:24.437,F395EC26-DDAA-40BE-2E55-A09A0F83E9FC,TestPhone2,-52.0,8.0,610402224.435217,29.47779607772827
2020-05-05 16:10:24.512,F395EC26-DDAA-40BE-2E55-A09A0F83E9FC,TestPhone2,-50.0,8.0,610402224.510872,29.55345106124878
2020-05-05 16:10:24.513,F395EC26-DDAA-40BE-2E55-A09A0F83E9FC,TestPhone2,-50.0,8.0,610402224.51091,29.553489089012146
2020-05-05 16:10:24.673,F395EC26-DDAA-40BE-2E55-A09A0F83E9FC,TestPhone2,-51.0,8.0,610402224.672205,29.714784026145935
2020-05-05 16:10:24.674,F395EC26-DDAA-40BE-2E55-A09A0F83E9FC,TestPhone2,-50.0,8.0,610402224.673318,29.71589708328247
2020-05-05 16:10:24.745,F395EC26-DDAA-40BE-2E55-A09A0F83E9FC,TestPhone2,-57.0,8.0,610402224.744064,29.786643028259277
2020-05-05 16:10:24.746,F395EC26-DDAA-40BE-2E55-A09A0F83E9FC,TestPhone2,-57.0,8.0,610402224.744104,29.786683082580566
2020-05-05 16:10:24.816,F395EC26-DDAA-40BE-2E55-A09A0F83E9FC,TestPhone2,-51.0,8.0,610402224.814671,29.857250094413757
2020-05-05 16:10:24.817,F395EC26-DDAA-40BE-2E55-A09A0F83E9FC,TestPhone2,-51.0,8.0,610402224.814706,29.857285022735596
2020-05-05 16:10:24.850,F395EC26-DDAA-40BE-2E55-A09A0F83E9FC,TestPhone2,-50.0,8.0,610402224.848712,29.89129102230072
2020-05-05 16:10:24.850,F395EC26-DDAA-40BE-2E55-A09A0F83E9FC,TestPhone2,-49.0,8.0,610402224.848751,29.891330003738403
2020-05-05 16:10:24.920,F395EC26-DDAA-40BE-2E55-A09A0F83E9FC,TestPhone2,-51.0,8.0,610402224.919054,29.96163308620453
2020-05-05 16:10:24.921,F395EC26-DDAA-40BE-2E55-A09A0F83E9FC,TestPhone2,-51.0,8.0,610402224.919085,29.961664080619812
2020-05-05 16:10:24.982,F395EC26-DDAA-40BE-2E55-A09A0F83E9FC,TestPhone2,-50.0,8.0,610402224.980564,30.02314305305481
2020-05-05 16:10:24.983,F395EC26-DDAA-40BE-2E55-A09A0F83E9FC,TestPhone2,-50.0,8.0,610402224.982209,30.02478802204132
2020-05-05 16:10:25.056,F395EC26-DDAA-40BE-2E55-A09A0F83E9FC,TestPhone2,-49.0,8.0,610402225.055225,30.097804069519043
2020-05-05 16:10:25.057,F395EC26-DDAA-40BE-2E55-A09A0F83E9FC,TestPhone2,-49.0,8.0,610402225.055264,30.097843050956726
2020-05-05 16:10:25.088,F395EC26-DDAA-40BE-2E55-A09A0F83E9FC,TestPhone2,-49.0,8.0,610402225.087002,30.129581093788147
2020-05-05 16:10:25.089,F395EC26-DDAA-40BE-2E55-A09A0F83E9FC,TestPhone2,-49.0,8.0,610402225.088192,30.130771040916443
2020-05-05 16:10:25.206,F395EC26-DDAA-40BE-2E55-A09A0F83E9FC,TestPhone2,-49.0,8.0,610402225.204697,30.247276067733765
2020-05-05 16:10:25.207,F395EC26-DDAA-40BE-2E55-A09A0F83E9FC,TestPhone2,-49.0,8.0,610402225.20585,30.2484290599823
2020-05-05 16:10:25.269,F395EC26-DDAA-40BE-2E55-A09A0F83E9FC,TestPhone2,-49.0,8.0,610402225.268366,30.3109450340271
2020-05-05 16:10:25.271,F395EC26-DDAA-40BE-2E55-A09A0F83E9FC,TestPhone2,-49.0,8.0,610402225.269439,30.312018036842346
2020-05-05 16:10:25.413,F395EC26-DDAA-40BE-2E55-A09A0F83E9FC,TestPhone2,-50.0,8.0,610402225.41175,30.454329013824463
2020-05-05 16:10:25.414,F395EC26-DDAA-40BE-2E55-A09A0F83E9FC,TestPhone2,-50.0,8.0,610402225.411786,30.454365015029907
2020-05-05 16:10:25.451,F395EC26-DDAA-40BE-2E55-A09A0F83E9FC,TestPhone2,-49.0,8.0,610402225.449541,30.492120027542114
2020-05-05 16:10:25.452,F395EC26-DDAA-40BE-2E55-A09A0F83E9FC,TestPhone2,-49.0,8.0,610402225.450624,30.493203043937683
2020-05-05 16:10:25.764,F395EC26-DDAA-40BE-2E55-A09A0F83E9FC,TestPhone2,-50.0,8.0,610402225.762948,30.805527091026306
2020-05-05 16:10:25.765,F395EC26-DDAA-40BE-2E55-A09A0F83E9FC,TestPhone2,-50.0,8.0,610402225.76298,30.805559039115906
2020-05-05 16:10:25.875,F395EC26-DDAA-40BE-2E55-A09A0F83E9FC,TestPhone2,-51.0,8.0,610402225.874348,30.916927099227905
2020-05-05 16:10:25.877,F395EC26-DDAA-40BE-2E55-A09A0F83E9FC,TestPhone2,-51.0,8.0,610402225.876065,30.918644070625305
2020-05-05 16:10:25.945,F395EC26-DDAA-40BE-2E55-A09A0F83E9FC,TestPhone2,-50.0,8.0,610402225.943506,30.986085057258606
2020-05-05 16:10:25.946,F395EC26-DDAA-40BE-2E55-A09A0F83E9FC,TestPhone2,-50.0,8.0,610402225.945296,30.9878751039505
2020-05-05 16:10:26.009,F395EC26-DDAA-40BE-2E55-A09A0F83E9FC,TestPhone2,-50.0,8.0,610402226.007691,31.050270080566406
2020-05-05 16:10:26.010,F395EC26-DDAA-40BE-2E55-A09A0F83E9FC,TestPhone2,-50.0,8.0,610402226.007726,31.050305008888245
2020-05-05 16:10:26.076,F395EC26-DDAA-40BE-2E55-A09A0F83E9FC,TestPhone2,-51.0,8.0,610402226.07463,31.11720907688141
2020-05-05 16:10:26.076,F395EC26-DDAA-40BE-2E55-A09A0F83E9FC,TestPhone2,-51.0,8.0,610402226.074664,31.11724305152893
2020-05-05 16:10:26.115,F395EC26-DDAA-40BE-2E55-A09A0F83E9FC,TestPhone2,-50.0,8.0,610402226.113893,31.156472086906433
2020-05-05 16:10:26.116,F395EC26-DDAA-40BE-2E55-A09A0F83E9FC,TestPhone2,-50.0,8.0,610402226.115523,31.15810203552246
2020-05-05 16:10:26.345,F395EC26-DDAA-40BE-2E55-A09A0F83E9FC,TestPhone2,-50.0,8.0,610402226.343614,31.38619303703308
2020-05-05 16:10:26.346,F395EC26-DDAA-40BE-2E55-A09A0F83E9FC,TestPhone2,-50.0,8.0,610402226.345275,31.38785409927368
2020-05-05 16:10:26.421,F395EC26-DDAA-40BE-2E55-A09A0F83E9FC,TestPhone2,-50.0,8.0,610402226.419872,31.462451100349426
2020-05-05 16:10:26.422,F395EC26-DDAA-40BE-2E55-A09A0F83E9FC,TestPhone2,-50.0,8.0,610402226.419908,31.46248710155487
2020-05-05 16:10:26.554,F395EC26-DDAA-40BE-2E55-A09A0F83E9FC,TestPhone2,-50.0,8.0,610402226.553137,31.59571599960327
2020-05-05 16:10:26.555,F395EC26-DDAA-40BE-2E55-A09A0F83E9FC,TestPhone2,-50.0,8.0,610402226.553174,31.595753073692322
2020-05-05 16:10:26.589,F395EC26-DDAA-40BE-2E55-A09A0F83E9FC,TestPhone2,-50.0,8.0,610402226.588131,31.630710005760193
2020-05-05 16:10:26.591,F395EC26-DDAA-40BE-2E55-A09A0F83E9FC,TestPhone2,-50.0,8.0,610402226.589791,31.632370114326477
2020-05-05 16:10:26.660,F395EC26-DDAA-40BE-2E55-A09A0F83E9FC,TestPhone2,-52.0,8.0,610402226.658543,31.701122045516968
2020-05-05 16:10:26.661,F395EC26-DDAA-40BE-2E55-A09A0F83E9FC,TestPhone2,-52.0,8.0,610402226.659783,31.702362060546875
2020-05-05 16:10:26.724,F395EC26-DDAA-40BE-2E55-A09A0F83E9FC,TestPhone2,-51.0,8.0,610402226.722785,31.765364050865173
2020-05-05 16:10:26.725,F395EC26-DDAA-40BE-2E55-A09A0F83E9FC,TestPhone2,-51.0,8.0,610402226.722818,31.76539707183838
2020-05-05 16:10:26.837,F395EC26-DDAA-40BE-2E55-A09A0F83E9FC,TestPhone2,-51.0,8.0,610402226.8355,31.878079056739807
2020-05-05 16:10:26.837,F395EC26-DDAA-40BE-2E55-A09A0F83E9FC,TestPhone2,-51.0,8.0,610402226.835533,31.878112077713013
2020-05-05 16:10:26.906,F395EC26-DDAA-40BE-2E55-A09A0F83E9FC,TestPhone2,-50.0,8.0,610402226.904114,31.946693062782288
2020-05-05 16:10:26.907,F395EC26-DDAA-40BE-2E55-A09A0F83E9FC,TestPhone2,-51.0,8.0,610402226.904149,31.946728110313416
2020-05-05 16:10:26.973,F395EC26-DDAA-40BE-2E55-A09A0F83E9FC,TestPhone2,-51.0,8.0,610402226.971832,32.014411091804504
2020-05-05 16:10:26.974,F395EC26-DDAA-40BE-2E55-A09A0F83E9FC,TestPhone2,-51.0,8.0,610402226.971856,32.014435052871704
2020-05-05 16:10:27.142,F395EC26-DDAA-40BE-2E55-A09A0F83E9FC,TestPhone2,-52.0,8.0,610402227.14071,32.18328905105591
2020-05-05 16:10:27.143,F395EC26-DDAA-40BE-2E55-A09A0F83E9FC,TestPhone2,-52.0,8.0,610402227.141782,32.18436110019684
2020-05-05 16:10:27.217,F395EC26-DDAA-40BE-2E55-A09A0F83E9FC,TestPhone2,-51.0,8.0,610402227.215615,32.25819408893585
2020-05-05 16:10:27.217,F395EC26-DDAA-40BE-2E55-A09A0F83E9FC,TestPhone2,-51.0,8.0,610402227.215651,32.258230090141296
2020-05-05 16:10:27.277,F395EC26-DDAA-40BE-2E55-A09A0F83E9FC,TestPhone2,-54.0,8.0,610402227.275572,32.318150997161865
2020-05-05 16:10:27.312,F395EC26-DDAA-40BE-2E55-A09A0F83E9FC,TestPhone2,-55.0,8.0,610402227.310761,32.35334002971649
2020-05-05 16:10:27.312,F395EC26-DDAA-40BE-2E55-A09A0F83E9FC,TestPhone2,-55.0,8.0,610402227.310796,32.35337507724762
2020-05-05 16:10:27.380,F395EC26-DDAA-40BE-2E55-A09A0F83E9FC,TestPhone2,-52.0,8.0,610402227.378543,32.4211220741272
2020-05-05 16:10:27.381,F395EC26-DDAA-40BE-2E55-A09A0F83E9FC,TestPhone2,-52.0,8.0,610402227.38021,32.422789096832275
2020-05-05 16:10:27.555,F395EC26-DDAA-40BE-2E55-A09A0F83E9FC,TestPhone2,-52.0,8.0,610402227.55427,32.59684908390045
2020-05-05 16:10:27.556,F395EC26-DDAA-40BE-2E55-A09A0F83E9FC,TestPhone2,-53.0,8.0,610402227.554309,32.596888065338135
